Date,Gold_XAUUSD,USD_Index_DXY,Crude_Oil_WTI_CL.F,Silver_XAGUSD,SP500_.GSPC,Bitcoin_BTC.USD,Interest_Rate,X10Y_Treasury_Yield,Inflation_CPI,Unemployment_Rate,VIX_CBOE
1/2/2008,857.0,76.01000214,99.62000275,15.16699982,1447.160034,,3.94,4.36,212.174,5.0,23.17
1/3/2008,866.4000244,75.91999817,99.18000031,15.38199997,1447.160034,,3.94,4.36,212.174,5.0,22.49
1/4/2008,863.0999756,75.81999969,97.91000366,15.34599972,1411.630005,,3.94,4.36,212.174,5.0,23.94
1/7/2008,859.5999756,76.19999695,95.08999634,15.18000031,1416.180054,,3.94,4.36,212.174,5.0,23.79
1/8/2008,878.0,76.12000275,96.33000183,15.70699978,1390.189941,,3.94,4.36,212.174,5.0,25.43
1/9/2008,879.5,76.45999908,95.66999817,15.73400021,1409.130005,,3.94,4.36,212.174,5.0,24.12
1/10/2008,891.7000122,76.0,93.70999908,16.17300034,1420.329956,,3.94,4.36,212.174,5.0,23.45
1/11/2008,896.0999756,76.04000092,92.69000244,16.27300072,1401.02002,,3.94,4.36,212.174,5.0,23.68
1/14/2008,901.5999756,75.69999695,94.19999695,16.32500076,1416.25,,3.94,4.36,212.174,5.0,22.9
1/15/2008,901.0,75.66000366,91.90000153,16.20499992,1380.949951,,3.94,4.36,212.174,5.0,23.34
1/16/2008,880.5999756,76.36000061,90.83999634,15.80700016,1373.199951,,3.94,4.36,212.174,5.0,24.38
1/17/2008,879.5,76.30000305,90.12999725,15.93000031,1333.25,,3.94,4.36,212.174,5.0,28.46
1/18/2008,880.7999878,76.5,90.56999969,16.13800049,1325.189941,,3.94,4.36,212.174,5.0,27.18
1/22/2008,889.5999756,76.54000092,89.84999847,16.03000069,1310.5,,3.94,4.36,212.174,5.0,31.01
1/23/2008,882.5,76.57499695,86.98999786,15.90200043,1338.599976,,3.94,4.36,212.174,5.0,29.02
1/24/2008,905.5,75.87000275,89.41000366,16.27300072,1352.069946,,3.94,4.36,212.174,5.0,27.78
1/25/2008,910.5,76.11499786,90.70999908,16.4279995,1330.609985,,3.94,4.36,212.174,5.0,29.08
1/28/2008,927.0999756,75.69999695,90.98999786,16.69000053,1353.959961,,3.94,4.36,212.174,5.0,27.78
1/29/2008,925.0999756,75.66500092,91.63999939,16.74500084,1362.300049,,3.94,4.36,212.174,5.0,27.32
1/30/2008,920.5999756,75.13999939,92.33000183,16.71100044,1355.810059,,3.94,4.36,212.174,5.0,27.62
1/31/2008,922.7000122,75.28500366,91.75,16.94799995,1378.550049,,3.94,4.36,212.174,5.0,26.2
2/1/2008,908.7000122,75.56500244,88.95999908,16.8239994,1395.420044,,2.98,3.62,212.687,4.9,24.02
2/4/2008,904.9000244,75.47000122,90.01999664,16.73999977,1380.819946,,2.98,3.62,212.687,4.9,25.99
2/5/2008,885.9000244,76.28500366,88.41000366,16.3029995,1336.640015,,2.98,3.62,212.687,4.9,28.24
2/6/2008,900.7000122,76.30000305,87.13999939,16.50799942,1326.449951,,2.98,3.62,212.687,4.9,28.97
2/7/2008,906.0999756,77.12000275,88.11000061,16.73500061,1336.910034,,2.98,3.62,212.687,4.9,27.66
2/8/2008,918.4000244,76.81999969,91.76999664,17.07500076,1331.290039,,2.98,3.62,212.687,4.9,28.01
2/11/2008,922.9000244,76.73500061,93.58999634,17.43300056,1339.130005,,2.98,3.62,212.687,4.9,27.6
2/12/2008,907.4000244,76.44999695,92.77999878,17.21800041,1348.859985,,2.98,3.62,212.687,4.9,26.33
2/13/2008,906.5,76.52999878,93.26999664,17.32600021,1367.209961,,2.98,3.62,212.687,4.9,24.88
2/14/2008,907.4000244,76.23999786,95.45999908,17.22999954,1348.859985,,2.98,3.62,212.687,4.9,25.54
2/15/2008,902.7999878,76.20999908,95.5,17.09799957,1349.98999,,2.98,3.62,212.687,4.9,25.02
2/19/2008,926.5999756,76.07499695,100.0100021,17.48999977,1348.780029,,2.98,3.62,212.687,4.9,25.59
2/20/2008,934.5999756,76.22000122,100.7399979,17.74500084,1360.030029,,2.98,3.62,212.687,4.9,24.4
2/21/2008,946.0999756,75.65000153,98.23000336,17.94000053,1342.530029,,2.98,3.62,212.687,4.9,25.12
2/22/2008,944.7000122,75.57499695,98.80999756,18.02499962,1353.109985,,2.98,3.62,212.687,4.9,24.06
2/25/2008,937.5999756,75.55000305,99.23000336,18.07999992,1371.800049,,2.98,3.62,212.687,4.9,23.03
2/26/2008,946.0999756,74.79000092,100.8799973,18.71199989,1381.290039,,2.98,3.62,212.687,4.9,21.9
2/27/2008,958.2000122,74.26499939,99.63999939,19.20199966,1380.02002,,2.98,3.62,212.687,4.9,22.69
2/28/2008,964.5,73.77500153,102.5899963,19.62999916,1367.680054,,2.98,3.62,212.687,4.9,23.53
2/29/2008,972.0999756,73.75,101.8399963,19.80800056,1330.630005,,2.98,3.62,212.687,4.9,26.54
3/3/2008,981.5,73.73500061,102.4499969,20.07299995,1331.339966,,2.61,3.62,213.448,5.1,26.28
3/4/2008,963.9000244,73.69499969,99.51999664,19.73800087,1326.75,,2.61,3.62,213.448,5.1,25.52
3/5/2008,986.2000122,73.48999786,104.5199966,20.68499947,1333.699951,,2.61,3.62,213.448,5.1,24.6
3/6/2008,975.0,73.04000092,105.4700012,20.13100052,1304.339966,,2.61,3.62,213.448,5.1,27.55
3/7/2008,972.2000122,73.04499817,105.1500015,20.15800095,1293.369995,,2.61,3.62,213.448,5.1,27.49
3/10/2008,969.9000244,73.01999664,107.9000015,19.69799995,1273.369995,,2.61,3.62,213.448,5.1,29.38
3/11/2008,974.2000122,73.29000092,108.75,19.6760006,1320.650024,,2.61,3.62,213.448,5.1,26.36
3/12/2008,978.7999878,72.43000031,109.9199982,19.9109993,1308.77002,,2.61,3.62,213.448,5.1,27.22
3/13/2008,992.2999878,72.08000183,110.3300018,20.3390007,1315.47998,,2.61,3.62,213.448,5.1,27.29
3/14/2008,998.2000122,71.67500305,110.2099991,20.5739994,1288.140015,,2.61,3.62,213.448,5.1,31.16
3/17/2008,1001.400024,71.30400085,105.6800003,20.22200012,1276.599976,,2.61,3.62,213.448,5.1,32.24
3/18/2008,1003.200012,72.04000092,109.4199982,19.88999939,1330.73999,,2.61,3.62,213.448,5.1,25.79
3/19/2008,944.7000122,72.62000275,104.4800034,18.39500046,1298.420044,,2.61,3.62,213.448,5.1,29.84
3/20/2008,919.5999756,73.23000336,101.8399963,16.80500031,1329.51001,,2.61,3.62,213.448,5.1,26.62
3/24/2008,918.2999878,73.33000183,100.8600006,17.06699944,1349.880005,,2.61,3.62,213.448,5.1,25.73
3/25/2008,934.5999756,72.69000244,101.2200012,17.76199913,1352.98999,,2.61,3.62,213.448,5.1,25.72
3/26/2008,949.0,71.87999725,105.9000015,18.34600067,1341.130005,,2.61,3.62,213.448,5.1,26.08
3/27/2008,948.7999878,72.04000092,107.5800018,18.51300049,1325.76001,,2.61,3.62,213.448,5.1,25.88
3/28/2008,930.5999756,72.10500336,105.6200027,17.89999962,1315.219971,,2.61,3.62,213.448,5.1,25.71
3/31/2008,916.2000122,72.16500092,101.5800018,17.27499962,1322.699951,,2.61,3.62,213.448,5.1,25.61
4/1/2008,882.9000244,72.96499634,100.9800034,16.85499954,1370.180054,,2.28,3.57,213.942,5.0,22.68
4/2/2008,895.2000122,72.66999817,104.8300018,17.14699936,1367.530029,,2.28,3.57,213.942,5.0,23.43
4/3/2008,905.0,72.48500061,103.8300018,17.4470005,1369.310059,,2.28,3.57,213.942,5.0,23.21
4/4/2008,909.0,72.36000061,106.2300034,17.72200012,1370.400024,,2.28,3.57,213.942,5.0,22.45
4/7/2008,922.7000122,72.5,109.0899963,18.08699989,1372.540039,,2.28,3.57,213.942,5.0,22.42
4/8/2008,914.0,72.52999878,108.5,17.67499924,1365.540039,,2.28,3.57,213.942,5.0,22.36
4/9/2008,933.5999756,72.12000275,110.8700027,18.17000008,1354.48999,,2.28,3.57,213.942,5.0,22.81
4/10/2008,928.2999878,72.41999817,110.1100006,18.01300049,1360.550049,,2.28,3.57,213.942,5.0,21.98
4/11/2008,923.5999756,72.06500244,110.1399994,17.66799927,1332.829956,,2.28,3.57,213.942,5.0,23.46
4/14/2008,925.4000244,72.12999725,111.7600021,17.76799965,1328.319946,,2.28,3.57,213.942,5.0,23.82
4/15/2008,928.7000122,72.29000092,113.7900009,17.82999992,1334.430054,,2.28,3.57,213.942,5.0,22.78
4/16/2008,945.0999756,71.64499664,114.9300003,18.30500031,1364.709961,,2.28,3.57,213.942,5.0,20.53
4/17/2008,939.7999878,71.92500305,114.8600006,18.28700066,1365.560059,,2.28,3.57,213.942,5.0,20.37
4/18/2008,912.2000122,72.25499725,116.6900024,17.80200005,1390.329956,,2.28,3.57,213.942,5.0,20.13
4/21/2008,914.7000122,71.87999725,117.4800034,17.34199905,1388.170044,,2.28,3.57,213.942,5.0,20.5
4/22/2008,922.2999878,71.54000092,119.3700027,17.69799995,1375.939941,,2.28,3.57,213.942,5.0,20.87
4/23/2008,906.2000122,72.05000305,118.3000031,17.15500069,1379.930054,,2.28,3.57,213.942,5.0,20.26
4/24/2008,886.7999878,72.77500153,116.0599976,16.65200043,1388.819946,,2.28,3.57,213.942,5.0,20.06
4/25/2008,887.2000122,73.02999878,118.5199966,16.84600067,1397.839966,,2.28,3.57,213.942,5.0,19.59
4/28/2008,892.9000244,72.80000305,118.75,17.01099968,1396.369995,,2.28,3.57,213.942,5.0,19.64
4/29/2008,874.2000122,73.10500336,115.6299973,16.54000092,1390.939941,,2.28,3.57,213.942,5.0,20.24
4/30/2008,862.7999878,72.72000122,113.4599991,16.50200081,1385.589966,,2.28,3.57,213.942,5.0,20.79
5/1/2008,848.9000244,73.48000336,112.5199966,16.12100029,1409.339966,,1.98,3.78,215.208,5.4,18.88
5/2/2008,856.0999756,73.69000244,116.3199997,16.38100052,1413.900024,,1.98,3.78,215.208,5.4,18.18
5/5/2008,872.2999878,73.375,119.9700012,16.74600029,1407.48999,,1.98,3.78,215.208,5.4,18.9
5/6/2008,876.0,73.17500305,121.8399963,16.78000069,1418.26001,,1.98,3.78,215.208,5.4,18.21
5/7/2008,869.5999756,73.69000244,123.5299988,16.61700058,1392.569946,,1.98,3.78,215.208,5.4,19.73
5/8/2008,880.5999756,73.66500092,123.6900024,16.79400063,1397.680054,,1.98,3.78,215.208,5.4,19.4
5/9/2008,884.5,73.22499847,125.9599991,16.84300041,1388.280029,,1.98,3.78,215.208,5.4,19.41
5/12/2008,883.7000122,73.12000275,124.2300034,17.15800095,1403.579956,,1.98,3.78,215.208,5.4,17.79
5/13/2008,868.5,73.43499756,125.8000031,16.76300049,1403.040039,,1.98,3.78,215.208,5.4,17.98
5/14/2008,865.4000244,73.56500244,124.2200012,16.54999924,1408.660034,,1.98,3.78,215.208,5.4,17.66
5/15/2008,879.0,73.48999786,124.1200027,16.62700081,1423.569946,,1.98,3.78,215.208,5.4,16.3
5/16/2008,899.0,72.95999908,126.2900009,16.90399933,1425.349976,,1.98,3.78,215.208,5.4,16.47
5/19/2008,905.0,73.17500305,127.0500031,16.97400093,1426.630005,,1.98,3.78,215.208,5.4,17.01
5/20/2008,919.5,72.51999664,129.0700073,17.67099953,1413.400024,,1.98,3.78,215.208,5.4,17.58
5/21/2008,928.0,72.08000183,133.1699982,17.99799919,1390.709961,,1.98,3.78,215.208,5.4,18.59
5/22/2008,917.9000244,72.40000153,130.8099976,17.97500038,1394.349976,,1.98,3.78,215.208,5.4,18.05
5/23/2008,925.5999756,71.97000122,132.1900024,18.24099922,1375.930054,,1.98,3.78,215.208,5.4,19.55
5/27/2008,907.7000122,72.41999817,128.8500061,17.42499924,1385.349976,,1.98,3.78,215.208,5.4,19.64
5/28/2008,900.5,72.625,131.0299988,17.37999916,1390.839966,,1.98,3.78,215.208,5.4,19.07
5/29/2008,877.2000122,73.10500336,126.6200027,16.47699928,1398.26001,,1.98,3.78,215.208,5.4,18.14
5/30/2008,887.2999878,72.94999695,127.3499985,16.82699966,1400.380005,,1.98,3.78,215.208,5.4,17.83
6/2/2008,892.9000244,72.98999786,127.7600021,16.87400055,1385.670044,,2.0,3.78,217.463,5.6,19.83
6/3/2008,881.5999756,73.30000305,124.3099976,16.79899979,1377.650024,,2.0,3.78,217.463,5.6,20.24
6/4/2008,879.9000244,73.50499725,122.3000031,16.90600014,1377.199951,,2.0,3.78,217.463,5.6,20.8
6/5/2008,871.7999878,73.07499695,127.7900009,17.13699913,1404.050049,,2.0,3.78,217.463,5.6,18.63
6/6/2008,895.4000244,72.43000031,138.5399933,17.39699936,1360.680054,,2.0,3.78,217.463,5.6,23.56
6/9/2008,894.7000122,72.875,134.3500061,17.18000031,1361.76001,,2.0,3.78,217.463,5.6,23.12
6/10/2008,867.9000244,73.73999786,131.3099976,16.60700035,1358.439941,,2.0,3.78,217.463,5.6,23.18
6/11/2008,879.7000122,73.23500061,136.3800049,16.82900047,1335.48999,,2.0,3.78,217.463,5.6,24.12
6/12/2008,869.2000122,73.87999725,136.7400055,16.46299934,1339.869995,,2.0,3.78,217.463,5.6,23.33
6/13/2008,870.2999878,74.16999817,134.8600006,16.54000092,1360.030029,,2.0,3.78,217.463,5.6,21.22
6/16/2008,883.5999756,73.68499756,134.6100006,17.2140007,1360.140015,,2.0,3.78,217.463,5.6,20.95
6/17/2008,884.2999878,73.92500305,134.0099945,17.05900002,1350.930054,,2.0,3.78,217.463,5.6,21.13
6/18/2008,890.9000244,73.83999634,136.6799927,17.32500076,1337.810059,,2.0,3.78,217.463,5.6,22.24
6/19/2008,901.7000122,73.87000275,131.9299927,17.45700073,1342.829956,,2.0,3.78,217.463,5.6,21.58
6/20/2008,901.2999878,73.37999725,134.6199951,17.38699913,1317.930054,,2.0,3.78,217.463,5.6,22.87
6/23/2008,884.7999878,73.81500244,136.7400055,16.78199959,1318.0,,2.0,3.78,217.463,5.6,22.64
6/24/2008,889.2000122,73.59999847,137.0,16.62700081,1314.290039,,2.0,3.78,217.463,5.6,22.42
6/25/2008,880.0,73.29000092,134.5500031,16.49900055,1321.969971,,2.0,3.78,217.463,5.6,21.14
6/26/2008,913.0999756,72.79000092,139.6399994,17.12299919,1283.150024,,2.0,3.78,217.463,5.6,23.93
6/27/2008,929.2999878,72.66999817,140.2100067,17.62000084,1278.380005,,2.0,3.78,217.463,5.6,23.44
6/30/2008,926.2000122,72.80000305,140.0,17.42000008,1280.0,,2.0,3.78,217.463,5.6,23.95
7/1/2008,942.5,72.66999817,140.9700012,18.20000076,1284.910034,,2.01,4.01,219.016,5.8,23.65
7/2/2008,944.7999878,72.33499908,143.5700073,18.33699989,1261.52002,,2.01,4.01,219.016,5.8,25.92
7/3/2008,931.9000244,73.07499695,145.2899933,18.28499985,1262.900024,,2.01,4.01,219.016,5.8,24.79
7/7/2008,927.2999878,72.97000122,141.3699951,17.83799934,1252.310059,,2.01,4.01,219.016,5.8,25.78
7/8/2008,921.9000244,73.31500244,136.0399933,17.87999916,1273.699951,,2.01,4.01,219.016,5.8,23.15
7/9/2008,927.2999878,72.87000275,136.0500031,18.10000038,1244.689941,,2.01,4.01,219.016,5.8,25.23
7/10/2008,940.9000244,72.76499939,141.6499939,18.24500084,1253.390015,,2.01,4.01,219.016,5.8,25.59
7/11/2008,959.5,72.34500122,145.0800018,18.74500084,1239.48999,,2.01,4.01,219.016,5.8,27.49
7/14/2008,972.7000122,72.16999817,145.1799927,19.17499924,1228.300049,,2.01,4.01,219.016,5.8,28.48
7/15/2008,977.7000122,72.16999817,138.7400055,18.94099998,1214.910034,,2.01,4.01,219.016,5.8,28.54
7/16/2008,961.7999878,72.33499908,134.6000061,18.73500061,1245.359985,,2.01,4.01,219.016,5.8,25.1
7/17/2008,970.0,72.49500275,129.2899933,18.66699982,1260.319946,,2.01,4.01,219.016,5.8,25.01
7/18/2008,957.2999878,72.42500305,128.8800049,18.13500023,1260.680054,,2.01,4.01,219.016,5.8,24.05
7/21/2008,963.0999756,72.22000122,131.0399933,18.36199951,1260.0,,2.01,4.01,219.016,5.8,23.05
7/22/2008,948.0,72.67500305,127.9499969,17.94499969,1277.0,,2.01,4.01,219.016,5.8,21.18
7/23/2008,922.4000244,73.04000092,124.4400024,17.39999962,1282.189941,,2.01,4.01,219.016,5.8,21.31
7/24/2008,922.0,73.125,125.4899979,17.24600029,1252.540039,,2.01,4.01,219.016,5.8,23.44
7/25/2008,926.5999756,73.07499695,123.2600021,17.32500076,1257.76001,,2.01,4.01,219.016,5.8,22.91
7/28/2008,927.5999756,72.86000061,124.7300034,17.41699982,1234.369995,,2.01,4.01,219.016,5.8,24.23
7/29/2008,916.4000244,73.50499725,122.1900024,17.32999992,1263.199951,,2.01,4.01,219.016,5.8,22.03
7/30/2008,902.9000244,73.51000214,126.7699966,17.42200089,1284.26001,,2.01,4.01,219.016,5.8,21.21
7/31/2008,913.9000244,73.41999817,124.0800018,17.75,1267.380005,,2.01,4.01,219.016,5.8,22.94
8/1/2008,909.0,73.59999847,125.0999985,17.4810009,1260.310059,,2.0,3.97,218.69,6.1,22.57
8/4/2008,900.0999756,73.62000275,121.4100037,17.10300064,1249.01001,,2.0,3.97,218.69,6.1,23.49
8/5/2008,878.5999756,74.05500031,119.1699982,16.53700066,1284.880005,,2.0,3.97,218.69,6.1,21.14
8/6/2008,875.5999756,74.41000366,118.5800018,16.47200012,1289.189941,,2.0,3.97,218.69,6.1,20.23
8/7/2008,870.7000122,74.72499847,120.0199966,16.22699928,1266.069946,,2.0,3.97,218.69,6.1,21.15
8/8/2008,857.7999878,76.01000214,115.1999969,15.30300045,1296.319946,,2.0,3.97,218.69,6.1,20.66
8/11/2008,821.5,76.31500244,114.4499969,14.59500027,1305.319946,,2.0,3.97,218.69,6.1,20.12
8/12/2008,808.2000122,76.31999969,113.0100021,14.46199989,1289.589966,,2.0,3.97,218.69,6.1,21.17
8/13/2008,825.0,76.38500214,116.0,14.82400036,1285.829956,,2.0,3.97,218.69,6.1,21.55
8/14/2008,808.2000122,76.83499908,115.0100021,14.21399975,1292.930054,,2.0,3.97,218.69,6.1,20.34
8/15/2008,786.0,77.34999847,113.7699966,12.80099964,1298.199951,,2.0,3.97,218.69,6.1,19.58
8/18/2008,799.7000122,77.26999664,112.8700027,13.08699989,1278.599976,,2.0,3.97,218.69,6.1,20.98
8/19/2008,811.0999756,76.98500061,114.5299988,13.09300041,1266.689941,,2.0,3.97,218.69,6.1,21.28
8/20/2008,810.2999878,77.09500122,114.9800034,13.02900028,1274.540039,,2.0,3.97,218.69,6.1,20.42
8/21/2008,833.0,76.33000183,121.1800003,13.71899986,1277.719971,,2.0,3.97,218.69,6.1,19.82
8/22/2008,827.4000244,76.89499664,114.5899963,13.47000027,1292.199951,,2.0,3.97,218.69,6.1,18.81
8/25/2008,819.7999878,76.90499878,115.1100006,13.36499977,1266.839966,,2.0,3.97,218.69,6.1,20.97
8/26/2008,822.2000122,77.34500122,116.2699966,13.57199955,1271.51001,,2.0,3.97,218.69,6.1,20.49
8/27/2008,828.0999756,77.19499969,118.1500015,13.46800041,1281.660034,,2.0,3.97,218.69,6.1,19.76
8/28/2008,830.9000244,77.25499725,115.5899963,13.60400009,1300.680054,,2.0,3.97,218.69,6.1,19.43
8/29/2008,829.2999878,77.5,115.4599991,13.60700035,1282.829956,,2.0,3.97,218.69,6.1,20.65
9/2/2008,805.0,78.13999939,109.7099991,13.05000019,1277.579956,,1.81,3.97,218.877,6.1,21.99
9/3/2008,802.7000122,78.16500092,109.3499985,12.85999966,1274.97998,,1.81,3.97,218.877,6.1,21.43
9/4/2008,797.9000244,78.68499756,107.8899994,12.85599995,1236.829956,,1.81,3.97,218.877,6.1,24.03
9/5/2008,797.5999756,79.0,106.2300034,12.24499989,1242.310059,,1.81,3.97,218.877,6.1,23.06
9/8/2008,797.5,79.65499878,106.3399963,11.98999977,1267.790039,,1.81,3.97,218.877,6.1,22.64
9/9/2008,787.0999756,79.29000092,103.2600021,11.64000034,1224.51001,,1.81,3.97,218.877,6.1,25.47
9/10/2008,757.9000244,79.875,102.5800018,10.81700039,1232.040039,,1.81,3.97,218.877,6.1,24.52
9/11/2008,741.2999878,80.15000153,100.8700027,10.48999977,1249.050049,,1.81,3.97,218.877,6.1,24.39
9/12/2008,760.2999878,78.97499847,101.1800003,10.73499966,1251.699951,,1.81,3.97,218.877,6.1,25.66
9/15/2008,783.0999756,78.79000092,95.70999908,11.07499981,1192.699951,,1.81,3.97,218.877,6.1,31.7
9/16/2008,776.5,79.52999878,91.15000153,10.46199989,1213.599976,,1.81,3.97,218.877,6.1,30.3
9/17/2008,846.5999756,78.08999634,97.16000366,11.61999989,1156.390015,,1.81,3.97,218.877,6.1,36.22
9/18/2008,892.7000122,78.06500244,97.87999725,12.64799976,1206.51001,,1.81,3.97,218.877,6.1,33.1
9/19/2008,860.5999756,77.94000244,104.5500031,12.42500019,1255.079956,,1.81,3.97,218.877,6.1,32.07
9/22/2008,903.9000244,76.375,120.9199982,13.39999962,1207.089966,,1.81,3.97,218.877,6.1,33.85
9/23/2008,885.5,76.65000153,106.6100006,13.11999989,1188.219971,,1.81,3.97,218.877,6.1,35.72
9/24/2008,889.0,76.87999725,105.7300034,13.38399982,1185.869995,,1.81,3.97,218.877,6.1,35.19
9/25/2008,877.7000122,77.11000061,108.0199966,13.22200012,1209.180054,,1.81,3.97,218.877,6.1,32.82
9/26/2008,882.9000244,77.04499817,106.8899994,13.45800018,1213.27002,,1.81,3.97,218.877,6.1,34.74
9/29/2008,888.2000122,77.52999878,96.37000275,12.98099995,1106.420044,,1.81,3.97,218.877,6.1,46.72
9/30/2008,874.2000122,79.36000061,100.6399994,12.23099995,1166.359985,,1.81,3.97,218.877,6.1,39.39
10/1/2008,880.7000122,79.53500366,98.52999878,12.72000027,1161.060059,,0.97,3.77,216.995,6.5,39.81
10/2/2008,839.0,80.63999939,93.97000122,11.06499958,1114.280029,,0.97,3.77,216.995,6.5,45.26
10/3/2008,828.9000244,80.58000183,93.87999725,11.27000046,1099.22998,,0.97,3.77,216.995,6.5,45.14
10/6/2008,862.7000122,81.94999695,87.80999756,11.22999954,1056.890015,,0.97,3.77,216.995,6.5,52.05
10/7/2008,878.4000244,81.22000122,90.05999756,11.32499981,996.2299805,,0.97,3.77,216.995,6.5,53.68
10/8/2008,903.0999756,81.04499817,88.94999695,11.71700001,984.9400024,,0.97,3.77,216.995,6.5,57.53
10/9/2008,883.0999756,81.36499786,86.58999634,11.81999969,909.9199829,,0.97,3.77,216.995,6.5,63.92
10/10/2008,855.4000244,83.30999756,77.69999695,10.54500008,899.2199707,,0.97,3.77,216.995,6.5,69.95
10/13/2008,838.9000244,82.21499634,81.19000244,10.73700047,1003.349976,,0.97,3.77,216.995,6.5,54.99
10/14/2008,836.2999878,81.63999939,78.62999725,11.01799965,998.0100098,,0.97,3.77,216.995,6.5,55.13
10/15/2008,835.5,82.34500122,74.54000092,10.1420002,907.8400269,,0.97,3.77,216.995,6.5,69.25
10/16/2008,801.5,82.77999878,69.84999847,9.607000351,946.4299927,,0.97,3.77,216.995,6.5,67.61
10/17/2008,785.0999756,82.83499908,71.84999847,9.31000042,940.5499878,,0.97,3.77,216.995,6.5,70.33
10/20/2008,787.5999756,83.47499847,74.25,9.664999962,985.4000244,,0.97,3.77,216.995,6.5,52.97
10/21/2008,766.0999756,84.41500092,70.88999939,10.05000019,955.0499878,,0.97,3.77,216.995,6.5,53.11
10/22/2008,733.2999878,85.79000092,66.75,9.451999664,896.7800293,,0.97,3.77,216.995,6.5,69.65
10/23/2008,713.2999878,85.79000092,67.83999634,9.5,908.1099854,,0.97,3.77,216.995,6.5,67.8
10/24/2008,729.0999756,86.94999695,64.15000153,9.295000076,876.7700195,,0.97,3.77,216.995,6.5,79.13
10/27/2008,741.7000122,87.61000061,63.22000122,9.194999695,848.9199829,,0.97,3.77,216.995,6.5,80.06
10/28/2008,739.2999878,87.59999847,62.72999954,8.789999962,940.5100098,,0.97,3.77,216.995,6.5,66.96
10/29/2008,752.7999878,85.63500214,67.5,9.805000305,930.0900269,,0.97,3.77,216.995,6.5,69.96
10/30/2008,737.2000122,85.25499725,65.95999908,9.784999847,954.0900269,,0.97,3.77,216.995,6.5,62.9
10/31/2008,716.7999878,86.34500122,67.80999756,9.729999542,968.75,,0.97,3.77,216.995,6.5,59.89
11/3/2008,725.4000244,86.98500061,63.90999985,9.75,966.2999878,,0.39,3.77,213.153,6.8,53.68
11/4/2008,756.0,85.37000275,70.52999878,10.13000011,1005.75,,0.39,3.77,213.153,6.8,47.73
11/5/2008,741.2999878,85.12999725,65.30000305,10.45499992,952.7700195,,0.39,3.77,213.153,6.8,54.56
11/6/2008,731.2000122,86.45999908,60.77000046,10.05500031,904.8800049,,0.39,3.77,213.153,6.8,63.68
11/7/2008,733.2000122,86.44999695,61.04000092,9.963000298,930.9899902,,0.39,3.77,213.153,6.8,56.1
11/10/2008,745.5999756,86.38999939,62.40999985,10.22000027,919.210022,,0.39,3.77,213.153,6.8,59.98
11/11/2008,732.0,87.69000244,59.33000183,9.805000305,898.9500122,,0.39,3.77,213.153,6.8,61.44
11/12/2008,717.7000122,88.05000305,56.15999985,9.479999542,852.2999878,,0.39,3.77,213.153,6.8,66.46
11/13/2008,704.9000244,87.40499878,58.24000168,8.800000191,911.289978,,0.39,3.77,213.153,6.8,59.83
11/14/2008,742.4000244,86.78500366,57.04000092,9.489999771,873.289978,,0.39,3.77,213.153,6.8,66.31
11/17/2008,741.9000244,87.13999939,54.95000076,9.329999924,850.75,,0.39,3.77,213.153,6.8,69.15
11/18/2008,732.5999756,87.75,54.38999939,9.550000191,859.1199951,,0.39,3.77,213.153,6.8,67.64
11/19/2008,735.9000244,87.56500244,53.61999893,9.31000042,806.5800171,,0.39,3.77,213.153,6.8,74.26
11/20/2008,748.5999756,88.29499817,49.61999893,9.024999619,752.4400024,,0.39,3.77,213.153,6.8,80.86
11/21/2008,791.7000122,88.41500092,49.93000031,9.479999542,800.0300293,,0.39,3.77,213.153,6.8,72.67
11/24/2008,819.4000244,86.27999878,54.5,10.35499954,851.8099976,,0.39,3.77,213.153,6.8,64.7
11/25/2008,818.4000244,85.05999756,50.77000046,10.27000046,857.3900146,,0.39,3.77,213.153,6.8,60.9
11/26/2008,808.5,85.73500061,54.43999863,10.22000027,887.6799927,,0.39,3.77,213.153,6.8,54.92
11/28/2008,816.2000122,86.70500183,54.43000031,10.18500042,896.2399902,,0.39,3.77,213.153,6.8,55.84
12/1/2008,774.5999756,86.90000153,49.27999878,9.350000381,816.210022,,0.16,2.72,211.398,7.3,68.51
12/2/2008,781.2999878,86.81999969,46.95999908,9.590000153,848.8099976,,0.16,2.72,211.398,7.3,62.98
12/3/2008,768.7999878,87.16500092,46.79000092,9.56400013,870.7399902,,0.16,2.72,211.398,7.3,60.72
12/4/2008,763.7999878,86.54499817,43.66999817,9.491000175,845.2199707,,0.16,2.72,211.398,7.3,63.64
12/5/2008,750.5,87.19000244,40.81000137,9.401000023,876.0700073,,0.16,2.72,211.398,7.3,59.93
12/8/2008,767.4000244,85.59999847,43.70999908,9.93999958,909.7000122,,0.16,2.72,211.398,7.3,58.49
12/9/2008,772.4000244,85.875,42.06999969,9.81499958,888.6699829,,0.16,2.72,211.398,7.3,58.91
12/10/2008,807.0999756,85.55000305,43.52000046,10.16499996,899.2399902,,0.16,2.72,211.398,7.3,55.73
12/11/2008,824.9000244,83.88999939,47.97999954,10.39000034,873.5900269,,0.16,2.72,211.398,7.3,55.78
12/12/2008,818.9000244,83.62999725,46.27999878,10.19900036,879.7299805,,0.16,2.72,211.398,7.3,54.28
12/15/2008,835.4000244,82.26300049,44.50999832,10.58899975,868.5700073,,0.16,2.72,211.398,7.3,56.76
12/16/2008,841.7000122,81.59500122,43.59999847,10.67399979,913.1799927,,0.16,2.72,211.398,7.3,52.37
12/17/2008,867.5,80.07499695,40.06000137,11.38899994,904.4199829,,0.16,2.72,211.398,7.3,49.84
12/18/2008,859.5999756,80.61499786,36.22000122,11.08899975,885.2800293,,0.16,2.72,211.398,7.3,47.34
12/19/2008,836.4000244,82.43499756,33.86999893,10.81900024,887.8800049,,0.16,2.72,211.398,7.3,44.93
12/22/2008,846.2000122,82.08000183,39.90999985,10.82900047,871.6300049,,0.16,2.72,211.398,7.3,44.56
12/23/2008,837.2000122,82.18499756,38.97999954,10.2329998,863.1599731,,0.16,2.72,211.398,7.3,45.02
12/24/2008,847.0999756,81.97499847,35.34999847,10.32299995,868.1500244,,0.16,2.72,211.398,7.3,44.21
12/26/2008,870.4000244,81.69000244,37.70999908,10.50300026,872.7999878,,0.16,2.72,211.398,7.3,43.38
12/29/2008,874.5999756,81.52500153,40.02000046,10.78299999,869.4199829,,0.16,2.72,211.398,7.3,43.9
12/30/2008,869.2999878,81.77999878,39.02999878,10.95499992,890.6400146,,0.16,2.72,211.398,7.3,41.63
12/31/2008,883.5999756,82.15000153,44.59999847,11.27000046,903.25,,0.16,2.72,211.398,7.3,40.0
1/2/2009,878.7999878,82.80500031,46.34000015,11.46500015,931.7999878,,0.15,2.72,211.933,7.8,39.19
1/5/2009,857.2000122,83.57499695,48.81000137,11.24499989,927.4500122,,0.15,2.72,211.933,7.8,39.08
1/6/2009,865.4000244,83.72000122,48.58000183,11.42000008,934.7000122,,0.15,2.72,211.933,7.8,38.56
1/7/2009,841.0999756,83.11499786,42.63000107,11.07999992,906.6500244,,0.15,2.72,211.933,7.8,43.39
1/8/2009,853.9000244,82.33499908,41.70000076,11.07199955,909.7299805,,0.15,2.72,211.933,7.8,42.56
1/9/2009,854.2999878,83.45500183,40.83000183,11.29500008,890.3499756,,0.15,2.72,211.933,7.8,42.82
1/12/2009,820.2999878,83.74500275,37.59000015,10.72500038,870.2600098,,0.15,2.72,211.933,7.8,45.84
1/13/2009,820.0999756,84.99500275,37.77999878,10.65499973,871.789978,,0.15,2.72,211.933,7.8,43.27
1/14/2009,808.2000122,85.16999817,37.27999878,10.45199966,842.6199951,,0.15,2.72,211.933,7.8,49.14
1/15/2009,806.7000122,85.15499878,35.40000153,10.42000008,843.7399902,,0.15,2.72,211.933,7.8,51.0
1/16/2009,839.2999878,84.83499908,36.50999832,11.19499969,850.1199951,,0.15,2.72,211.933,7.8,46.11
1/20/2009,854.5999756,86.86499786,38.74000168,11.15799999,805.2199707,,0.15,2.72,211.933,7.8,56.65
1/21/2009,849.5999756,86.51499939,43.54999924,11.31499958,840.2399902,,0.15,2.72,211.933,7.8,46.42
1/22/2009,858.2000122,86.12999725,43.66999817,11.35700035,827.5,,0.15,2.72,211.933,7.8,47.29
1/23/2009,895.2999878,86.19000244,46.47000122,11.93200016,831.9500122,,0.15,2.72,211.933,7.8,47.27
1/26/2009,908.5,85.20500183,45.72999954,12.10200024,836.5700073,,0.15,2.72,211.933,7.8,45.69
1/27/2009,899.2000122,84.93000031,41.58000183,12.16699982,845.710022,,0.15,2.72,211.933,7.8,42.25
1/28/2009,888.0999756,85.20999908,42.15999985,11.9630003,874.0900269,,0.15,2.72,211.933,7.8,39.66
1/29/2009,905.0999756,85.75499725,41.43999863,12.14000034,845.1400146,,0.15,2.72,211.933,7.8,42.63
1/30/2009,927.2999878,86.45999908,41.68000031,12.56000042,825.8800049,,0.15,2.72,211.933,7.8,44.84
2/2/2009,906.7000122,86.48000336,40.08000183,12.40999985,825.4400024,,0.22,2.72,212.705,8.3,45.52
2/3/2009,892.0,85.43000031,40.77999878,12.29500008,838.5100098,,0.22,2.72,212.705,8.3,43.06
2/4/2009,901.5999756,86.07499695,40.31999969,12.46500015,832.2299805,,0.22,2.72,212.705,8.3,43.85
2/5/2009,913.5999756,86.36000061,41.16999817,12.74499989,845.8499756,,0.22,2.72,212.705,8.3,43.73
2/6/2009,913.9000244,85.64499664,40.16999817,13.15499973,868.5999756,,0.22,2.72,212.705,8.3,43.37
2/9/2009,892.4000244,85.05000305,39.56000137,12.82499981,869.8900146,,0.22,2.72,212.705,8.3,43.64
2/10/2009,913.7000122,86.13500214,37.54999924,13.125,827.1599731,,0.22,2.72,212.705,8.3,46.67
2/11/2009,943.7999878,86.125,35.93999863,13.51500034,833.7399902,,0.22,2.72,212.705,8.3,44.53
2/12/2009,948.5,86.90499878,33.97999954,13.50500011,835.1900024,,0.22,2.72,212.705,8.3,41.25
2/13/2009,941.5,86.32499695,37.50999832,13.61999989,826.8400269,,0.22,2.72,212.705,8.3,42.93
2/17/2009,967.0,87.91999817,34.93000031,14.00800037,789.1699829,,0.22,2.72,212.705,8.3,48.66
2/18/2009,977.7000122,88.33000183,34.61999893,14.28800011,788.4199829,,0.22,2.72,212.705,8.3,48.46
2/19/2009,976.0999756,87.75,39.47999954,13.93299961,778.9400024,,0.22,2.72,212.705,8.3,47.08
2/20/2009,1001.799988,86.69999695,38.93999863,14.48799992,770.0499878,,0.22,2.72,212.705,8.3,49.3
2/23/2009,994.5999756,87.43000031,38.43999863,14.44799995,743.3300171,,0.22,2.72,212.705,8.3,52.62
2/24/2009,969.0999756,87.05000305,39.95999908,13.99300003,773.1400146,,0.22,2.72,212.705,8.3,45.49
2/25/2009,965.7000122,88.12000275,42.5,13.87300014,764.9000244,,0.22,2.72,212.705,8.3,44.67
2/26/2009,941.7999878,87.875,45.22000122,12.94999981,752.8300171,,0.22,2.72,212.705,8.3,44.66
2/27/2009,941.5,88.15000153,44.75999832,13.08500004,735.0900269,,0.22,2.72,212.705,8.3,46.35
3/2/2009,939.0,89.06999969,40.15000153,13.05000019,700.8200073,,0.18,2.72,212.495,8.7,52.65
3/3/2009,912.9000244,89.01999664,41.65000153,12.69499969,696.3300171,,0.18,2.72,212.495,8.7,50.93
3/4/2009,906.0,88.69999695,45.38000107,12.89999962,712.8699951,,0.18,2.72,212.495,8.7,47.56
3/5/2009,927.0,89.19999695,43.61000061,13.10499954,682.5499878,,0.18,2.72,212.495,8.7,50.17
3/6/2009,942.0999756,88.55000305,45.52000046,13.32299995,683.3800049,,0.18,2.72,212.495,8.7,49.33
3/9/2009,917.7000122,89.0,47.06999969,12.94999981,676.5300293,,0.18,2.72,212.495,8.7,49.68
3/10/2009,895.5999756,88.94000244,45.70999908,12.56000042,719.5999756,,0.18,2.72,212.495,8.7,44.37
3/11/2009,910.4000244,87.88500214,42.33000183,12.81499958,721.3599854,,0.18,2.72,212.495,8.7,43.61
3/12/2009,923.7000122,87.66500092,47.02999878,12.95800018,750.7399902,,0.18,2.72,212.495,8.7,41.18
3/13/2009,929.7999878,87.45500183,46.25,13.22999954,756.5499878,,0.18,2.72,212.495,8.7,42.36
3/16/2009,921.5999756,86.88999939,47.34999847,12.90499973,753.8900146,,0.18,2.72,212.495,8.7,43.74
3/17/2009,916.4000244,87.34500122,49.15999985,12.68500042,778.1199951,,0.18,2.72,212.495,8.7,40.8
3/18/2009,888.7000122,84.98000336,48.13999939,11.94999981,794.3499756,,0.18,2.72,212.495,8.7,40.06
3/19/2009,958.2999878,83.63999939,51.61000061,13.5,784.039978,,0.18,2.72,212.495,8.7,43.68
3/20/2009,955.7999878,84.33999634,51.06000137,13.82699966,768.539978,,0.18,2.72,212.495,8.7,45.89
3/23/2009,952.0999756,83.94999695,53.79999924,13.86200047,822.9199829,,0.18,2.72,212.495,8.7,43.23
3/24/2009,923.2999878,84.33000183,53.97999954,13.34399986,806.1199951,,0.18,2.72,212.495,8.7,42.93
3/25/2009,935.4000244,84.29499817,52.77000046,13.42399979,813.8800049,,0.18,2.72,212.495,8.7,42.25
3/26/2009,939.5999756,84.61000061,54.34000015,13.60700035,832.8599854,,0.18,2.72,212.495,8.7,40.36
3/27/2009,923.0,85.58000183,52.38000107,13.2510004,815.9400024,,0.18,2.72,212.495,8.7,41.04
3/30/2009,915.5,86.30000305,48.40999985,13.02299976,787.5300293,,0.18,2.72,212.495,8.7,45.54
3/31/2009,922.5999756,85.89499664,49.65999985,12.97500038,797.8699951,,0.18,2.72,212.495,8.7,44.14
4/1/2009,926.0999756,85.95999908,48.38999939,12.96500015,811.0800171,,0.15,2.68,212.709,9.0,42.28
4/2/2009,907.4000244,84.88999939,52.63999939,13.01500034,834.3800049,,0.15,2.68,212.709,9.0,42.04
4/3/2009,895.5999756,84.55500031,52.50999832,12.72500038,842.5,,0.15,2.68,212.709,9.0,39.7
4/6/2009,871.5,85.07499695,51.04999924,12.10499954,835.4799805,,0.15,2.68,212.709,9.0,40.93
4/7/2009,882.2000122,85.66500092,49.15000153,12.20499992,815.5499878,,0.15,2.68,212.709,9.0,40.39
4/8/2009,884.7999878,85.70999908,49.38000107,12.33500004,825.1599731,,0.15,2.68,212.709,9.0,38.85
4/9/2009,882.2000122,86.07499695,52.24000168,12.32499981,856.5599976,,0.15,2.68,212.709,9.0,36.53
4/13/2009,894.7000122,84.93000031,50.04999924,12.76299953,858.7299805,,0.15,2.68,212.709,9.0,37.81
4/14/2009,890.9000244,84.92500305,49.40999985,12.76000023,841.5,,0.15,2.68,212.709,9.0,37.67
4/15/2009,892.7999878,85.36000061,49.25,12.79500008,852.0599976,,0.15,2.68,212.709,9.0,36.17
4/16/2009,879.2999878,85.5,49.97999954,12.25,865.2999878,,0.15,2.68,212.709,9.0,35.79
4/17/2009,867.4000244,86.29499817,50.33000183,11.78499985,869.5999756,,0.15,2.68,212.709,9.0,33.94
4/20/2009,887.0,86.98000336,45.88000107,12.10000038,832.3900146,,0.15,2.68,212.709,9.0,39.18
4/21/2009,882.0999756,86.88999939,46.50999832,12.05500031,850.0800171,,0.15,2.68,212.709,9.0,37.14
4/22/2009,891.7999878,86.48500061,48.84999847,12.30000019,843.5499878,,0.15,2.68,212.709,9.0,38.1
4/23/2009,905.9000244,85.75499725,49.61999893,12.75,851.9199829,,0.15,2.68,212.709,9.0,37.15
4/24/2009,913.5999756,84.91999817,51.54999924,12.91499996,866.2299805,,0.15,2.68,212.709,9.0,36.82
4/27/2009,907.4000244,85.91999817,50.13999939,12.94999981,857.5100098,,0.15,2.68,212.709,9.0,38.32
4/28/2009,892.7999878,85.32499695,49.91999817,12.39500046,855.1599731,,0.15,2.68,212.709,9.0,37.95
4/29/2009,899.7999878,84.65499878,50.97000122,12.75399971,873.6400146,,0.15,2.68,212.709,9.0,36.08
4/30/2009,890.7000122,84.77500153,51.11999893,12.30500031,872.8099976,,0.15,2.68,212.709,9.0,36.5
5/1/2009,887.5999756,84.70500183,53.20000076,12.47999954,877.5200195,,0.18,3.21,213.022,9.4,35.3
5/4/2009,901.5999756,84.11499786,54.47000122,13.09300041,907.2399902,,0.18,3.21,213.022,9.4,34.53
5/5/2009,903.7000122,84.29499817,53.84000015,13.40200043,903.7999878,,0.18,3.21,213.022,9.4,33.36
5/6/2009,910.5,83.94000244,56.34000015,13.69200039,919.5300293,,0.18,3.21,213.022,9.4,32.45
5/7/2009,915.0,84.10500336,56.70999908,14.01200008,907.3900146,,0.18,3.21,213.022,9.4,33.44
5/8/2009,914.4000244,82.63999939,58.63000107,13.93500042,929.2299805,,0.18,3.21,213.022,9.4,32.05
5/11/2009,913.0,82.79499817,58.5,13.89000034,909.2399902,,0.18,3.21,213.022,9.4,32.87
5/12/2009,923.5,82.41999817,58.84999847,14.19499969,908.3499756,,0.18,3.21,213.022,9.4,31.8
5/13/2009,925.5,82.625,58.02000046,14.0,883.9199829,,0.18,3.21,213.022,9.4,33.65
5/14/2009,928.0,82.37000275,58.61999893,14.02000046,893.0700073,,0.18,3.21,213.022,9.4,31.37
5/15/2009,930.9000244,83.15000153,56.34000015,13.98999977,882.8800049,,0.18,3.21,213.022,9.4,33.12
5/18/2009,921.2999878,82.75499725,59.02999878,13.81000042,909.710022,,0.18,3.21,213.022,9.4,30.24
5/19/2009,926.2999878,82.05500031,59.65000153,14.10999966,908.1300049,,0.18,3.21,213.022,9.4,28.8
5/20/2009,937.0,81.08000183,62.04000092,14.27000046,903.4699707,,0.18,3.21,213.022,9.4,29.03
5/21/2009,950.7999878,80.63999939,61.04999924,14.43500042,888.3300171,,0.18,3.21,213.022,9.4,31.35
5/22/2009,958.5,80.05500031,61.66999817,14.68299961,887.0,,0.18,3.21,213.022,9.4,32.63
5/26/2009,953.0999756,80.20500183,62.45000076,14.5880003,910.3300171,,0.18,3.21,213.022,9.4,30.62
5/27/2009,953.2000122,80.41500092,63.45000076,14.85299969,893.0599976,,0.18,3.21,213.022,9.4,32.36
5/28/2009,961.5,80.5,65.08000183,15.14999962,906.8300171,,0.18,3.21,213.022,9.4,31.67
5/29/2009,978.7999878,79.43000031,66.30999756,15.60000038,919.1400146,,0.18,3.21,213.022,9.4,28.92
6/1/2009,978.5999756,79.16000366,68.58000183,15.72500038,942.8699951,,0.21,3.71,214.79,9.5,30.04
6/2/2009,983.2000122,78.47000122,68.55000305,15.94499969,944.7399902,,0.21,3.71,214.79,9.5,29.63
6/3/2009,964.5,79.53500366,66.12000275,15.30000019,931.7600098,,0.21,3.71,214.79,9.5,31.02
6/4/2009,981.2000122,79.44999695,68.80999756,15.88300037,942.460022,,0.21,3.71,214.79,9.5,30.18
6/5/2009,961.7000122,80.73000336,68.44000244,15.3760004,940.0900269,,0.21,3.71,214.79,9.5,29.62
6/8/2009,951.7000122,80.97000122,68.08999634,14.94299984,939.1400146,,0.21,3.71,214.79,9.5,29.77
6/9/2009,954.0,79.82499695,70.01000214,15.12800026,942.4299927,,0.21,3.71,214.79,9.5,28.27
6/10/2009,954.0,80.33999634,71.33000183,15.2130003,939.1500244,,0.21,3.71,214.79,9.5,28.46
6/11/2009,961.2999878,79.43000031,72.68000031,15.48099995,944.8900146,,0.21,3.71,214.79,9.5,28.11
6/12/2009,940.0999756,80.17500305,72.04000092,14.86499977,946.210022,,0.21,3.71,214.79,9.5,28.15
6/15/2009,926.9000244,80.86100006,70.62000275,14.02000046,923.7199707,,0.21,3.71,214.79,9.5,30.81
6/16/2009,931.5999756,81.12999725,70.47000122,14.11999989,911.9699707,,0.21,3.71,214.79,9.5,32.68
6/17/2009,935.4000244,80.57499695,71.02999878,14.26900005,910.710022,,0.21,3.71,214.79,9.5,31.54
6/18/2009,934.0,81.01000214,71.37000275,14.22900009,918.3699951,,0.21,3.71,214.79,9.5,30.03
6/19/2009,935.5999756,80.62999725,69.55000305,14.18900013,921.2299805,,0.21,3.71,214.79,9.5,27.99
6/22/2009,920.5999756,81.13999939,66.93000031,13.69400024,893.039978,,0.21,3.71,214.79,9.5,31.17
6/23/2009,923.9000244,80.17500305,69.23999786,13.83399963,895.0999756,,0.21,3.71,214.79,9.5,30.58
6/24/2009,934.0999756,80.87999725,68.66999817,13.89900017,900.9400024,,0.21,3.71,214.79,9.5,29.05
6/25/2009,939.0999756,80.69000244,70.23000336,13.99400043,920.2600098,,0.21,3.71,214.79,9.5,26.36
6/26/2009,940.7000122,80.10500336,69.16000366,14.11699963,918.9000244,,0.21,3.71,214.79,9.5,25.93
6/29/2009,940.4000244,80.11499786,71.48999786,13.94699955,927.2299805,,0.21,3.71,214.79,9.5,25.35
6/30/2009,927.0999756,80.42500305,69.88999939,13.57400036,919.3200073,,0.21,3.71,214.79,9.5,26.35
7/1/2009,941.0,79.875,69.30999756,13.73999977,923.3300171,,0.16,3.55,214.726,9.5,26.22
7/2/2009,930.7000122,80.49500275,66.73000336,13.39299965,896.4199829,,0.16,3.55,214.726,9.5,27.95
7/6/2009,924.0,80.69499969,64.05000305,13.22700024,898.7199707,,0.16,3.55,214.726,9.5,29.0
7/7/2009,928.7999878,80.86499786,62.93000031,13.20899963,881.0300293,,0.16,3.55,214.726,9.5,30.85
7/8/2009,909.0,81.00499725,60.13999939,12.8409996,879.5599976,,0.16,3.55,214.726,9.5,31.3
7/9/2009,915.9000244,80.05000305,60.40999985,12.92399979,882.6799927,,0.16,3.55,214.726,9.5,29.78
7/10/2009,912.2000122,80.43000031,59.88999939,12.63700008,879.1300049,,0.16,3.55,214.726,9.5,29.02
7/13/2009,922.2000122,80.30000305,59.68999863,12.78499985,901.0499878,,0.16,3.55,214.726,9.5,26.31
7/14/2009,922.5,80.37000275,59.52000046,12.85499954,905.8400269,,0.16,3.55,214.726,9.5,25.02
7/15/2009,939.0999756,79.45999908,61.54000092,13.20300007,932.6799927,,0.16,3.55,214.726,9.5,25.89
7/16/2009,935.0999756,79.37000275,62.02000046,13.22999954,940.7399902,,0.16,3.55,214.726,9.5,25.42
7/17/2009,937.2000122,79.50499725,63.56000137,13.39799976,940.3800049,,0.16,3.55,214.726,9.5,24.34
7/20/2009,948.5,79.05000305,63.97999954,13.61999989,951.1300049,,0.16,3.55,214.726,9.5,24.4
7/21/2009,946.5999756,79.08999634,64.72000122,13.47299957,954.5800171,,0.16,3.55,214.726,9.5,23.87
7/22/2009,953.0,78.86000061,65.40000153,13.69499969,954.0700073,,0.16,3.55,214.726,9.5,23.47
7/23/2009,954.5,78.97000122,67.16000366,13.76500034,976.289978,,0.16,3.55,214.726,9.5,23.43
7/24/2009,952.7999878,78.89499664,68.05000305,13.86999989,979.2600098,,0.16,3.55,214.726,9.5,23.09
7/27/2009,953.2999878,78.75499725,68.37999725,13.98499966,982.1799927,,0.16,3.55,214.726,9.5,24.28
7/28/2009,939.0,79.0,67.23000336,13.73499966,979.6199951,,0.16,3.55,214.726,9.5,25.01
7/29/2009,927.2000122,79.78500366,63.34999847,13.25300026,975.1500244,,0.16,3.55,214.726,9.5,25.61
7/30/2009,934.9000244,79.40499878,66.94000244,13.47799969,986.75,,0.16,3.55,214.726,9.5,25.4
7/31/2009,953.7000122,78.44999695,69.44999695,13.93299961,987.4799805,,0.16,3.55,214.726,9.5,25.92
8/3/2009,956.5999756,77.75,71.58000183,14.24499989,1002.630005,,0.16,3.55,215.445,9.6,25.56
8/4/2009,967.5,77.87999725,71.41999817,14.68799973,1005.650024,,0.16,3.55,215.445,9.6,24.89
8/5/2009,964.2000122,77.60500336,71.97000122,14.75300026,1002.719971,,0.16,3.55,215.445,9.6,24.9
8/6/2009,960.7000122,78.15499878,71.94000244,14.63799953,997.0800171,,0.16,3.55,215.445,9.6,25.67
8/7/2009,957.2999878,79.10500336,70.93000031,14.66100025,1010.47998,,0.16,3.55,215.445,9.6,24.76
8/10/2009,945.0,79.38500214,70.59999847,14.34799957,1007.099976,,0.16,3.55,215.445,9.6,24.99
8/11/2009,945.7999878,79.28500366,69.44999695,14.3380003,994.3499756,,0.16,3.55,215.445,9.6,25.99
8/12/2009,950.7000122,78.90000153,70.16000366,14.57800007,1005.809998,,0.16,3.55,215.445,9.6,25.45
8/13/2009,954.7000122,78.58000183,70.51999664,14.97999954,1012.72998,,0.16,3.55,215.445,9.6,24.71
8/14/2009,947.0,79.00499725,67.51000214,14.71500015,1004.090027,,0.16,3.55,215.445,9.6,24.27
8/17/2009,934.2999878,79.40000153,66.75,13.97099972,979.7299805,,0.16,3.55,215.445,9.6,27.89
8/18/2009,937.7000122,79.03500366,69.19000244,13.95600033,989.6699829,,0.16,3.55,215.445,9.6,26.18
8/19/2009,943.2999878,78.54499817,72.41999817,13.87100029,996.460022,,0.16,3.55,215.445,9.6,26.26
8/20/2009,940.2999878,78.44999695,72.54000092,13.8760004,1007.369995,,0.16,3.55,215.445,9.6,25.09
8/21/2009,953.2000122,78.09999847,73.88999939,14.15999985,1026.130005,,0.16,3.55,215.445,9.6,25.01
8/24/2009,942.2999878,78.33000183,74.37000275,14.19099998,1025.569946,,0.16,3.55,215.445,9.6,25.14
8/25/2009,944.5,78.29499817,72.05000305,14.30599976,1028.0,,0.16,3.55,215.445,9.6,24.92
8/26/2009,944.2999878,78.72000122,71.43000031,14.2510004,1028.119995,,0.16,3.55,215.445,9.6,24.95
8/27/2009,945.5,78.05500031,72.48999786,14.2159996,1030.97998,,0.16,3.55,215.445,9.6,24.68
8/28/2009,957.0,78.38500214,72.73999786,14.7840004,1028.930054,,0.16,3.55,215.445,9.6,24.76
8/31/2009,951.7000122,78.22000122,69.95999908,14.89799976,1020.619995,,0.16,3.55,215.445,9.6,26.01
9/1/2009,954.7000122,78.80500031,68.05000305,15.03499985,998.039978,,0.15,3.38,215.861,9.8,29.15
9/2/2009,976.5999756,78.43499756,68.05000305,15.34000015,994.75,,0.15,3.38,215.861,9.8,28.9
9/3/2009,995.7999878,78.51999664,67.95999908,16.26799965,1003.23999,,0.15,3.38,215.861,9.8,27.1
9/4/2009,994.9000244,78.16500092,68.01999664,16.26300049,1016.400024,,0.15,3.38,215.861,9.8,25.26
9/8/2009,997.9000244,77.33999634,71.09999847,16.48800087,1025.390015,,0.15,3.38,215.861,9.8,25.62
9/9/2009,995.2999878,77.09999847,71.30999756,16.44300079,1033.369995,,0.15,3.38,215.861,9.8,24.32
9/10/2009,995.4000244,76.83000183,71.94000244,16.64999962,1044.140015,,0.15,3.38,215.861,9.8,23.55
9/11/2009,1004.900024,76.63999939,69.29000092,16.6760006,1042.72998,,0.15,3.38,215.861,9.8,24.15
9/14/2009,999.9000244,76.73200226,68.86000061,16.60099983,1049.339966,,0.15,3.38,215.861,9.8,23.86
9/15/2009,1005.0,76.78500366,70.93000031,16.97800064,1052.630005,,0.15,3.38,215.861,9.8,23.42
9/16/2009,1018.900024,76.47499847,72.51000214,17.40800095,1068.76001,,0.15,3.38,215.861,9.8,23.69
9/17/2009,1012.299988,76.43000031,72.47000122,17.24300003,1065.48999,,0.15,3.38,215.861,9.8,23.65
9/18/2009,1009.200012,76.66999817,72.04000092,17.04299927,1068.300049,,0.15,3.38,215.861,9.8,23.92
9/21/2009,1003.700012,77.0,69.70999908,16.8579998,1064.660034,,0.15,3.38,215.861,9.8,24.06
9/22/2009,1014.200012,76.34999847,71.55000305,17.09300041,1071.660034,,0.15,3.38,215.861,9.8,23.08
9/23/2009,1013.0,76.29499817,68.97000122,16.88800049,1060.869995,,0.15,3.38,215.861,9.8,23.49
9/24/2009,997.5,77.11499786,65.88999939,16.27300072,1050.780029,,0.15,3.38,215.861,9.8,24.95
9/25/2009,990.2000122,77.01499939,66.01999664,16.03800011,1044.380005,,0.15,3.38,215.861,9.8,25.61
9/28/2009,992.5,77.26999664,66.83999634,16.17300034,1062.97998,,0.15,3.38,215.861,9.8,24.88
9/29/2009,993.0999756,77.36000061,66.70999908,16.15600014,1060.609985,,0.15,3.38,215.861,9.8,25.19
9/30/2009,1008.0,76.86000061,70.61000061,16.63599968,1057.079956,,0.15,3.38,215.861,9.8,25.61
10/1/2009,999.5,77.41500092,70.81999969,16.41799927,1029.849976,,0.12,3.21,216.509,10.0,28.27
10/2/2009,1003.200012,77.21499634,69.94999695,16.20800018,1025.209961,,0.12,3.21,216.509,10.0,28.68
10/5/2009,1016.700012,76.83499908,70.41000366,16.51300049,1040.459961,,0.12,3.21,216.509,10.0,26.84
10/6/2009,1038.599976,76.49500275,70.87999725,17.27300072,1054.719971,,0.12,3.21,216.509,10.0,25.7
10/7/2009,1043.300049,76.66500092,69.56999969,17.47800064,1057.579956,,0.12,3.21,216.509,10.0,24.68
10/8/2009,1055.400024,76.12999725,71.69000244,17.79999924,1065.47998,,0.12,3.21,216.509,10.0,24.18
10/9/2009,1047.800049,76.62000275,71.76999664,17.67499924,1071.48999,,0.12,3.21,216.509,10.0,23.12
10/12/2009,1056.699951,76.29000092,73.26999664,17.80500031,1076.189941,,0.12,3.21,216.509,10.0,23.01
10/13/2009,1064.199951,76.16500092,74.15000153,17.82500076,1073.189941,,0.12,3.21,216.509,10.0,22.99
10/14/2009,1063.900024,75.72499847,75.18000031,17.89299965,1092.02002,,0.12,3.21,216.509,10.0,22.86
10/15/2009,1049.800049,75.66000366,77.58000183,17.39999962,1096.560059,,0.12,3.21,216.509,10.0,21.72
10/16/2009,1050.699951,75.76999664,78.52999878,17.40500069,1087.680054,,0.12,3.21,216.509,10.0,21.43
10/19/2009,1057.300049,75.50499725,79.61000061,17.61000061,1097.910034,,0.12,3.21,216.509,10.0,21.49
10/20/2009,1057.800049,75.73000336,79.08999634,17.54299927,1091.060059,,0.12,3.21,216.509,10.0,20.9
10/21/2009,1063.699951,75.11000061,81.37000275,17.80999947,1081.400024,,0.12,3.21,216.509,10.0,22.22
10/22/2009,1057.800049,75.23999786,81.19000244,17.53000069,1092.910034,,0.12,3.21,216.509,10.0,20.69
10/23/2009,1055.599976,75.59999847,80.5,17.71100044,1079.599976,,0.12,3.21,216.509,10.0,22.27
10/26/2009,1042.099976,76.19499969,78.68000031,17.08399963,1066.949951,,0.12,3.21,216.509,10.0,24.31
10/27/2009,1034.699951,76.27999878,79.55000305,16.53100014,1063.410034,,0.12,3.21,216.509,10.0,24.83
10/28/2009,1029.900024,76.58499908,77.45999908,16.2310009,1042.630005,,0.12,3.21,216.509,10.0,27.91
10/29/2009,1046.400024,76.06500244,79.87000275,16.64599991,1066.109985,,0.12,3.21,216.509,10.0,24.76
10/30/2009,1039.699951,76.47499847,77.0,16.24600029,1036.189941,,0.12,3.21,216.509,10.0,30.69
11/2/2009,1053.400024,76.45999908,78.12999725,16.43099976,1042.880005,,0.12,3.21,217.234,9.9,29.78
11/3/2009,1084.300049,76.56999969,79.59999847,17.17099953,1045.410034,,0.12,3.21,217.234,9.9,28.81
11/4/2009,1086.699951,75.82499695,80.40000153,17.39500046,1046.5,,0.12,3.21,217.234,9.9,27.72
11/5/2009,1088.699951,75.86499786,79.62000275,17.39999962,1066.630005,,0.12,3.21,217.234,9.9,25.43
11/6/2009,1095.099976,75.94000244,77.43000031,17.36499977,1069.300049,,0.12,3.21,217.234,9.9,24.19
11/9/2009,1100.800049,75.13500214,79.43000031,17.46999931,1093.079956,,0.12,3.21,217.234,9.9,23.15
11/10/2009,1101.900024,75.11000061,79.05000305,17.21199989,1093.01001,,0.12,3.21,217.234,9.9,22.84
11/11/2009,1114.0,75.26000214,79.27999878,17.52700043,1098.51001,,0.12,3.21,217.234,9.9,23.04
11/12/2009,1106.0,75.69499969,76.94000244,17.25499916,1087.23999,,0.12,3.21,217.234,9.9,24.24
11/13/2009,1116.099976,75.42500305,76.34999847,17.37000084,1093.47998,,0.12,3.21,217.234,9.9,23.36
11/16/2009,1138.599976,74.91999817,78.90000153,18.38999939,1109.300049,,0.12,3.21,217.234,9.9,22.89
11/17/2009,1138.800049,75.46499634,79.13999939,18.37700081,1110.319946,,0.12,3.21,217.234,9.9,22.41
11/18/2009,1140.699951,75.26499939,79.58000183,18.40699959,1109.800049,,0.12,3.21,217.234,9.9,21.63
11/19/2009,1141.400024,75.37000275,77.45999908,18.4470005,1094.900024,,0.12,3.21,217.234,9.9,22.63
11/20/2009,1146.400024,75.73000336,76.72000122,18.43300056,1091.380005,,0.12,3.21,217.234,9.9,22.19
11/23/2009,1164.300049,75.16999817,77.55999756,18.60300064,1106.23999,,0.12,3.21,217.234,9.9,21.16
11/24/2009,1165.5,75.125,76.01999664,18.44799995,1105.650024,,0.12,3.21,217.234,9.9,20.47
11/25/2009,1186.900024,74.32499695,77.95999908,18.76600075,1110.630005,,0.12,3.21,217.234,9.9,20.48
11/27/2009,1174.199951,75.04000092,76.05000305,18.30200005,1091.48999,,0.12,3.21,217.234,9.9,24.85
11/30/2009,1181.099976,74.93499756,77.27999878,18.49500084,1095.630005,,0.12,3.21,217.234,9.9,24.51
12/1/2009,1199.099976,74.41500092,78.37000275,19.18000031,1108.859985,,0.12,3.28,217.347,9.9,21.92
12/2/2009,1212.0,74.70500183,76.59999847,19.29500008,1109.23999,,0.12,3.28,217.347,9.9,21.12
12/3/2009,1217.400024,74.66999817,76.45999908,19.10199928,1099.920044,,0.12,3.28,217.347,9.9,22.46
12/4/2009,1168.800049,75.97000122,75.47000122,18.49600029,1105.97998,,0.12,3.28,217.347,9.9,21.25
12/7/2009,1163.400024,75.80999756,73.93000031,18.33600044,1103.25,,0.12,3.28,217.347,9.9,22.1
12/8/2009,1142.800049,76.33000183,72.62000275,17.78499985,1091.939941,,0.12,3.28,217.347,9.9,23.69
12/9/2009,1120.400024,76.05500031,70.66999817,17.15800095,1095.949951,,0.12,3.28,217.347,9.9,22.66
12/10/2009,1125.699951,76.06999969,70.54000092,17.17300034,1102.349976,,0.12,3.28,217.347,9.9,22.32
12/11/2009,1119.400024,76.58499908,69.87000275,17.08399963,1106.410034,,0.12,3.28,217.347,9.9,21.59
12/14/2009,1123.300049,76.41400146,69.51000214,17.32600021,1114.109985,,0.12,3.28,217.347,9.9,21.15
12/15/2009,1122.400024,77.30000305,70.69000244,17.44099998,1107.930054,,0.12,3.28,217.347,9.9,21.49
12/16/2009,1135.5,77.33499908,72.66000366,17.67900085,1109.180054,,0.12,3.28,217.347,9.9,20.54
12/17/2009,1106.800049,78.08999634,72.65000153,17.18000031,1096.079956,,0.12,3.28,217.347,9.9,22.51
12/18/2009,1110.800049,78.19499969,73.36000061,17.30500031,1102.469971,,0.12,3.28,217.347,9.9,21.68
12/21/2009,1095.400024,78.41999817,72.47000122,17.02000046,1114.050049,,0.12,3.28,217.347,9.9,20.49
12/22/2009,1086.0,78.61000061,74.40000153,17.01499939,1118.02002,,0.12,3.28,217.347,9.9,19.54
12/23/2009,1093.300049,78.23000336,76.66999817,17.17499924,1120.589966,,0.12,3.28,217.347,9.9,19.71
12/24/2009,1104.099976,78.17500305,78.05000305,17.42300034,1126.47998,,0.12,3.28,217.347,9.9,19.47
12/28/2009,1107.199951,78.01499939,78.76999664,17.54299927,1127.780029,,0.12,3.28,217.347,9.9,19.93
12/29/2009,1097.0,78.18499756,78.87000275,17.0909996,1126.199951,,0.12,3.28,217.347,9.9,20.01
12/30/2009,1091.5,78.27500153,79.27999878,16.77899933,1126.420044,,0.12,3.28,217.347,9.9,19.96
12/31/2009,1095.199951,78.22000122,79.36000061,16.8220005,1115.099976,,0.12,3.28,217.347,9.9,21.68
1/4/2010,1117.699951,77.83000183,81.51000214,17.44000053,1132.98999,,0.11,3.28,217.488,9.8,20.04
1/5/2010,1118.099976,77.84999847,81.76999664,17.78100014,1136.52002,,0.11,3.28,217.488,9.8,19.35
1/6/2010,1135.900024,77.65499878,83.18000031,18.16300011,1137.140015,,0.11,3.28,217.488,9.8,19.16
1/7/2010,1133.099976,78.10500336,82.66000366,18.33300018,1141.689941,,0.11,3.28,217.488,9.8,19.06
1/8/2010,1138.199951,77.65499878,82.75,18.45800018,1144.97998,,0.11,3.28,217.488,9.8,18.13
1/11/2010,1150.699951,77.16000366,82.51999664,18.68300056,1146.97998,,0.11,3.28,217.488,9.8,17.55
1/12/2010,1128.900024,77.12000275,80.79000092,18.24300003,1136.219971,,0.11,3.28,217.488,9.8,18.25
1/13/2010,1136.400024,76.98999786,79.65000153,18.53800011,1145.680054,,0.11,3.28,217.488,9.8,17.85
1/14/2010,1142.599976,76.88500214,79.38999939,18.64299965,1148.459961,,0.11,3.28,217.488,9.8,17.63
1/15/2010,1130.099976,77.48000336,78.0,18.4109993,1136.030029,,0.11,3.28,217.488,9.8,17.91
1/19/2010,1139.699951,77.65000153,79.01999664,18.7840004,1150.22998,,0.11,3.28,217.488,9.8,17.58
1/20/2010,1112.300049,78.5,77.62000275,17.86599922,1138.040039,,0.11,3.28,217.488,9.8,18.68
1/21/2010,1102.699951,78.51499939,76.08000183,17.49600029,1116.47998,,0.11,3.28,217.488,9.8,22.27
1/22/2010,1089.199951,78.43000031,74.54000092,16.91799927,1091.76001,,0.11,3.28,217.488,9.8,27.31
1/25/2010,1095.199951,78.34999847,75.26000214,17.13100052,1096.780029,,0.11,3.28,217.488,9.8,25.41
1/26/2010,1097.900024,78.61000061,74.70999908,16.84600067,1092.170044,,0.11,3.28,217.488,9.8,24.55
1/27/2010,1084.400024,78.87000275,73.66999817,16.4279995,1097.5,,0.11,3.28,217.488,9.8,23.14
1/28/2010,1083.599976,79.09999847,73.63999939,16.20199966,1084.530029,,0.11,3.28,217.488,9.8,23.73
1/29/2010,1083.0,79.65000153,72.88999939,16.18300056,1073.869995,,0.11,3.28,217.488,9.8,24.62
2/1/2010,1104.300049,79.41999817,74.43000031,16.65299988,1089.189941,,0.13,3.68,217.281,9.8,22.59
2/2/2010,1117.400024,79.18000031,77.23000336,16.73600006,1103.319946,,0.13,3.68,217.281,9.8,21.48
2/3/2010,1111.400024,79.55000305,76.98000336,16.30999947,1097.280029,,0.13,3.68,217.281,9.8,21.6
2/4/2010,1062.400024,80.07499695,73.13999939,15.34300041,1063.109985,,0.13,3.68,217.281,9.8,26.08
2/5/2010,1052.199951,80.59500122,71.19000244,14.82299995,1066.189941,,0.13,3.68,217.281,9.8,26.11
2/8/2010,1065.699951,80.44000244,71.88999939,15.07800007,1056.73999,,0.13,3.68,217.281,9.8,26.51
2/9/2010,1076.699951,79.98999786,73.75,15.43099976,1070.52002,,0.13,3.68,217.281,9.8,26.0
2/10/2010,1075.800049,80.13999939,74.51999664,15.30200005,1068.130005,,0.13,3.68,217.281,9.8,25.4
2/11/2010,1094.199951,80.09999847,75.27999878,15.59200001,1078.469971,,0.13,3.68,217.281,9.8,23.96
2/12/2010,1089.5,80.41000366,74.12999725,15.44900036,1075.51001,,0.13,3.68,217.281,9.8,22.73
2/16/2010,1119.300049,79.75499725,77.01000214,16.14999962,1094.869995,,0.13,3.68,217.281,9.8,22.25
2/17/2010,1119.5,80.47499847,77.33000183,16.09799957,1099.51001,,0.13,3.68,217.281,9.8,21.72
2/18/2010,1118.0,80.46499634,79.05999756,16.05999947,1106.75,,0.13,3.68,217.281,9.8,20.63
2/19/2010,1121.300049,80.72000122,79.80999756,16.41300011,1109.170044,,0.13,3.68,217.281,9.8,20.02
2/22/2010,1112.599976,80.58499908,80.16000366,16.22200012,1108.01001,,0.13,3.68,217.281,9.8,19.94
2/23/2010,1102.699951,80.91000366,78.86000061,15.88799953,1094.599976,,0.13,3.68,217.281,9.8,21.37
2/24/2010,1096.5,80.91500092,80.0,15.93999958,1105.23999,,0.13,3.68,217.281,9.8,20.27
2/25/2010,1107.800049,80.86000061,78.16999817,16.11000061,1102.939941,,0.13,3.68,217.281,9.8,20.1
2/26/2010,1118.300049,80.44000244,79.66000366,16.5,1104.48999,,0.13,3.68,217.281,9.8,19.5
3/1/2010,1117.800049,80.70500183,78.69999695,16.4489994,1115.709961,,0.16,3.61,217.353,9.9,19.26
3/2/2010,1136.900024,80.57499695,79.68000031,17.04400063,1118.310059,,0.16,3.61,217.353,9.9,19.06
3/3/2010,1142.699951,80.01999664,80.87000275,17.30900002,1118.790039,,0.16,3.61,217.353,9.9,18.83
3/4/2010,1132.599976,80.58499908,80.20999908,17.15600014,1122.969971,,0.16,3.61,217.353,9.9,18.72
3/5/2010,1134.800049,80.45999908,81.5,17.36199951,1138.699951,,0.16,3.61,217.353,9.9,17.42
3/8/2010,1123.599976,80.45500183,81.87000275,17.25200081,1138.5,,0.16,3.61,217.353,9.9,17.79
3/9/2010,1122.0,80.60500336,81.48999786,17.31800079,1140.449951,,0.16,3.61,217.353,9.9,17.92
3/10/2010,1107.800049,80.46499634,82.08999634,16.99399948,1145.609985,,0.16,3.61,217.353,9.9,18.57
3/11/2010,1108.0,80.31500244,82.11000061,17.13599968,1150.23999,,0.16,3.61,217.353,9.9,18.06
3/12/2010,1101.5,79.83999634,81.23999786,17.02400017,1149.98999,,0.16,3.61,217.353,9.9,17.58
3/15/2010,1105.099976,80.17500305,79.80000305,17.08300018,1150.51001,,0.16,3.61,217.353,9.9,18.0
3/16/2010,1122.199951,79.99500275,81.69999695,17.33300018,1159.459961,,0.16,3.61,217.353,9.9,17.69
3/17/2010,1124.0,79.84999847,82.93000031,17.50200081,1166.209961,,0.16,3.61,217.353,9.9,16.91
3/18/2010,1127.400024,80.44000244,82.19999695,17.40699959,1165.829956,,0.16,3.61,217.353,9.9,16.62
3/19/2010,1107.400024,80.97499847,80.68000031,17.0170002,1159.900024,,0.16,3.61,217.353,9.9,16.97
3/22/2010,1099.300049,80.88300323,81.25,16.92000008,1165.810059,,0.16,3.61,217.353,9.9,16.87
3/23/2010,1103.5,81.11799622,81.91000366,17.01199913,1174.170044,,0.16,3.61,217.353,9.9,16.35
3/24/2010,1088.599976,82.10600281,80.61000061,16.62599945,1167.719971,,0.16,3.61,217.353,9.9,17.55
3/25/2010,1092.699951,82.40499878,80.52999878,16.72699928,1165.72998,,0.16,3.61,217.353,9.9,18.4
3/26/2010,1104.199951,81.97799683,80.0,16.8939991,1166.589966,,0.16,3.61,217.353,9.9,17.77
3/29/2010,1110.300049,81.62400055,82.16999817,17.37299919,1173.219971,,0.16,3.61,217.353,9.9,17.59
3/30/2010,1104.5,81.73799896,82.37000275,17.31599998,1173.27002,,0.16,3.61,217.353,9.9,17.13
3/31/2010,1113.300049,81.29100037,83.76000214,17.51199913,1169.430054,,0.16,3.61,217.353,9.9,17.59
4/1/2010,1125.099976,80.97200012,84.87000275,17.87599945,1178.099976,,0.2,3.89,217.403,9.9,17.47
4/5/2010,1132.900024,81.2539978,86.62000275,18.10400009,1187.439941,,0.2,3.89,217.403,9.9,17.02
4/6/2010,1135.099976,81.56999969,86.83999634,17.91699982,1189.439941,,0.2,3.89,217.403,9.9,16.23
4/7/2010,1152.300049,81.61199951,85.87999725,18.18499947,1182.449951,,0.2,3.89,217.403,9.9,16.62
4/8/2010,1152.199951,81.7009964,85.38999939,18.11599922,1186.439941,,0.2,3.89,217.403,9.9,16.48
4/9/2010,1161.099976,81.24099731,84.91999817,18.34000015,1194.369995,,0.2,3.89,217.403,9.9,16.14
4/12/2010,1161.599976,80.69200134,84.33999634,18.40299988,1196.47998,,0.2,3.89,217.403,9.9,15.58
4/13/2010,1152.800049,80.625,84.05000305,18.23800087,1197.300049,,0.2,3.89,217.403,9.9,16.2
4/14/2010,1159.0,80.29100037,85.83999634,18.40399933,1210.650024,,0.2,3.89,217.403,9.9,15.59
4/15/2010,1159.699951,80.58499908,85.51000214,18.42399979,1211.670044,,0.2,3.89,217.403,9.9,15.89
4/16/2010,1136.300049,80.94400024,83.23999786,17.66900063,1192.130005,,0.2,3.89,217.403,9.9,18.36
4/19/2010,1135.199951,81.10500336,81.44999695,17.72500038,1197.52002,,0.2,3.89,217.403,9.9,17.34
4/20/2010,1138.599976,81.14099884,83.44999695,17.81500053,1207.170044,,0.2,3.89,217.403,9.9,15.73
4/21/2010,1148.199951,81.26599884,83.68000031,18.07299995,1205.939941,,0.2,3.89,217.403,9.9,16.32
4/22/2010,1142.300049,81.68199921,83.69999695,18.00600052,1208.670044,,0.2,3.89,217.403,9.9,16.47
4/23/2010,1153.099976,81.4980011,85.12000275,18.18899918,1217.280029,,0.2,3.89,217.403,9.9,16.62
4/26/2010,1153.5,81.61499786,84.19999695,18.33399963,1212.050049,,0.2,3.89,217.403,9.9,17.47
4/27/2010,1161.699951,82.30999756,82.44000244,18.11599922,1183.709961,,0.2,3.89,217.403,9.9,22.81
4/28/2010,1171.300049,82.53500366,83.22000122,18.10700035,1191.359985,,0.2,3.89,217.403,9.9,21.08
4/29/2010,1168.400024,82.16100311,85.16999817,18.54899979,1206.780029,,0.2,3.89,217.403,9.9,18.44
4/30/2010,1180.099976,81.99099731,86.15000153,18.61100006,1186.689941,,0.2,3.89,217.403,9.9,22.05
5/3/2010,1182.699951,82.39900208,86.19000244,18.81299973,1202.26001,,0.2,3.89,217.29,9.6,20.19
5/4/2010,1168.599976,83.42099762,82.73999786,17.81800079,1173.599976,,0.2,3.89,217.29,9.6,23.84
5/5/2010,1174.599976,84.19999695,79.97000122,17.51099968,1165.869995,,0.2,3.89,217.29,9.6,24.91
5/6/2010,1196.900024,85.04699707,77.11000061,17.49300003,1128.150024,,0.2,3.89,217.29,9.6,32.8
5/7/2010,1210.0,84.65899658,75.11000061,18.42900085,1110.880005,,0.2,3.89,217.29,9.6,40.95
5/10/2010,1200.400024,84.33499908,76.80000305,18.53000069,1159.72998,,0.2,3.89,217.29,9.6,28.84
5/11/2010,1219.900024,84.61299896,76.37000275,19.27199936,1155.790039,,0.2,3.89,217.29,9.6,28.32
5/12/2010,1242.699951,84.96700287,75.65000153,19.63999939,1171.670044,,0.2,3.89,217.29,9.6,25.52
5/13/2010,1228.800049,85.34200287,74.40000153,19.47599983,1157.439941,,0.2,3.89,217.29,9.6,26.68
5/14/2010,1227.400024,86.23100281,71.61000061,19.20199966,1135.680054,,0.2,3.89,217.29,9.6,31.24
5/17/2010,1227.699951,86.3769989,70.08000183,18.83499908,1136.939941,,0.2,3.89,217.29,9.6,30.84
5/18/2010,1214.300049,87.31500244,69.41000366,18.85499954,1120.800049,,0.2,3.89,217.29,9.6,33.55
5/19/2010,1192.599976,86.54000092,69.87000275,18.0909996,1115.050049,,0.2,3.89,217.29,9.6,35.32
5/20/2010,1187.800049,85.70600128,68.01000214,17.69400024,1071.589966,,0.2,3.89,217.29,9.6,45.79
5/21/2010,1175.699951,85.53700256,70.04000092,17.63100052,1087.689941,,0.2,3.89,217.29,9.6,40.1
5/24/2010,1193.800049,86.33699799,70.20999908,17.98200035,1073.650024,,0.2,3.89,217.29,9.6,38.32
5/25/2010,1197.800049,86.88800049,68.75,17.76300049,1074.030029,,0.2,3.89,217.29,9.6,34.61
5/26/2010,1213.300049,87.2440033,71.51000214,18.29199982,1067.949951,,0.2,3.89,217.29,9.6,35.02
5/27/2010,1211.900024,86.28199768,74.55000305,18.45700073,1103.060059,,0.2,3.89,217.29,9.6,29.68
5/28/2010,1212.199951,86.58200073,73.97000122,18.4109993,1089.410034,,0.2,3.89,217.29,9.6,32.07
6/1/2010,1224.800049,86.72499847,72.58000183,18.54000092,1070.709961,,0.18,3.29,217.199,9.4,35.54
6/2/2010,1220.599976,86.8769989,72.86000061,18.30400085,1098.380005,,0.18,3.29,217.199,9.4,30.17
6/3/2010,1208.300049,87.21399689,74.61000061,17.92000008,1102.829956,,0.18,3.29,217.199,9.4,29.46
6/4/2010,1216.199951,88.31500244,71.51000214,17.29000092,1064.880005,,0.18,3.29,217.199,9.4,35.48
6/7/2010,1239.300049,88.46299744,71.44000244,18.15299988,1050.469971,,0.18,3.29,217.199,9.4,36.57
6/8/2010,1244.0,88.47299957,71.98999786,18.46800041,1062.0,,0.18,3.29,217.199,9.4,33.7
6/9/2010,1228.5,87.93499756,74.37999725,18.18000031,1055.689941,,0.18,3.29,217.199,9.4,33.73
6/10/2010,1220.800049,87.16600037,75.48000336,18.34199905,1086.839966,,0.18,3.29,217.199,9.4,30.57
6/11/2010,1228.900024,87.51699829,73.77999878,18.22200012,1091.599976,,0.18,3.29,217.199,9.4,28.79
6/14/2010,1223.300049,86.5039978,75.12000275,18.40200043,1089.630005,,0.18,3.29,217.199,9.4,28.58
6/15/2010,1233.199951,86.29000092,76.94000244,18.56900024,1115.22998,,0.18,3.29,217.199,9.4,25.87
6/16/2010,1229.300049,86.38600159,77.66999817,18.43199921,1114.609985,,0.18,3.29,217.199,9.4,25.92
6/17/2010,1247.5,85.98200226,76.79000092,18.7670002,1116.040039,,0.18,3.29,217.199,9.4,25.05
6/18/2010,1257.199951,85.97599792,77.18000031,19.17499924,1117.51001,,0.18,3.29,217.199,9.4,23.95
6/21/2010,1239.699951,86.23899841,77.81999969,18.80200005,1113.199951,,0.18,3.29,217.199,9.4,24.88
6/22/2010,1239.900024,86.40799713,77.20999908,18.89599991,1095.310059,,0.18,3.29,217.199,9.4,27.05
6/23/2010,1234.099976,86.04799652,76.34999847,18.45400047,1092.040039,,0.18,3.29,217.199,9.4,26.91
6/24/2010,1245.5,86.01699829,76.51000214,18.7310009,1073.689941,,0.18,3.29,217.199,9.4,29.74
6/25/2010,1255.800049,85.57900238,78.86000061,19.10499954,1076.76001,,0.18,3.29,217.199,9.4,28.53
6/28/2010,1238.199951,85.92199707,78.25,18.67300034,1074.569946,,0.18,3.29,217.199,9.4,29.0
6/29/2010,1242.0,86.33999634,75.94000244,18.59399986,1041.23999,,0.18,3.29,217.199,9.4,34.13
6/30/2010,1245.5,86.28099823,75.62999725,18.67099953,1030.709961,,0.18,3.29,217.199,9.4,34.54
7/1/2010,1206.300049,84.98400116,72.94999695,17.76000023,1027.369995,,0.18,2.96,217.605,9.4,32.86
7/2/2010,1207.400024,84.66999817,72.13999939,17.69799995,1022.580017,,0.18,2.96,217.605,9.4,30.12
7/6/2010,1194.800049,84.30599976,71.98000336,17.83300018,1028.060059,,0.18,2.96,217.605,9.4,29.65
7/7/2010,1198.599976,84.03800201,74.06999969,17.97900009,1060.27002,,0.18,2.96,217.605,9.4,26.84
7/8/2010,1195.800049,84.03600311,75.44000244,17.85199928,1070.25,,0.18,2.96,217.605,9.4,25.71
7/9/2010,1209.599976,84.15200043,76.08999634,18.0529995,1077.959961,,0.18,2.96,217.605,9.4,24.98
7/12/2010,1198.5,84.40699768,74.94999695,17.89699936,1078.75,,0.18,2.96,217.605,9.4,24.43
7/13/2010,1213.300049,83.82099915,77.15000153,18.23699951,1095.339966,,0.18,2.96,217.605,9.4,24.56
7/14/2010,1206.800049,83.59799957,77.04000092,18.27400017,1095.170044,,0.18,2.96,217.605,9.4,24.89
7/15/2010,1208.099976,82.74299622,76.62000275,18.34600067,1096.47998,,0.18,2.96,217.605,9.4,25.14
7/16/2010,1188.0,82.65799713,76.01000214,17.77300072,1064.880005,,0.18,2.96,217.605,9.4,26.25
7/19/2010,1181.699951,82.70500183,76.54000092,17.5340004,1071.25,,0.18,2.96,217.605,9.4,25.97
7/20/2010,1191.5,82.92900085,77.44000244,17.68499947,1083.47998,,0.18,2.96,217.605,9.4,23.93
7/21/2010,1191.599976,83.59300232,76.55999756,17.79800034,1069.589966,,0.18,2.96,217.605,9.4,25.64
7/22/2010,1195.5,82.78199768,79.30000305,18.11499977,1093.670044,,0.18,2.96,217.605,9.4,24.63
7/23/2010,1187.699951,82.6289978,78.98000336,18.09600067,1102.660034,,0.18,2.96,217.605,9.4,23.47
7/26/2010,1183.0,82.24199677,78.98000336,18.19499969,1115.01001,,0.18,2.96,217.605,9.4,22.73
7/27/2010,1158.0,82.32800293,77.5,17.62100029,1113.839966,,0.18,2.96,217.605,9.4,23.19
7/28/2010,1160.400024,82.30999756,76.98999786,17.42300034,1106.130005,,0.18,2.96,217.605,9.4,24.25
7/29/2010,1168.400024,81.7539978,78.36000061,17.60099983,1101.530029,,0.18,2.96,217.605,9.4,24.13
7/30/2010,1181.699951,81.65499878,78.94999695,17.98699951,1101.599976,,0.18,2.96,217.605,9.4,23.5
8/2/2010,1183.400024,81.05500031,81.33999634,18.40299988,1125.859985,,0.19,2.96,217.923,9.5,22.01
8/3/2010,1185.199951,80.68399811,82.55000305,18.40699959,1120.459961,,0.19,2.96,217.923,9.5,22.63
8/4/2010,1193.699951,80.99199677,82.47000122,18.26300049,1127.23999,,0.19,2.96,217.923,9.5,22.21
8/5/2010,1197.199951,80.93000031,82.01000214,18.30800056,1125.810059,,0.19,2.96,217.923,9.5,22.1
8/6/2010,1203.400024,80.4960022,80.69999695,18.45899963,1121.640015,,0.19,2.96,217.923,9.5,21.74
8/9/2010,1200.699951,80.78900146,81.48000336,18.22900009,1127.790039,,0.19,2.96,217.923,9.5,22.14
8/10/2010,1196.199951,80.9240036,80.25,18.14599991,1121.060059,,0.19,2.96,217.923,9.5,22.37
8/11/2010,1197.5,82.4280014,78.01999664,17.88999939,1089.469971,,0.19,2.96,217.923,9.5,25.39
8/12/2010,1214.800049,82.76699829,75.73999786,18.0529995,1083.609985,,0.19,2.96,217.923,9.5,25.73
8/13/2010,1214.900024,83.03800201,75.38999939,18.09700012,1079.25,,0.19,2.96,217.923,9.5,26.24
8/16/2010,1224.5,82.63500214,75.23999786,18.41799927,1079.380005,,0.19,2.96,217.923,9.5,26.1
8/17/2010,1226.599976,82.3239975,75.76999664,18.58600044,1092.540039,,0.19,2.96,217.923,9.5,24.33
8/18/2010,1229.699951,82.30999756,75.41999817,18.38999939,1094.160034,,0.19,2.96,217.923,9.5,24.59
8/19/2010,1233.800049,82.54000092,74.43000031,18.31800079,1075.630005,,0.19,2.96,217.923,9.5,26.44
8/20/2010,1227.199951,83.16000366,73.45999908,17.98200035,1071.689941,,0.19,2.96,217.923,9.5,25.49
8/23/2010,1226.900024,83.22799683,73.09999847,17.9829998,1067.359985,,0.19,2.96,217.923,9.5,25.66
8/24/2010,1231.800049,83.20600128,71.62999725,18.36899948,1051.869995,,0.19,2.96,217.923,9.5,27.46
8/25/2010,1239.5,83.33100128,72.51999664,19.02199936,1055.329956,,0.19,2.96,217.923,9.5,26.7
8/26/2010,1235.400024,82.98300171,73.36000061,18.97800064,1047.219971,,0.19,2.96,217.923,9.5,27.37
8/27/2010,1236.0,82.96800232,75.16999817,19.03899956,1064.589966,,0.19,2.96,217.923,9.5,24.45
8/30/2010,1237.099976,83.22599792,74.69999695,19.03800011,1048.920044,,0.19,2.96,217.923,9.5,27.21
8/31/2010,1248.300049,83.2539978,71.91999817,19.39800072,1049.329956,,0.19,2.96,217.923,9.5,26.05
9/1/2010,1246.300049,82.5490036,73.91000366,19.35899925,1080.290039,,0.19,2.58,218.275,9.5,23.89
9/2/2010,1251.5,82.50099945,75.01999664,19.63800049,1090.099976,,0.19,2.58,218.275,9.5,23.19
9/3/2010,1249.199951,82.12400055,74.59999847,19.91500092,1104.51001,,0.19,2.58,218.275,9.5,21.31
9/7/2010,1257.300049,82.84400177,74.08999634,19.88299942,1091.839966,,0.19,2.58,218.275,9.5,23.8
9/8/2010,1255.599976,82.58000183,74.66999817,19.97800064,1098.869995,,0.19,2.58,218.275,9.5,23.25
9/9/2010,1248.900024,82.69000244,74.25,19.81399918,1104.180054,,0.19,2.58,218.275,9.5,22.81
9/10/2010,1244.5,82.7009964,76.44999695,19.80200005,1109.550049,,0.19,2.58,218.275,9.5,21.99
9/13/2010,1245.099976,82.09200287,77.19000244,20.11000061,1121.900024,,0.19,2.58,218.275,9.5,21.21
9/14/2010,1269.699951,81.33899689,76.80000305,20.40099907,1121.099976,,0.19,2.58,218.275,9.5,21.56
9/15/2010,1266.699951,81.75099945,76.01999664,20.54199982,1125.069946,,0.19,2.58,218.275,9.5,22.1
9/16/2010,1271.900024,81.50099945,74.56999969,20.74500084,1124.660034,,0.19,2.58,218.275,9.5,21.72
9/17/2010,1275.599976,81.64099884,73.66000366,20.79000092,1125.589966,,0.19,2.58,218.275,9.5,22.01
9/20/2010,1279.0,81.58200073,74.86000061,20.77700043,1142.709961,,0.19,2.58,218.275,9.5,21.5
9/21/2010,1272.400024,80.67299652,73.51999664,20.62000084,1139.780029,,0.19,2.58,218.275,9.5,22.35
9/22/2010,1290.199951,80.06400299,74.70999908,21.0359993,1134.280029,,0.19,2.58,218.275,9.5,22.51
9/23/2010,1294.300049,80.24700165,75.18000031,21.19400024,1124.829956,,0.19,2.58,218.275,9.5,23.87
9/24/2010,1296.0,79.59899902,76.48999786,21.38299942,1148.670044,,0.19,2.58,218.275,9.5,21.71
9/27/2010,1296.699951,79.55400085,76.51999664,21.45499992,1142.160034,,0.19,2.58,218.275,9.5,22.54
9/28/2010,1306.599976,79.21199799,76.18000031,21.68799973,1147.699951,,0.19,2.58,218.275,9.5,22.6
9/29/2010,1308.5,78.90499878,77.86000061,21.92900085,1144.72998,,0.19,2.58,218.275,9.5,23.25
9/30/2010,1307.800049,78.93800354,79.97000122,21.79800034,1141.199951,,0.19,2.58,218.275,9.5,23.7
10/1/2010,1316.099976,78.31300354,81.58000183,22.03700066,1146.23999,,0.19,2.54,219.035,9.4,22.5
10/4/2010,1315.400024,78.65799713,81.47000122,22.01300049,1137.030029,,0.19,2.54,219.035,9.4,23.53
10/5/2010,1338.900024,77.96700287,82.81999969,22.7140007,1160.75,,0.19,2.54,219.035,9.4,21.76
10/6/2010,1346.400024,77.62000275,83.23000336,23.02000046,1159.969971,,0.19,2.54,219.035,9.4,21.49
10/7/2010,1333.900024,77.64199829,81.66999817,22.56500053,1158.060059,,0.19,2.54,219.035,9.4,21.56
10/8/2010,1344.199951,77.56300354,82.66000366,23.08699989,1165.150024,,0.19,2.54,219.035,9.4,20.71
10/11/2010,1353.300049,77.66400146,82.20999908,23.33099937,1165.319946,,0.19,2.54,219.035,9.4,18.96
10/12/2010,1345.699951,77.58799744,81.66999817,23.12899971,1169.77002,,0.19,2.54,219.035,9.4,18.93
10/13/2010,1369.5,77.28700256,83.01000214,23.91399956,1178.099976,,0.19,2.54,219.035,9.4,19.07
10/14/2010,1376.699951,76.8809967,82.69000244,24.41699982,1173.810059,,0.19,2.54,219.035,9.4,19.88
10/15/2010,1371.099976,77.26799774,81.25,24.27199936,1176.189941,,0.19,2.54,219.035,9.4,19.03
10/18/2010,1371.199951,77.13700104,83.08000183,24.39699936,1184.709961,,0.19,2.54,219.035,9.4,19.09
10/19/2010,1335.099976,78.42099762,79.48999786,23.76399994,1165.900024,,0.19,2.54,219.035,9.4,20.63
10/20/2010,1343.300049,77.41400146,81.76999664,23.84799957,1178.170044,,0.19,2.54,219.035,9.4,19.79
10/21/2010,1324.699951,77.63400269,80.55999756,23.12299919,1180.26001,,0.19,2.54,219.035,9.4,19.27
10/22/2010,1324.400024,77.68499756,81.69000244,23.125,1183.079956,,0.19,2.54,219.035,9.4,18.78
10/25/2010,1338.300049,77.3030014,82.51999664,23.54400063,1185.619995,,0.19,2.54,219.035,9.4,19.85
10/26/2010,1338.0,77.91000366,82.55000305,23.8239994,1185.640015,,0.19,2.54,219.035,9.4,20.22
10/27/2010,1322.199951,78.3769989,81.94000244,23.39800072,1182.449951,,0.19,2.54,219.035,9.4,20.71
10/28/2010,1342.099976,77.50299835,82.18000031,23.87100029,1183.780029,,0.19,2.54,219.035,9.4,20.88
10/29/2010,1357.099976,77.45700073,81.43000031,24.55999947,1183.26001,,0.19,2.54,219.035,9.4,21.2
11/1/2010,1350.199951,77.48100281,82.94999695,24.54800034,1184.380005,,0.19,2.66,219.59,9.8,21.83
11/2/2010,1356.400024,76.89199829,83.90000153,24.83200073,1193.569946,,0.19,2.66,219.59,9.8,21.57
11/3/2010,1337.099976,76.6230011,84.69000244,24.43199921,1197.959961,,0.19,2.66,219.59,9.8,19.56
11/4/2010,1382.699951,76.0,86.48999786,26.03899956,1221.060059,,0.19,2.66,219.59,9.8,18.52
11/5/2010,1397.300049,76.69100189,86.84999847,26.74399948,1225.849976,,0.19,2.66,219.59,9.8,18.26
11/8/2010,1402.800049,77.16400146,87.05999756,27.4279995,1223.25,,0.19,2.66,219.59,9.8,18.29
11/9/2010,1409.800049,77.58399963,86.72000122,28.90200043,1213.400024,,0.19,2.66,219.59,9.8,19.08
11/10/2010,1399.099976,77.76999664,87.80999756,26.86100006,1218.709961,,0.19,2.66,219.59,9.8,18.47
11/11/2010,1403.099976,78.35600281,87.80999756,27.40099907,1213.540039,,0.19,2.66,219.59,9.8,18.64
11/12/2010,1365.400024,78.23100281,84.87999725,25.93799973,1199.209961,,0.19,2.66,219.59,9.8,20.61
11/15/2010,1368.400024,78.67299652,84.86000061,26.08799934,1197.75,,0.19,2.66,219.59,9.8,20.2
11/16/2010,1338.300049,79.33300018,82.33999634,25.22900009,1178.339966,,0.19,2.66,219.59,9.8,22.58
11/17/2010,1336.800049,79.20999908,80.44000244,25.50699997,1178.589966,,0.19,2.66,219.59,9.8,21.76
11/18/2010,1352.900024,78.72899628,81.84999847,26.82999992,1196.689941,,0.19,2.66,219.59,9.8,18.75
11/19/2010,1352.199951,78.59400177,81.51000214,27.17499924,1199.72998,,0.19,2.66,219.59,9.8,18.04
11/22/2010,1357.699951,78.76799774,81.73999786,27.45700073,1197.839966,,0.19,2.66,219.59,9.8,18.37
11/23/2010,1377.5,79.76200104,81.25,27.56800079,1180.72998,,0.19,2.66,219.59,9.8,20.63
11/24/2010,1372.900024,79.93900299,83.86000061,27.52400017,1198.349976,,0.19,2.66,219.59,9.8,19.56
11/26/2010,1362.300049,80.43299866,83.76000214,26.69499969,1189.400024,,0.19,2.66,219.59,9.8,22.22
11/29/2010,1366.0,80.90200043,85.73000336,27.14800072,1187.76001,,0.19,2.66,219.59,9.8,21.53
11/30/2010,1385.0,81.27100372,84.11000061,28.18499947,1180.550049,,0.19,2.66,219.59,9.8,23.54
12/1/2010,1387.300049,80.76200104,86.75,28.38800049,1206.069946,,0.18,2.97,220.472,9.3,21.36
12/2/2010,1388.5,80.33599854,88.0,28.54199982,1221.530029,,0.18,2.97,220.472,9.3,19.39
12/3/2010,1405.400024,79.40699768,89.19000244,29.24099922,1224.709961,,0.18,2.97,220.472,9.3,18.01
12/6/2010,1415.300049,79.59899902,89.37999725,29.70499992,1223.119995,,0.18,2.97,220.472,9.3,18.02
12/7/2010,1408.300049,79.86399841,88.69000244,29.74799919,1223.75,,0.18,2.97,220.472,9.3,17.99
12/8/2010,1382.5,80.00800323,88.27999878,28.22400093,1228.280029,,0.18,2.97,220.472,9.3,17.74
12/9/2010,1392.099976,80.08499908,88.37000275,28.78899956,1233.0,,0.18,2.97,220.472,9.3,17.25
12/10/2010,1384.300049,80.06600189,87.79000092,28.57600021,1240.400024,,0.18,2.97,220.472,9.3,17.61
12/13/2010,1397.300049,79.63999939,88.61000061,29.59900093,1240.459961,,0.18,2.97,220.472,9.3,17.55
12/14/2010,1403.599976,79.69000244,88.27999878,29.75900078,1241.589966,,0.18,2.97,220.472,9.3,17.61
12/15/2010,1385.5,80.58200073,88.62000275,29.22500038,1235.22998,,0.18,2.97,220.472,9.3,17.94
12/16/2010,1370.400024,80.5490036,87.69999695,28.75699997,1242.869995,,0.18,2.97,220.472,9.3,17.39
12/17/2010,1378.599976,80.7519989,88.01999664,29.11300087,1243.910034,,0.18,2.97,220.472,9.3,16.11
12/20/2010,1385.5,80.97200012,88.80999756,29.33499908,1247.079956,,0.18,2.97,220.472,9.3,16.41
12/21/2010,1388.199951,81.06900024,89.81999969,29.37599945,1254.599976,,0.18,2.97,220.472,9.3,16.49
12/22/2010,1386.800049,81.07299805,90.48000336,29.36700058,1258.839966,,0.18,2.97,220.472,9.3,15.45
12/23/2010,1380.0,80.83200073,91.51000214,29.30999947,1256.77002,,0.18,2.97,220.472,9.3,16.47
12/27/2010,1382.400024,80.67900085,91.0,29.23500061,1257.540039,,0.18,2.97,220.472,9.3,17.67
12/28/2010,1405.199951,80.66999817,91.48999786,30.29700089,1258.51001,,0.18,2.97,220.472,9.3,17.52
12/29/2010,1413.099976,80.10199738,91.12000275,30.67900085,1259.780029,,0.18,2.97,220.472,9.3,17.28
12/30/2010,1405.599976,79.79799652,89.83999634,30.48800087,1257.880005,,0.18,2.97,220.472,9.3,17.52
12/31/2010,1421.099976,79.28800201,91.37999725,30.90999985,1257.640015,,0.18,2.97,220.472,9.3,17.75
1/3/2011,1422.599976,79.38400269,91.55000305,31.09600067,1271.869995,,0.17,2.97,221.187,9.1,17.61
1/4/2011,1378.5,79.6989975,89.37999725,29.49200058,1270.199951,,0.17,2.97,221.187,9.1,17.38
1/5/2011,1373.400024,80.53800201,90.30000305,29.17300034,1276.560059,,0.17,2.97,221.187,9.1,17.02
1/6/2011,1371.400024,81.09300232,88.37999725,29.11000061,1273.849976,,0.17,2.97,221.187,9.1,17.4
1/7/2011,1368.5,81.32099915,88.02999878,28.6609993,1271.5,,0.17,2.97,221.187,9.1,17.14
1/10/2011,1373.699951,81.16300201,89.25,28.85099983,1269.75,,0.17,2.97,221.187,9.1,17.54
1/11/2011,1384.0,81.13500214,91.11000061,29.48999977,1274.47998,,0.17,2.97,221.187,9.1,16.89
1/12/2011,1385.699951,80.25,91.86000061,29.53199959,1285.959961,,0.17,2.97,221.187,9.1,16.24
1/13/2011,1386.900024,79.40599823,91.40000153,29.25200081,1283.76001,,0.17,2.97,221.187,9.1,16.39
1/14/2011,1360.400024,79.36599731,91.54000092,28.30900002,1293.23999,,0.17,2.97,221.187,9.1,15.46
1/18/2011,1368.099976,79.16000366,91.37999725,28.90099907,1295.02002,,0.17,2.97,221.187,9.1,15.87
1/19/2011,1370.199951,78.81099701,90.86000061,28.79199982,1281.920044,,0.17,2.97,221.187,9.1,17.31
1/20/2011,1346.5,78.98400116,88.86000061,27.45899963,1280.26001,,0.17,2.97,221.187,9.1,17.99
1/21/2011,1341.0,78.37000275,89.11000061,27.41600037,1283.349976,,0.17,2.97,221.187,9.1,18.47
1/24/2011,1344.5,78.19300079,87.87000275,27.31800079,1290.839966,,0.17,2.97,221.187,9.1,17.65
1/25/2011,1332.300049,78.14499664,86.19000244,26.81100082,1291.180054,,0.17,2.97,221.187,9.1,17.59
1/26/2011,1333.0,78.03500366,87.33000183,27.13199997,1296.630005,,0.17,2.97,221.187,9.1,16.64
1/27/2011,1318.400024,77.85399628,85.63999939,27.04500008,1299.540039,,0.17,2.97,221.187,9.1,16.15
1/28/2011,1340.699951,78.27999878,89.33999634,27.93400002,1276.339966,,0.17,2.97,221.187,9.1,20.04
1/31/2011,1333.800049,77.86499786,92.19000244,28.17399979,1286.119995,,0.17,2.97,221.187,9.1,19.53
2/1/2011,1339.599976,77.19300079,90.76999664,28.52400017,1307.589966,,0.16,3.48,221.898,9.0,17.63
2/2/2011,1331.5,77.27799988,90.86000061,28.29899979,1304.030029,,0.16,3.48,221.898,9.0,17.3
2/3/2011,1352.300049,77.86699677,90.54000092,28.7329998,1307.099976,,0.16,3.48,221.898,9.0,16.69
2/4/2011,1348.300049,78.15699768,89.02999878,29.06399918,1310.869995,,0.16,3.48,221.898,9.0,15.93
2/7/2011,1347.599976,78.12200165,87.48000336,29.34799957,1319.050049,,0.16,3.48,221.898,9.0,16.28
2/8/2011,1363.400024,78.09400177,86.94000244,30.27099991,1324.569946,,0.16,3.48,221.898,9.0,15.81
2/9/2011,1364.800049,77.72100067,86.70999908,30.27300072,1320.880005,,0.16,3.48,221.898,9.0,15.87
2/10/2011,1361.900024,78.32700348,86.73000336,30.0909996,1321.869995,,0.16,3.48,221.898,9.0,16.09
2/11/2011,1359.900024,78.56500244,85.58000183,29.99200058,1329.150024,,0.16,3.48,221.898,9.0,15.69
2/14/2011,1364.599976,78.71700287,84.80999756,30.52899933,1332.319946,,0.16,3.48,221.898,9.0,15.95
2/15/2011,1373.599976,78.66000366,84.31999969,30.69300079,1328.01001,,0.16,3.48,221.898,9.0,16.37
2/16/2011,1374.699951,78.27700043,84.98999786,30.62999916,1336.319946,,0.16,3.48,221.898,9.0,16.72
2/17/2011,1384.699951,78.06500244,86.36000061,31.5720005,1340.430054,,0.16,3.48,221.898,9.0,16.59
2/18/2011,1388.199951,77.72000122,86.19999695,32.29800034,1343.01001,,0.16,3.48,221.898,9.0,16.43
2/22/2011,1400.5,77.82299805,93.56999969,32.86399841,1315.439941,,0.16,3.48,221.898,9.0,20.8
2/23/2011,1413.400024,77.44400024,98.09999847,33.30199814,1307.400024,,0.16,3.48,221.898,9.0,22.13
2/24/2011,1415.300049,77.09600067,97.27999878,33.17900085,1306.099976,,0.16,3.48,221.898,9.0,21.32
2/25/2011,1408.699951,77.30000305,97.87999725,32.89799881,1319.880005,,0.16,3.48,221.898,9.0,19.22
2/28/2011,1409.300049,76.92099762,96.97000122,33.80400085,1327.219971,,0.16,3.48,221.898,9.0,18.35
3/1/2011,1430.699951,77.08300018,99.62999725,34.41600037,1306.329956,,0.14,3.41,223.046,9.0,21.01
3/2/2011,1437.199951,76.68900299,102.2300034,34.82500076,1308.439941,,0.14,3.41,223.046,9.0,20.7
3/3/2011,1416.0,76.49500275,101.9100037,34.31299973,1330.969971,,0.14,3.41,223.046,9.0,18.6
3/4/2011,1428.199951,76.41600037,104.4199982,35.31700134,1321.150024,,0.14,3.41,223.046,9.0,19.06
3/7/2011,1434.099976,76.51399994,105.4400024,35.85499954,1310.130005,,0.14,3.41,223.046,9.0,20.66
3/8/2011,1426.900024,76.80000305,105.0199966,35.65299988,1321.819946,,0.14,3.41,223.046,9.0,19.82
3/9/2011,1429.300049,76.71900177,104.3799973,36.04299927,1320.02002,,0.14,3.41,223.046,9.0,20.22
3/10/2011,1412.199951,77.27400208,102.6999969,35.06399918,1295.109985,,0.14,3.41,223.046,9.0,21.88
3/11/2011,1421.5,76.76999664,101.1600037,35.93299866,1304.280029,,0.14,3.41,223.046,9.0,20.08
3/14/2011,1424.599976,76.46199799,101.1900024,35.82500076,1296.390015,,0.14,3.41,223.046,9.0,21.13
3/15/2011,1392.599976,76.65599823,97.18000031,34.11600113,1281.869995,,0.14,3.41,223.046,9.0,24.32
3/16/2011,1396.0,76.98600006,97.98000336,34.47100067,1256.880005,,0.14,3.41,223.046,9.0,29.4
3/17/2011,1404.0,76.33999634,101.4199982,34.25999832,1273.719971,,0.14,3.41,223.046,9.0,26.37
3/18/2011,1415.900024,75.97100067,101.0699997,35.06000137,1279.209961,,0.14,3.41,223.046,9.0,24.44
3/21/2011,1426.199951,75.65499878,102.3300018,36.0019989,1298.380005,,0.14,3.41,223.046,9.0,20.61
3/22/2011,1427.5,75.67299652,104.0,36.27099991,1293.77002,,0.14,3.41,223.046,9.0,20.21
3/23/2011,1437.900024,76.04599762,105.75,37.20199966,1297.540039,,0.14,3.41,223.046,9.0,19.17
3/24/2011,1434.800049,75.88800049,105.5999985,37.38800049,1309.660034,,0.14,3.41,223.046,9.0,18.0
3/25/2011,1426.099976,76.48500061,105.4000015,37.05799866,1313.800049,,0.14,3.41,223.046,9.0,17.91
3/28/2011,1419.800049,76.37599945,103.9800034,37.09700012,1310.189941,,0.14,3.41,223.046,9.0,19.44
3/29/2011,1416.0,76.5019989,104.7900009,36.97700119,1319.439941,,0.14,3.41,223.046,9.0,18.16
3/30/2011,1423.800049,76.35700226,104.2699966,37.50099945,1328.26001,,0.14,3.41,223.046,9.0,17.71
3/31/2011,1438.900024,76.0719986,106.7200012,37.87200165,1325.829956,,0.14,3.41,223.046,9.0,17.74
4/1/2011,1428.099976,76.08300018,107.9400024,37.73699951,1332.410034,,0.1,3.46,224.093,9.1,17.4
4/4/2011,1432.199951,76.15899658,108.4700012,38.48400116,1332.869995,,0.1,3.46,224.093,9.1,17.5
4/5/2011,1451.800049,76.11100006,108.3399963,39.17499924,1332.630005,,0.1,3.46,224.093,9.1,17.25
4/6/2011,1457.699951,75.75700378,108.8300018,39.38399887,1335.540039,,0.1,3.46,224.093,9.1,16.9
4/7/2011,1458.5,75.80999756,110.3000031,39.54199982,1333.51001,,0.1,3.46,224.093,9.1,17.11
4/8/2011,1473.400024,75.27300262,112.7900009,40.59999847,1328.170044,,0.1,3.46,224.093,9.1,17.87
4/11/2011,1467.400024,75.28199768,109.9199982,40.60400009,1324.459961,,0.1,3.46,224.093,9.1,16.59
4/12/2011,1452.900024,75.06500244,106.25,40.05799866,1314.160034,,0.1,3.46,224.093,9.1,17.09
4/13/2011,1454.900024,75.19000244,107.1100006,40.23500061,1314.410034,,0.1,3.46,224.093,9.1,16.92
4/14/2011,1471.699951,74.88800049,108.1100006,41.6609993,1314.52002,,0.1,3.46,224.093,9.1,16.27
4/15/2011,1485.300049,75.02799988,109.6600037,42.56600189,1319.680054,,0.1,3.46,224.093,9.1,15.32
4/18/2011,1492.300049,75.73000336,107.1200027,42.95700073,1305.140015,,0.1,3.46,224.093,9.1,16.96
4/19/2011,1494.5,75.24900055,108.1500015,43.91899872,1312.619995,,0.1,3.46,224.093,9.1,15.83
4/20/2011,1498.300049,74.56700134,111.4499969,44.46500015,1330.359985,,0.1,3.46,224.093,9.1,15.07
4/21/2011,1503.199951,74.18000031,112.2900009,46.06200027,1337.380005,,0.1,3.46,224.093,9.1,14.69
4/25/2011,1508.599976,74.18099976,112.2799988,47.15100098,1335.25,,0.1,3.46,224.093,9.1,15.77
4/26/2011,1503.0,74.02500153,112.2099991,45.05799866,1347.23999,,0.1,3.46,224.093,9.1,15.62
4/27/2011,1516.699951,73.69100189,112.7600021,45.9640007,1355.660034,,0.1,3.46,224.093,9.1,15.35
4/28/2011,1530.800049,73.31099701,112.8600006,47.52000046,1360.47998,,0.1,3.46,224.093,9.1,14.62
4/29/2011,1556.0,73.10700226,113.9300003,48.58399963,1363.609985,,0.1,3.46,224.093,9.1,14.75
5/2/2011,1556.699951,73.13899994,113.5199966,46.07799911,1361.219971,,0.09,3.46,224.806,9.0,15.99
5/3/2011,1540.099976,73.31500244,111.0500031,42.57600021,1356.619995,,0.09,3.46,224.806,9.0,16.7
5/4/2011,1514.900024,73.21299744,109.2399979,39.38299942,1347.319946,,0.09,3.46,224.806,9.0,17.08
5/5/2011,1480.900024,74.375,99.80000305,36.23099899,1335.099976,,0.09,3.46,224.806,9.0,18.2
5/6/2011,1491.199951,75.08000183,97.18000031,35.28300095,1340.199951,,0.09,3.46,224.806,9.0,18.4
5/9/2011,1502.900024,74.90000153,102.5500031,37.11000061,1346.290039,,0.09,3.46,224.806,9.0,17.16
5/10/2011,1516.599976,74.78199768,103.8799973,38.47999954,1357.160034,,0.09,3.46,224.806,9.0,15.91
5/11/2011,1501.099976,75.51699829,98.20999908,35.50899887,1342.079956,,0.09,3.46,224.806,9.0,16.95
5/12/2011,1506.599976,75.41699982,98.97000122,34.79299927,1348.650024,,0.09,3.46,224.806,9.0,16.03
5/13/2011,1493.400024,75.93800354,99.65000153,35.01100159,1337.77002,,0.09,3.46,224.806,9.0,17.07
5/16/2011,1490.400024,75.65100098,97.37000275,34.12900162,1329.469971,,0.09,3.46,224.806,9.0,18.24
5/17/2011,1479.800049,75.54499817,96.91000366,33.48799896,1328.97998,,0.09,3.46,224.806,9.0,17.55
5/18/2011,1495.599976,75.63200378,100.0999985,35.09400177,1340.680054,,0.09,3.46,224.806,9.0,16.23
5/19/2011,1492.199951,75.27700043,98.44000244,34.92699814,1343.599976,,0.09,3.46,224.806,9.0,15.52
5/20/2011,1508.800049,75.57900238,99.48999786,35.08200073,1333.27002,,0.09,3.46,224.806,9.0,17.43
5/23/2011,1515.300049,76.23400116,97.69999695,34.90100098,1317.369995,,0.09,3.46,224.806,9.0,18.27
5/24/2011,1523.199951,76.02300262,99.58999634,36.12099838,1316.280029,,0.09,3.46,224.806,9.0,17.82
5/25/2011,1526.599976,76.02999878,101.3199997,37.63999939,1320.469971,,0.09,3.46,224.806,9.0,17.07
5/26/2011,1522.800049,75.63200378,100.2300034,37.32600021,1325.689941,,0.09,3.46,224.806,9.0,16.09
5/27/2011,1536.300049,75.01799774,100.5899963,37.85699844,1331.099976,,0.09,3.46,224.806,9.0,15.98
5/31/2011,1535.900024,74.69599915,102.6999969,38.3030014,1345.199951,,0.09,3.46,224.806,9.0,15.45
6/1/2011,1542.400024,74.73100281,100.2900009,37.68899918,1314.550049,,0.09,2.96,224.806,9.1,18.3
6/2/2011,1532.0,74.375,100.4000015,36.20000076,1312.939941,,0.09,2.96,224.806,9.1,18.09
6/3/2011,1541.699951,73.80699921,100.2200012,36.18700027,1300.160034,,0.09,2.96,224.806,9.1,17.95
6/6/2011,1546.5,73.99900055,99.01000214,36.77600098,1286.170044,,0.09,2.96,224.806,9.1,18.49
6/7/2011,1543.300049,73.52799988,99.08999634,37.04000092,1284.939941,,0.09,2.96,224.806,9.1,18.07
6/8/2011,1538.099976,73.93900299,100.7399979,36.61899948,1279.560059,,0.09,2.96,224.806,9.1,18.79
6/9/2011,1542.099976,74.2009964,101.9300003,37.42300034,1289.0,,0.09,2.96,224.806,9.1,17.77
6/10/2011,1528.599976,74.79799652,99.29000092,36.32600021,1270.97998,,0.09,2.96,224.806,9.1,18.86
6/13/2011,1515.0,74.59600067,97.30000305,34.73600006,1271.829956,,0.09,2.96,224.806,9.1,19.61
6/14/2011,1523.800049,74.69200134,99.37000275,35.40999985,1287.869995,,0.09,2.96,224.806,9.1,18.26
6/15/2011,1525.599976,76.0719986,94.80999756,35.40599823,1265.420044,,0.09,2.96,224.806,9.1,21.32
6/16/2011,1529.300049,76.22399902,94.94999695,35.5530014,1267.640015,,0.09,2.96,224.806,9.1,22.73
6/17/2011,1538.599976,75.46099854,93.01000214,35.73899841,1271.5,,0.09,2.96,224.806,9.1,21.85
6/20/2011,1541.5,75.5,93.26000214,36.06499863,1278.359985,,0.09,2.96,224.806,9.1,19.99
6/21/2011,1546.0,74.93099976,93.40000153,36.3730011,1295.52002,,0.09,2.96,224.806,9.1,18.86
6/22/2011,1552.900024,75.18800354,95.41000366,36.73400116,1287.140015,,0.09,2.96,224.806,9.1,18.52
6/23/2011,1520.099976,75.90399933,91.01999664,35.00500107,1283.5,,0.09,2.96,224.806,9.1,19.29
6/24/2011,1500.5,76.20999908,91.16000366,34.64099884,1268.449951,,0.09,2.96,224.806,9.1,21.1
6/27/2011,1496.0,75.82800293,90.61000061,33.58000183,1280.099976,,0.09,2.96,224.806,9.1,20.56
6/28/2011,1499.699951,75.48999786,92.88999939,33.63299942,1296.670044,,0.09,2.96,224.806,9.1,19.17
6/29/2011,1509.900024,75.0739975,94.76999664,34.75,1307.410034,,0.09,2.96,224.806,9.1,17.27
6/30/2011,1502.300049,74.63500214,95.41999817,34.81200027,1320.640015,,0.09,2.96,224.806,9.1,16.52
7/1/2011,1482.300049,74.6740036,94.94000244,33.69400024,1339.670044,,0.07,3.22,225.395,9.0,15.87
7/5/2011,1512.300049,74.98500061,96.88999939,35.40200043,1337.880005,,0.07,3.22,225.395,9.0,16.06
7/6/2011,1528.699951,75.44000244,96.65000153,35.9109993,1339.219971,,0.07,3.22,225.395,9.0,16.34
7/7/2011,1530.199951,75.25700378,98.66999817,36.52799988,1353.219971,,0.07,3.22,225.395,9.0,15.95
7/8/2011,1541.199951,75.51399994,96.19999695,36.5359993,1343.800049,,0.07,3.22,225.395,9.0,15.95
7/11/2011,1548.800049,76.37400055,95.15000153,35.68899918,1319.48999,,0.07,3.22,225.395,9.0,18.39
7/12/2011,1561.900024,76.23400116,97.43000031,35.62900162,1313.640015,,0.07,3.22,225.395,9.0,19.87
7/13/2011,1585.199951,75.54699707,98.05000305,38.14799881,1317.719971,,0.07,3.22,225.395,9.0,19.91
7/14/2011,1589.0,75.56199646,95.69000244,38.68899918,1308.869995,,0.07,3.22,225.395,9.0,20.8
7/15/2011,1589.800049,75.51999664,97.23999786,39.06299973,1316.140015,,0.07,3.22,225.395,9.0,19.53
7/18/2011,1602.099976,75.79299927,95.93000031,40.33300018,1305.439941,,0.07,3.22,225.395,9.0,20.95
7/19/2011,1600.900024,75.51300049,97.5,40.21099854,1326.72998,,0.07,3.22,225.395,9.0,19.21
7/20/2011,1596.699951,75.09400177,98.13999939,39.54600143,1325.839966,,0.07,3.22,225.395,9.0,19.09
7/21/2011,1586.800049,74.23100281,99.12999725,38.93700027,1343.800049,,0.07,3.22,225.395,9.0,17.56
7/22/2011,1601.300049,74.41200256,99.87000275,40.11299896,1345.02002,,0.07,3.22,225.395,9.0,17.52
7/25/2011,1612.0,74.2539978,99.19999695,40.35400009,1337.430054,,0.07,3.22,225.395,9.0,19.35
7/26/2011,1616.599976,73.6289978,99.58999634,40.69100189,1331.939941,,0.07,3.22,225.395,9.0,20.23
7/27/2011,1615.0,74.27300262,97.40000153,40.5530014,1304.890015,,0.07,3.22,225.395,9.0,22.98
7/28/2011,1613.400024,74.39099884,97.44000244,39.77899933,1300.670044,,0.07,3.22,225.395,9.0,23.74
7/29/2011,1628.300049,74.03600311,95.69999695,40.09199905,1292.280029,,0.07,3.22,225.395,9.0,25.25
8/1/2011,1619.0,74.45600128,94.88999939,39.29800034,1286.939941,,0.1,2.77,226.106,9.0,23.66
8/2/2011,1641.900024,74.66600037,93.79000092,40.08100128,1254.050049,,0.1,2.77,226.106,9.0,24.79
8/3/2011,1663.400024,74.1989975,91.93000031,41.74700165,1260.339966,,0.1,2.77,226.106,9.0,23.38
8/4/2011,1656.199951,75.36000061,86.62999725,39.41799927,1200.069946,,0.1,2.77,226.106,9.0,31.66
8/5/2011,1648.800049,74.80200195,86.87999725,38.1969986,1199.380005,,0.1,2.77,226.106,9.0,32.0
8/8/2011,1710.199951,74.93800354,81.30999756,39.37400055,1119.459961,,0.1,2.77,226.106,9.0,48.0
8/9/2011,1740.0,74.72399902,79.30000305,37.8769989,1172.530029,,0.1,2.77,226.106,9.0,35.06
8/10/2011,1781.300049,74.76899719,82.88999939,39.32500076,1120.76001,,0.1,2.77,226.106,9.0,42.99
8/11/2011,1748.800049,74.80999756,85.72000122,38.65599823,1172.640015,,0.1,2.77,226.106,9.0,39.0
8/12/2011,1740.199951,74.74299622,85.37999725,39.10100174,1178.810059,,0.1,2.77,226.106,9.0,36.36
8/15/2011,1755.5,73.92900085,87.87999725,39.29800034,1204.48999,,0.1,2.77,226.106,9.0,31.87
8/16/2011,1782.400024,74.09300232,86.65000153,39.82099915,1192.76001,,0.1,2.77,226.106,9.0,32.85
8/17/2011,1791.199951,73.75800323,87.58000183,40.34999847,1193.890015,,0.1,2.77,226.106,9.0,31.58
8/18/2011,1818.900024,74.31500244,82.37999725,40.68700027,1140.650024,,0.1,2.77,226.106,9.0,42.67
8/19/2011,1848.900024,74.10600281,82.26000214,42.4280014,1123.530029,,0.1,2.77,226.106,9.0,43.05
8/22/2011,1888.699951,74.16799927,84.12000275,43.32099915,1123.819946,,0.1,2.77,226.106,9.0,42.44
8/23/2011,1858.300049,73.96099854,85.44000244,42.28099823,1162.349976,,0.1,2.77,226.106,9.0,36.27
8/24/2011,1754.099976,74.08699799,85.16000366,39.1570015,1177.599976,,0.1,2.77,226.106,9.0,35.9
8/25/2011,1759.800049,74.36199951,85.30000305,40.74000168,1159.27002,,0.1,2.77,226.106,9.0,39.76
8/26/2011,1794.099976,73.8690033,85.37000275,40.9469986,1176.800049,,0.1,2.77,226.106,9.0,35.59
8/29/2011,1788.400024,73.77700043,87.26999664,40.54100037,1210.079956,,0.1,2.77,226.106,9.0,32.28
8/30/2011,1826.699951,73.9960022,88.90000153,41.39799881,1212.920044,,0.1,2.77,226.106,9.0,32.89
8/31/2011,1828.5,74.17299652,88.80999756,41.69900131,1218.890015,,0.1,2.77,226.106,9.0,31.62
9/1/2011,1826.0,74.55699921,88.93000031,41.48199844,1204.420044,,0.08,2.15,226.597,9.0,31.82
9/2/2011,1873.699951,74.83899689,86.44999695,43.02000046,1173.969971,,0.08,2.15,226.597,9.0,33.92
9/6/2011,1869.900024,76.05699921,86.01999664,41.81800079,1165.23999,,0.08,2.15,226.597,9.0,37.0
9/7/2011,1814.199951,75.56600189,89.33999634,41.5719986,1198.619995,,0.08,2.15,226.597,9.0,33.38
9/8/2011,1854.400024,76.35199738,89.05000305,42.47900009,1185.900024,,0.08,2.15,226.597,9.0,34.32
9/9/2011,1856.400024,77.30000305,87.23999786,41.57300186,1154.22998,,0.08,2.15,226.597,9.0,38.52
9/12/2011,1809.900024,77.66600037,88.19000244,40.16400146,1162.27002,,0.08,2.15,226.597,9.0,38.59
9/13/2011,1826.800049,76.99700165,90.20999908,41.1230011,1172.869995,,0.08,2.15,226.597,9.0,36.91
9/14/2011,1823.5,76.875,88.91000366,40.46900177,1188.680054,,0.08,2.15,226.597,9.0,34.6
9/15/2011,1778.5,76.26699829,89.40000153,39.45299911,1209.109985,,0.08,2.15,226.597,9.0,31.97
9/16/2011,1812.099976,76.59300232,87.95999908,40.78099823,1216.01001,,0.08,2.15,226.597,9.0,30.98
9/19/2011,1776.400024,77.43499756,85.69999695,39.11000061,1204.089966,,0.08,2.15,226.597,9.0,32.73
9/20/2011,1806.599976,77.52799988,86.88999939,40.08100128,1202.089966,,0.08,2.15,226.597,9.0,32.86
9/21/2011,1805.5,77.85900116,85.91999817,40.41999817,1166.76001,,0.08,2.15,226.597,9.0,37.32
9/22/2011,1739.199951,79.09999847,80.51000214,36.5379982,1129.560059,,0.08,2.15,226.597,9.0,41.35
9/23/2011,1637.5,79.22799683,79.84999847,30.0510006,1136.430054,,0.08,2.15,226.597,9.0,41.25
9/26/2011,1592.5,79.06300354,80.23999786,29.92700005,1162.949951,,0.08,2.15,226.597,9.0,39.02
9/27/2011,1650.599976,78.02799988,84.44999695,31.49699974,1175.380005,,0.08,2.15,226.597,9.0,37.71
9/28/2011,1616.300049,78.42900085,81.20999908,30.08499908,1151.060059,,0.08,2.15,226.597,9.0,41.08
9/29/2011,1615.5,78.60299683,82.13999939,30.47200012,1160.400024,,0.08,2.15,226.597,9.0,38.84
9/30/2011,1620.400024,79.07499695,79.19999695,30.04100037,1131.420044,,0.08,2.15,226.597,9.0,42.96
10/3/2011,1656.0,79.93699646,77.61000061,30.75,1099.22998,,0.07,2.15,226.75,8.8,45.45
10/4/2011,1614.699951,80.10399628,75.66999817,29.79500008,1123.949951,,0.07,2.15,226.75,8.8,40.82
10/5/2011,1640.300049,79.38500214,79.68000031,30.31699944,1144.030029,,0.07,2.15,226.75,8.8,37.81
10/6/2011,1651.900024,79.08799744,82.58999634,31.96999931,1164.969971,,0.07,2.15,226.75,8.8,36.27
10/7/2011,1634.5,79.14900208,82.98000336,30.95800018,1155.459961,,0.07,2.15,226.75,8.8,36.2
10/10/2011,1669.599976,77.81099701,85.41000366,31.94400024,1194.890015,,0.07,2.15,226.75,8.8,33.02
10/11/2011,1659.699951,77.90799713,85.80999756,31.96299934,1195.540039,,0.07,2.15,226.75,8.8,32.86
10/12/2011,1681.300049,77.27400208,85.56999969,32.75400162,1207.25,,0.07,2.15,226.75,8.8,31.26
10/13/2011,1667.300049,77.28399658,84.23000336,31.63299942,1203.660034,,0.07,2.15,226.75,8.8,30.7
10/14/2011,1681.800049,76.90699768,86.80000305,32.13999939,1224.579956,,0.07,2.15,226.75,8.8,28.24
10/17/2011,1675.5,77.4280014,86.37999725,31.79100037,1200.859985,,0.07,2.15,226.75,8.8,33.39
10/18/2011,1651.699951,77.41200256,88.33999634,31.8010006,1225.380005,,0.07,2.15,226.75,8.8,31.56
10/19/2011,1646.0,77.41600037,86.11000061,31.25200081,1209.880005,,0.07,2.15,226.75,8.8,34.44
10/20/2011,1611.900024,77.23600006,85.30000305,30.26600075,1215.390015,,0.07,2.15,226.75,8.8,34.78
10/21/2011,1635.099976,76.62799835,87.40000153,31.17300034,1238.25,,0.07,2.15,226.75,8.8,31.32
10/24/2011,1651.5,76.26200104,91.26999664,31.62000084,1254.189941,,0.07,2.15,226.75,8.8,29.26
10/25/2011,1699.599976,76.32099915,93.16999817,33.0340004,1229.050049,,0.07,2.15,226.75,8.8,32.22
10/26/2011,1722.699951,76.47299957,90.19999695,33.29100037,1242.0,,0.07,2.15,226.75,8.8,29.86
10/27/2011,1746.699951,75.01100159,93.95999908,35.09500122,1284.589966,,0.07,2.15,226.75,8.8,25.46
10/28/2011,1746.199951,75.21600342,93.31999969,35.27000046,1285.089966,,0.07,2.15,226.75,8.8,24.53
10/31/2011,1724.199951,76.30599976,93.19000244,34.3370018,1253.300049,,0.07,2.15,226.75,8.8,29.96
11/1/2011,1711.0,77.38999939,92.19000244,32.72200012,1218.280029,,0.08,2.01,227.169,8.6,34.77
11/2/2011,1728.699951,77.18099976,92.51000214,33.92900085,1237.900024,,0.08,2.01,227.169,8.6,32.74
11/3/2011,1764.199951,76.85600281,94.06999969,34.48799896,1261.150024,,0.08,2.01,227.169,8.6,30.5
11/4/2011,1755.300049,77.16200256,94.26000214,34.06999969,1253.22998,,0.08,2.01,227.169,8.6,30.16
11/7/2011,1790.300049,77.14099884,95.51999664,34.81200027,1261.119995,,0.08,2.01,227.169,8.6,29.85
11/8/2011,1798.400024,76.75099945,96.80000305,35.13700104,1275.920044,,0.08,2.01,227.169,8.6,27.48
11/9/2011,1790.900024,78.16699982,95.73999786,34.34799957,1229.099976,,0.08,2.01,227.169,8.6,36.16
11/10/2011,1758.900024,77.97299957,97.77999878,34.09500122,1239.699951,,0.08,2.01,227.169,8.6,32.81
11/11/2011,1787.5,77.1309967,98.98999786,34.67100143,1263.849976,,0.08,2.01,227.169,8.6,30.04
11/14/2011,1777.800049,77.75299835,98.13999939,34.01300049,1251.780029,,0.08,2.01,227.169,8.6,31.13
11/15/2011,1781.699951,78.06199646,99.37000275,34.44800186,1257.810059,,0.08,2.01,227.169,8.6,31.22
11/16/2011,1773.800049,78.20600128,102.5899963,33.81399918,1236.910034,,0.08,2.01,227.169,8.6,33.51
11/17/2011,1719.800049,78.48899841,98.81999969,31.49300003,1216.130005,,0.08,2.01,227.169,8.6,34.51
11/18/2011,1724.699951,78.25499725,97.41000366,32.4129982,1215.650024,,0.08,2.01,227.169,8.6,32.0
11/21/2011,1678.300049,78.46299744,96.91999817,31.11300087,1192.97998,,0.08,2.01,227.169,8.6,32.91
11/22/2011,1702.199951,78.43499756,98.01000214,32.94800186,1188.040039,,0.08,2.01,227.169,8.6,31.97
11/23/2011,1695.699951,79.35099792,96.16999817,31.88199997,1161.790039,,0.08,2.01,227.169,8.6,33.98
11/25/2011,1685.5,79.83100128,96.76999664,31.01199913,1158.670044,,0.08,2.01,227.169,8.6,34.47
11/28/2011,1710.800049,79.43599701,98.20999908,32.15999985,1192.550049,,0.08,2.01,227.169,8.6,32.13
11/29/2011,1713.400024,79.15100098,99.79000092,31.85300064,1195.189941,,0.08,2.01,227.169,8.6,30.64
11/30/2011,1745.5,78.49099731,100.3600006,32.73099899,1246.959961,,0.08,2.01,227.169,8.6,27.8
12/1/2011,1735.300049,78.43299866,100.1999969,32.69499969,1244.579956,,0.07,2.11,227.223,8.5,27.41
12/2/2011,1747.0,78.73100281,100.9599991,32.62099838,1244.280029,,0.07,2.11,227.223,8.5,27.52
12/5/2011,1730.699951,78.67099762,100.9899979,32.30599976,1257.079956,,0.07,2.11,227.223,8.5,27.84
12/6/2011,1727.900024,78.57099915,101.2799988,32.67200089,1258.469971,,0.07,2.11,227.223,8.5,28.13
12/7/2011,1740.900024,78.55200195,100.4899979,32.55500031,1261.01001,,0.07,2.11,227.223,8.5,28.67
12/8/2011,1709.800049,78.91200256,98.33999634,31.46699905,1234.349976,,0.07,2.11,227.223,8.5,30.59
12/9/2011,1712.800049,78.68099976,99.41000366,32.17300034,1255.189941,,0.07,2.11,227.223,8.5,26.38
12/12/2011,1664.199951,79.58000183,97.76999664,30.93499947,1236.469971,,0.07,2.11,227.223,8.5,25.67
12/13/2011,1659.900024,80.28900146,100.1399994,31.19499969,1225.72998,,0.07,2.11,227.223,8.5,25.41
12/14/2011,1584.300049,80.62200165,94.94999695,28.88100052,1211.819946,,0.07,2.11,227.223,8.5,26.04
12/15/2011,1574.599976,80.34100342,93.87000275,29.22500038,1215.75,,0.07,2.11,227.223,8.5,25.11
12/16/2011,1595.599976,80.24900055,93.52999878,29.61499977,1219.660034,,0.07,2.11,227.223,8.5,24.29
12/19/2011,1594.400024,80.20700073,93.87999725,28.8220005,1205.349976,,0.07,2.11,227.223,8.5,24.92
12/20/2011,1615.599976,80.27300262,97.22000122,29.49600029,1241.300049,,0.07,2.11,227.223,8.5,23.22
12/21/2011,1611.900024,80.34999847,98.66999817,29.19799995,1243.719971,,0.07,2.11,227.223,8.5,21.43
12/22/2011,1608.900024,80.30599976,99.52999878,29.00099945,1254.0,,0.07,2.11,227.223,8.5,21.16
12/23/2011,1604.699951,80.23600006,99.68000031,29.04599953,1265.329956,,0.07,2.11,227.223,8.5,20.73
12/27/2011,1594.199951,80.13500214,101.3399963,28.6970005,1265.430054,,0.07,2.11,227.223,8.5,21.91
12/28/2011,1562.900024,80.88300323,99.36000061,27.19199944,1249.640015,,0.07,2.11,227.223,8.5,23.52
12/29/2011,1539.900024,80.91100311,99.65000153,27.27400017,1263.02002,,0.07,2.11,227.223,8.5,22.65
12/30/2011,1565.800049,80.52200317,98.83000183,27.875,1257.599976,,0.07,2.11,227.223,8.5,23.4
1/3/2012,1599.699951,79.91200256,102.9599991,29.53300095,1277.060059,,0.08,2.11,227.842,8.3,22.97
1/4/2012,1611.900024,80.42500305,103.2200012,29.06299973,1277.300049,,0.08,2.11,227.842,8.3,22.22
1/5/2012,1619.400024,81.25,101.8099976,29.26499939,1281.060059,,0.08,2.11,227.842,8.3,21.48
1/6/2012,1616.099976,81.59700012,101.5599976,28.65299988,1277.810059,,0.08,2.11,227.842,8.3,20.63
1/9/2012,1607.5,81.38800049,101.3099976,28.74900055,1280.699951,,0.08,2.11,227.842,8.3,21.07
1/10/2012,1631.0,81.10099792,102.2399979,29.78300095,1292.079956,,0.08,2.11,227.842,8.3,20.69
1/11/2012,1639.199951,81.61399841,100.8700027,29.8579998,1292.47998,,0.08,2.11,227.842,8.3,21.05
1/12/2012,1647.300049,81.03600311,99.09999847,30.09199905,1295.5,,0.08,2.11,227.842,8.3,20.47
1/13/2012,1630.400024,81.79100037,98.69999695,29.49300003,1289.089966,,0.08,2.11,227.842,8.3,20.91
1/17/2012,1655.199951,81.42900085,100.7099991,30.1060009,1293.670044,,0.08,2.11,227.842,8.3,22.2
1/18/2012,1659.5,80.8219986,100.5899963,30.51399994,1308.040039,,0.08,2.11,227.842,8.3,20.89
1/19/2012,1654.099976,80.40499878,100.3899994,30.48200035,1314.5,,0.08,2.11,227.842,8.3,19.87
1/20/2012,1663.699951,80.40599823,98.45999908,31.64699936,1315.380005,,0.08,2.11,227.842,8.3,18.28
1/23/2012,1678.0,79.93399811,99.58000183,32.23300171,1316.0,,0.08,2.11,227.842,8.3,18.67
1/24/2012,1664.199951,80.02600098,98.94999695,31.93099976,1314.650024,,0.08,2.11,227.842,8.3,18.91
1/25/2012,1699.800049,79.71700287,99.40000153,33.09199905,1326.060059,,0.08,2.11,227.842,8.3,18.31
1/26/2012,1726.300049,79.51300049,99.69999695,33.70199966,1318.430054,,0.08,2.11,227.842,8.3,18.57
1/27/2012,1731.800049,79.01100159,99.55999756,33.74700165,1316.329956,,0.08,2.11,227.842,8.3,18.53
1/30/2012,1731.0,79.30200195,98.77999878,33.49700165,1313.01001,,0.08,2.11,227.842,8.3,19.4
1/31/2012,1737.800049,79.41699982,98.48000336,33.23300171,1312.410034,,0.08,2.11,227.842,8.3,19.44
2/1/2012,1747.099976,79.03299713,97.61000061,33.77799988,1324.089966,,0.1,1.87,228.329,8.3,18.55
2/2/2012,1756.800049,79.11000061,96.36000061,34.15100098,1325.540039,,0.1,1.87,228.329,8.3,17.98
2/3/2012,1737.900024,79.05699921,97.83999634,33.72499847,1344.900024,,0.1,1.87,228.329,8.3,17.1
2/6/2012,1722.800049,79.18599701,96.91000366,33.72200012,1344.329956,,0.1,1.87,228.329,8.3,17.76
2/7/2012,1746.400024,78.67500305,98.41000366,34.16500092,1347.050049,,0.1,1.87,228.329,8.3,17.65
2/8/2012,1729.300049,78.73400116,98.70999908,33.67300034,1349.959961,,0.1,1.87,228.329,8.3,18.16
2/9/2012,1739.0,78.65200043,99.83999634,33.88399887,1351.949951,,0.1,1.87,228.329,8.3,18.63
2/10/2012,1723.300049,79.22599792,98.66999817,33.57600021,1342.640015,,0.1,1.87,228.329,8.3,20.79
2/13/2012,1723.0,79.04499817,100.9100037,33.69599915,1351.77002,,0.1,1.87,228.329,8.3,19.04
2/14/2012,1715.900024,79.69400024,100.7399979,33.32600021,1350.5,,0.1,1.87,228.329,8.3,19.54
2/15/2012,1726.300049,79.78299713,101.8000031,33.38600159,1343.22998,,0.1,1.87,228.329,8.3,21.14
2/16/2012,1726.800049,79.45500183,102.3099976,33.35400009,1358.040039,,0.1,1.87,228.329,8.3,19.22
2/17/2012,1724.5,79.45600128,103.2399979,33.20000076,1361.22998,,0.1,1.87,228.329,8.3,17.78
2/21/2012,1757.099976,79.13600159,105.8399963,34.4129982,1362.209961,,0.1,1.87,228.329,8.3,18.19
2/22/2012,1770.0,79.3030014,106.2799988,34.23899841,1357.660034,,0.1,1.87,228.329,8.3,18.19
2/23/2012,1784.900024,78.88600159,107.8300018,35.54399872,1363.459961,,0.1,1.87,228.329,8.3,16.8
2/24/2012,1775.099976,78.40100098,109.7699966,35.33200073,1365.73999,,0.1,1.87,228.329,8.3,17.31
2/27/2012,1773.599976,78.57800293,108.5599976,35.51599884,1367.589966,,0.1,1.87,228.329,8.3,18.19
2/28/2012,1787.0,78.30000305,106.5500031,37.13999939,1372.180054,,0.1,1.87,228.329,8.3,17.96
2/29/2012,1709.900024,78.79399872,107.0699997,34.58300018,1365.680054,,0.1,1.87,228.329,8.3,18.43
3/1/2012,1721.099976,78.83399963,108.8399963,35.61100006,1374.089966,,0.13,2.03,228.807,8.2,17.26
3/2/2012,1708.800049,79.46199799,106.6999969,34.48099899,1369.630005,,0.13,2.03,228.807,8.2,17.29
3/5/2012,1703.0,79.36499786,106.7200012,33.65100098,1364.329956,,0.13,2.03,228.807,8.2,18.05
3/6/2012,1671.400024,79.9260025,104.6999969,32.74100113,1343.359985,,0.13,2.03,228.807,8.2,20.87
3/7/2012,1683.300049,79.76300049,106.1600037,33.54299927,1352.630005,,0.13,2.03,228.807,8.2,19.07
3/8/2012,1698.099976,79.17900085,106.5800018,33.78900146,1365.910034,,0.13,2.03,228.807,8.2,17.95
3/9/2012,1710.900024,80.08399963,107.4000015,34.17499924,1370.869995,,0.13,2.03,228.807,8.2,17.11
3/12/2012,1699.199951,79.91300201,106.3399963,33.37400055,1371.089966,,0.13,2.03,228.807,8.2,15.64
3/13/2012,1693.699951,80.20999908,106.7099991,33.54399872,1395.949951,,0.13,2.03,228.807,8.2,14.8
3/14/2012,1642.5,80.53600311,105.4300003,32.14699936,1394.280029,,0.13,2.03,228.807,8.2,15.31
3/15/2012,1659.099976,80.13600159,105.1100006,32.69300079,1402.599976,,0.13,2.03,228.807,8.2,15.42
3/16/2012,1655.5,79.73400116,107.0599976,32.57300186,1404.170044,,0.13,2.03,228.807,8.2,14.47
3/19/2012,1666.900024,79.71199799,108.0899963,32.92599869,1409.75,,0.13,2.03,228.807,8.2,15.04
3/20/2012,1646.699951,79.82499695,105.6100006,31.80500031,1405.52002,,0.13,2.03,228.807,8.2,15.58
3/21/2012,1650.0,79.89600372,107.2699966,32.19900131,1402.890015,,0.13,2.03,228.807,8.2,15.13
3/22/2012,1642.300049,79.9980011,105.3499985,31.31900024,1392.780029,,0.13,2.03,228.807,8.2,15.57
3/23/2012,1662.300049,79.5759964,106.8700027,32.2480011,1397.109985,,0.13,2.03,228.807,8.2,14.82
3/26/2012,1685.5,79.17900085,107.0299988,32.72600174,1416.51001,,0.13,2.03,228.807,8.2,14.26
3/27/2012,1684.800049,79.22200012,107.3300018,32.60100174,1412.52002,,0.13,2.03,228.807,8.2,15.59
3/28/2012,1657.900024,79.2990036,105.4100037,31.81599998,1405.540039,,0.13,2.03,228.807,8.2,15.47
3/29/2012,1652.199951,79.35700226,102.7799988,31.97800064,1403.280029,,0.13,2.03,228.807,8.2,15.48
3/30/2012,1669.300049,79.13800049,103.0199966,32.46900177,1408.469971,,0.13,2.03,228.807,8.2,15.5
4/2/2012,1677.5,78.96299744,105.2300034,33.08300018,1419.040039,,0.14,2.03,229.187,8.2,15.64
4/3/2012,1670.0,79.64099884,104.0100021,33.25,1413.380005,,0.14,2.03,229.187,8.2,15.66
4/4/2012,1612.300049,79.9489975,101.4700012,31.02899933,1398.959961,,0.14,2.03,229.187,8.2,16.44
4/5/2012,1628.5,80.29299927,103.3099976,31.7159996,1398.079956,,0.14,2.03,229.187,8.2,16.7
4/9/2012,1642.5,79.91899872,102.4599991,31.51300049,1382.199951,,0.14,2.03,229.187,8.2,18.81
4/10/2012,1659.5,80.09799957,101.0199966,31.67000008,1358.589966,,0.14,2.03,229.187,8.2,20.39
4/11/2012,1659.0,79.99299622,102.6999969,31.51099968,1368.709961,,0.14,2.03,229.187,8.2,20.02
4/12/2012,1679.5,79.4489975,103.6399994,32.51499939,1387.569946,,0.14,2.03,229.187,8.2,17.2
4/13/2012,1659.099976,80.05500031,102.8300018,31.37999916,1370.26001,,0.14,2.03,229.187,8.2,19.55
4/16/2012,1648.699951,79.73200226,102.9300003,31.36400032,1369.569946,,0.14,2.03,229.187,8.2,19.55
4/17/2012,1650.300049,79.6269989,104.1999969,31.66500092,1390.780029,,0.14,2.03,229.187,8.2,18.46
4/18/2012,1638.800049,79.6740036,102.6699982,31.47800064,1385.140015,,0.14,2.03,229.187,8.2,18.64
4/19/2012,1640.599976,79.70700073,102.2699966,31.77099991,1376.920044,,0.14,2.03,229.187,8.2,18.36
4/20/2012,1642.099976,79.31300354,103.0500031,31.6439991,1378.530029,,0.14,2.03,229.187,8.2,17.44
4/23/2012,1631.900024,79.53600311,103.1100006,30.52499962,1366.939941,,0.14,2.03,229.187,8.2,18.97
4/24/2012,1643.0,79.3259964,103.5500031,30.73999977,1371.969971,,0.14,2.03,229.187,8.2,18.1
4/25/2012,1641.400024,79.11100006,104.1200027,30.35099983,1390.689941,,0.14,2.03,229.187,8.2,16.82
4/26/2012,1659.599976,79.00099945,104.5500031,31.20299911,1399.97998,,0.14,2.03,229.187,8.2,16.24
4/27/2012,1664.0,78.75700378,104.9300003,31.34700012,1403.359985,,0.14,2.03,229.187,8.2,16.32
4/30/2012,1663.400024,78.84799957,104.8700027,30.95899963,1397.910034,,0.14,2.03,229.187,8.2,17.15
5/1/2012,1661.699951,78.93499756,106.1600037,30.87700081,1405.819946,,0.16,1.98,228.713,8.2,16.6
5/2/2012,1653.400024,79.2009964,105.2200012,30.59199905,1402.310059,,0.16,1.98,228.713,8.2,16.88
5/3/2012,1634.199951,79.29299927,102.5400009,29.95899963,1391.569946,,0.16,1.98,228.713,8.2,17.56
5/4/2012,1644.699951,79.58699799,98.48999786,30.37999916,1369.099976,,0.16,1.98,228.713,8.2,19.16
5/7/2012,1638.599976,79.71499634,97.94000244,30.0720005,1369.579956,,0.16,1.98,228.713,8.2,18.94
5/8/2012,1604.0,79.84899902,97.01000214,29.41399956,1363.719971,,0.16,1.98,228.713,8.2,19.05
5/9/2012,1593.699951,80.23200226,96.80999756,29.1970005,1354.579956,,0.16,1.98,228.713,8.2,20.08
5/10/2012,1595.099976,80.25700378,97.08000183,29.13599968,1357.98999,,0.16,1.98,228.713,8.2,18.83
5/11/2012,1583.599976,80.40399933,96.12999725,28.8579998,1353.390015,,0.16,1.98,228.713,8.2,19.89
5/14/2012,1560.599976,80.7480011,94.77999878,28.31900024,1338.349976,,0.16,1.98,228.713,8.2,21.87
5/15/2012,1556.800049,81.37999725,93.98000336,28.05400085,1330.660034,,0.16,1.98,228.713,8.2,21.97
5/16/2012,1536.199951,81.52400208,92.80999756,27.17000008,1324.800049,,0.16,1.98,228.713,8.2,22.27
5/17/2012,1574.5,81.54000092,92.55999756,27.99600029,1304.859985,,0.16,1.98,228.713,8.2,24.49
5/18/2012,1591.599976,81.4240036,91.48000336,28.69400024,1295.219971,,0.16,1.98,228.713,8.2,25.1
5/21/2012,1588.400024,81.23200226,92.56999969,28.30400085,1315.98999,,0.16,1.98,228.713,8.2,22.01
5/22/2012,1576.300049,81.64800262,91.66000366,28.16500092,1316.630005,,0.16,1.98,228.713,8.2,22.48
5/23/2012,1548.099976,82.23500061,89.90000153,27.50799942,1318.859985,,0.16,1.98,228.713,8.2,22.33
5/24/2012,1557.300049,82.48699951,90.66000366,28.1420002,1320.680054,,0.16,1.98,228.713,8.2,21.54
5/25/2012,1568.800049,82.52300262,90.86000061,28.37000084,1317.819946,,0.16,1.98,228.713,8.2,21.76
5/29/2012,1548.599976,82.58100128,90.76000214,27.7670002,1332.420044,,0.16,1.98,228.713,8.2,21.03
5/30/2012,1563.400024,83.08599854,87.81999969,27.96199989,1313.319946,,0.16,1.98,228.713,8.2,24.14
5/31/2012,1562.599976,83.1289978,86.52999878,27.74099922,1310.329956,,0.16,1.98,228.713,8.2,24.06
6/1/2012,1620.5,82.97299957,83.23000336,28.49699974,1278.040039,,0.16,1.47,228.524,8.2,26.66
6/4/2012,1612.199951,82.66100311,83.98000336,27.99200058,1278.180054,,0.16,1.47,228.524,8.2,26.12
6/5/2012,1615.199951,82.91300201,84.29000092,28.38999939,1285.5,,0.16,1.47,228.524,8.2,24.68
6/6/2012,1632.800049,82.3789978,85.01999664,29.47599983,1315.130005,,0.16,1.47,228.524,8.2,22.16
6/7/2012,1586.599976,82.10600281,84.81999969,28.5189991,1314.98999,,0.16,1.47,228.524,8.2,21.72
6/8/2012,1590.099976,82.56199646,84.09999847,28.46100044,1325.660034,,0.16,1.47,228.524,8.2,21.23
6/11/2012,1595.5,82.54799652,82.69999695,28.6060009,1308.930054,,0.16,1.47,228.524,8.2,23.56
6/12/2012,1612.699951,82.4489975,83.31999969,28.94300079,1324.180054,,0.16,1.47,228.524,8.2,22.09
6/13/2012,1618.099976,82.05699921,82.62000275,28.93499947,1314.880005,,0.16,1.47,228.524,8.2,24.27
6/14/2012,1618.400024,81.98799896,83.91000366,28.40099907,1329.099976,,0.16,1.47,228.524,8.2,21.68
6/15/2012,1627.0,81.60500336,84.02999878,28.73399925,1342.839966,,0.16,1.47,228.524,8.2,21.11
6/18/2012,1625.699951,81.85399628,83.26999664,28.66500092,1344.780029,,0.16,1.47,228.524,8.2,18.32
6/19/2012,1622.199951,81.58599854,84.02999878,28.36199951,1357.97998,,0.16,1.47,228.524,8.2,18.38
6/20/2012,1614.800049,81.73400116,81.80000305,28.38299942,1355.689941,,0.16,1.47,228.524,8.2,17.24
6/21/2012,1564.5,82.48799896,78.19999695,26.83300018,1325.51001,,0.16,1.47,228.524,8.2,20.08
6/22/2012,1566.0,82.44200134,79.76000214,26.65699959,1335.02002,,0.16,1.47,228.524,8.2,18.11
6/25/2012,1587.5,82.66200256,79.20999908,27.51799965,1313.719971,,0.16,1.47,228.524,8.2,20.38
6/26/2012,1574.0,82.53900146,79.36000061,27.03700066,1319.98999,,0.16,1.47,228.524,8.2,19.72
6/27/2012,1577.5,82.80999756,80.20999908,26.94099998,1331.849976,,0.16,1.47,228.524,8.2,19.45
6/28/2012,1549.699951,83.00700378,77.69000244,26.24699974,1329.040039,,0.16,1.47,228.524,8.2,19.71
6/29/2012,1603.5,81.75299835,84.95999908,27.57999992,1362.160034,,0.16,1.47,228.524,8.2,17.08
7/2/2012,1597.199951,82.00800323,83.75,27.46800041,1365.51001,,0.16,1.47,228.59,8.2,16.8
7/3/2012,1621.300049,81.87200165,87.66000366,28.24300003,1374.02002,,0.16,1.47,228.59,8.2,16.66
7/5/2012,1608.900024,82.94200134,87.22000122,27.63800049,1367.579956,,0.16,1.47,228.59,8.2,17.5
7/6/2012,1578.400024,83.56099701,84.44999695,26.88899994,1354.680054,,0.16,1.47,228.59,8.2,17.1
7/9/2012,1588.599976,83.35099792,85.98999786,27.4109993,1352.459961,,0.16,1.47,228.59,8.2,17.98
7/10/2012,1579.300049,83.55899811,83.91000366,26.85099983,1341.469971,,0.16,1.47,228.59,8.2,18.72
7/11/2012,1575.199951,83.72799683,85.80999756,26.99500084,1341.449951,,0.16,1.47,228.59,8.2,17.95
7/12/2012,1564.900024,83.80899811,86.08000183,27.13599968,1334.76001,,0.16,1.47,228.59,8.2,18.33
7/13/2012,1591.599976,83.47399902,87.09999847,27.34399986,1356.780029,,0.16,1.47,228.59,8.2,16.74
7/16/2012,1591.199951,83.21800232,88.43000031,27.29700089,1353.640015,,0.16,1.47,228.59,8.2,17.11
7/17/2012,1589.099976,83.16799927,89.22000122,27.29199982,1363.670044,,0.16,1.47,228.59,8.2,16.48
7/18/2012,1570.400024,83.19599915,89.87000275,27.07099915,1372.780029,,0.16,1.47,228.59,8.2,16.16
7/19/2012,1580.099976,82.98000336,92.66000366,27.19400024,1376.51001,,0.16,1.47,228.59,8.2,15.45
7/20/2012,1582.5,83.57299805,91.44000244,27.27899933,1362.660034,,0.16,1.47,228.59,8.2,16.27
7/23/2012,1577.099976,83.81500244,88.13999939,27.0189991,1350.52002,,0.16,1.47,228.59,8.2,18.62
7/24/2012,1576.0,84.14499664,88.5,26.79000092,1338.310059,,0.16,1.47,228.59,8.2,20.47
7/25/2012,1608.0,83.64099884,88.97000122,27.44499969,1337.890015,,0.16,1.47,228.59,8.2,19.34
7/26/2012,1615.0,82.85900116,89.38999939,27.43099976,1360.02002,,0.16,1.47,228.59,8.2,17.53
7/27/2012,1617.900024,82.76499939,90.12999725,27.47800064,1385.969971,,0.16,1.47,228.59,8.2,16.7
7/30/2012,1619.699951,82.86799622,89.77999878,28.01399994,1385.300049,,0.16,1.47,228.59,8.2,18.03
7/31/2012,1610.5,82.70999908,88.05999756,27.89500046,1379.319946,,0.16,1.47,228.59,8.2,18.93
8/1/2012,1603.699951,83.1780014,88.91000366,27.5170002,1375.319946,,0.13,1.56,229.918,8.1,18.96
8/2/2012,1587.400024,83.4509964,87.12999725,26.9810009,1365.0,,0.13,1.56,229.918,8.1,17.57
8/3/2012,1606.0,82.44599915,91.40000153,27.79000092,1390.98999,,0.13,1.56,229.918,8.1,15.64
8/6/2012,1612.900024,82.30400085,92.19999695,27.85199928,1394.22998,,0.13,1.56,229.918,8.1,15.95
8/7/2012,1609.699951,82.25,93.66999817,28.07500076,1401.349976,,0.13,1.56,229.918,8.1,15.99
8/8/2012,1612.900024,82.43900299,93.34999847,28.06699944,1402.219971,,0.13,1.56,229.918,8.1,15.32
8/9/2012,1617.099976,82.70999908,93.36000061,28.09000015,1402.800049,,0.13,1.56,229.918,8.1,15.28
8/10/2012,1619.699951,82.6309967,92.87000275,28.05500031,1405.869995,,0.13,1.56,229.918,8.1,14.74
8/13/2012,1609.599976,82.48600006,92.73000336,27.76000023,1404.109985,,0.13,1.56,229.918,8.1,13.7
8/14/2012,1599.400024,82.52700043,93.43000031,27.75600052,1403.930054,,0.13,1.56,229.918,8.1,14.85
8/15/2012,1603.699951,82.71099854,94.33000183,27.80500031,1405.530029,,0.13,1.56,229.918,8.1,14.63
8/16/2012,1616.099976,82.41699982,95.59999847,28.20499992,1415.51001,,0.13,1.56,229.918,8.1,14.29
8/17/2012,1616.300049,82.66300201,96.01000214,27.99500084,1418.160034,,0.13,1.56,229.918,8.1,13.45
8/20/2012,1620.099976,82.5,95.97000122,28.58600044,1418.130005,,0.13,1.56,229.918,8.1,14.02
8/21/2012,1639.900024,81.91999817,96.68000031,29.42099953,1413.170044,,0.13,1.56,229.918,8.1,15.02
8/22/2012,1637.400024,81.49700165,97.26000214,29.54899979,1413.48999,,0.13,1.56,229.918,8.1,15.11
8/23/2012,1669.599976,81.35900116,96.26999664,30.4470005,1402.079956,,0.13,1.56,229.918,8.1,15.96
8/24/2012,1669.800049,81.60299683,96.15000153,30.6060009,1411.130005,,0.13,1.56,229.918,8.1,15.18
8/27/2012,1672.400024,81.69100189,95.47000122,31.03899956,1410.439941,,0.13,1.56,229.918,8.1,16.35
8/28/2012,1666.5,81.3809967,96.33000183,30.86899948,1409.300049,,0.13,1.56,229.918,8.1,16.49
8/29/2012,1659.800049,81.56400299,95.48999786,30.83099937,1410.48999,,0.13,1.56,229.918,8.1,17.06
8/30/2012,1653.5,81.71299744,94.62000275,30.36700058,1399.47998,,0.13,1.56,229.918,8.1,17.83
8/31/2012,1684.599976,81.21600342,96.47000122,31.37000084,1406.579956,,0.13,1.56,229.918,8.1,17.47
9/4/2012,1692.900024,81.31600189,95.30000305,32.34799957,1404.939941,,0.14,1.56,231.015,7.8,17.98
9/5/2012,1690.800049,81.23500061,95.36000061,32.27199936,1403.439941,,0.14,1.56,231.015,7.8,17.74
9/6/2012,1702.599976,81.03299713,95.52999878,32.61899948,1432.119995,,0.14,1.56,231.015,7.8,15.6
9/7/2012,1737.5,80.23400116,96.41999817,33.63299942,1437.920044,,0.14,1.56,231.015,7.8,14.38
9/10/2012,1728.699951,80.34300232,96.54000092,33.57400131,1429.079956,,0.14,1.56,231.015,7.8,16.28
9/11/2012,1731.800049,79.83599854,97.16999817,33.50899887,1433.560059,,0.14,1.56,231.015,7.8,16.41
9/12/2012,1730.599976,79.72299957,97.01000214,33.23300171,1436.560059,,0.14,1.56,231.015,7.8,15.8
9/13/2012,1769.099976,79.23699951,98.30999756,34.7159996,1459.98999,,0.14,1.56,231.015,7.8,14.05
9/14/2012,1769.800049,78.84100342,99.0,34.60300064,1465.77002,,0.14,1.56,231.015,7.8,14.51
9/17/2012,1767.699951,78.84300232,96.62000275,34.29800034,1461.189941,,0.14,1.56,231.015,7.8,14.59
9/18/2012,1768.400024,79.34600067,95.29000092,34.64400101,1459.319946,,0.14,1.56,231.015,7.8,14.18
9/19/2012,1769.0,79.1269989,91.98000336,34.51900101,1461.050049,,0.14,1.56,231.015,7.8,13.88
9/20/2012,1767.699951,79.47799683,91.87000275,34.61800003,1460.26001,,0.14,1.56,231.015,7.8,14.07
9/21/2012,1775.5,79.39800262,92.88999939,34.56700134,1460.150024,,0.14,1.56,231.015,7.8,13.98
9/24/2012,1762.099976,79.57700348,91.93000031,33.92100143,1456.890015,,0.14,1.56,231.015,7.8,14.15
9/25/2012,1763.800049,79.60800171,91.37000275,33.88600159,1441.589966,,0.14,1.56,231.015,7.8,15.43
9/26/2012,1750.599976,79.94799805,89.98000336,33.88299942,1433.319946,,0.14,1.56,231.015,7.8,16.81
9/27/2012,1777.599976,79.59200287,91.84999847,34.59500122,1447.150024,,0.14,1.56,231.015,7.8,14.84
9/28/2012,1771.099976,80.02500153,92.19000244,34.51699829,1440.670044,,0.14,1.56,231.015,7.8,15.73
10/1/2012,1780.5,79.90899658,92.48000336,34.88100052,1444.48999,,0.16,1.64,231.638,7.8,16.32
10/2/2012,1772.699951,79.83000183,91.88999939,34.60400009,1445.75,,0.16,1.64,231.638,7.8,15.71
10/3/2012,1777.300049,80.06400299,88.13999939,34.63100052,1450.98999,,0.16,1.64,231.638,7.8,15.43
10/4/2012,1794.099976,79.44000244,91.70999908,35.04100037,1461.400024,,0.16,1.64,231.638,7.8,14.55
10/5/2012,1778.599976,79.4280014,89.87999725,34.51599884,1460.930054,,0.16,1.64,231.638,7.8,14.33
10/8/2012,1773.5,79.62200165,89.33000183,33.98199844,1455.880005,,0.16,1.64,231.638,7.8,15.11
10/9/2012,1763.0,80.06900024,92.38999939,33.95100021,1441.47998,,0.16,1.64,231.638,7.8,16.37
10/10/2012,1763.199951,80.01699829,91.25,34.07300186,1432.560059,,0.16,1.64,231.638,7.8,16.29
10/11/2012,1768.800049,79.86000061,92.06999969,34.04600143,1432.839966,,0.16,1.64,231.638,7.8,15.59
10/12/2012,1758.0,79.73999786,91.86000061,33.63299942,1428.589966,,0.16,1.64,231.638,7.8,16.14
10/15/2012,1736.0,79.80599976,91.84999847,32.70700073,1440.130005,,0.16,1.64,231.638,7.8,15.27
10/16/2012,1744.699951,79.46399689,92.08999634,32.92200089,1454.920044,,0.16,1.64,231.638,7.8,15.22
10/17/2012,1751.5,79.05899811,92.12000275,33.1969986,1460.910034,,0.16,1.64,231.638,7.8,15.07
10/18/2012,1743.300049,79.42500305,92.09999847,32.83800125,1457.339966,,0.16,1.64,231.638,7.8,15.03
10/19/2012,1722.800049,79.68800354,90.05000305,32.07300186,1433.189941,,0.16,1.64,231.638,7.8,17.06
10/22/2012,1725.099976,79.73600006,88.73000336,32.22700119,1433.819946,,0.16,1.64,231.638,7.8,16.62
10/23/2012,1708.300049,80.08000183,86.66999817,31.76799965,1413.109985,,0.16,1.64,231.638,7.8,18.83
10/24/2012,1700.5,80.01499939,85.73000336,31.59499931,1408.75,,0.16,1.64,231.638,7.8,18.33
10/25/2012,1712.0,80.11799622,86.05000305,32.04899979,1412.969971,,0.16,1.64,231.638,7.8,18.12
10/26/2012,1710.900024,80.15599823,86.27999878,32.01100159,1411.939941,,0.16,1.64,231.638,7.8,17.81
10/31/2012,1717.5,79.98699951,86.23999786,32.2879982,1412.160034,,0.16,1.64,231.638,7.8,18.6
11/1/2012,1714.099976,80.13600159,87.08999634,32.22600174,1427.589966,,0.16,1.75,231.249,7.7,16.69
11/2/2012,1674.099976,80.68299866,84.86000061,30.83499908,1414.199951,,0.16,1.75,231.249,7.7,17.59
11/5/2012,1682.199951,80.84300232,85.65000153,31.11300087,1417.26001,,0.16,1.75,231.249,7.7,18.42
11/6/2012,1714.099976,80.71499634,88.70999908,32.01900101,1428.390015,,0.16,1.75,231.249,7.7,17.58
11/7/2012,1713.199951,80.86699677,84.44000244,31.65099907,1394.530029,,0.16,1.75,231.249,7.7,19.08
11/8/2012,1725.400024,80.88600159,85.08999634,32.23099899,1377.51001,,0.16,1.75,231.249,7.7,18.49
11/9/2012,1730.300049,81.09799957,86.06999969,32.59000015,1379.849976,,0.16,1.75,231.249,7.7,18.61
11/12/2012,1730.300049,81.10600281,85.56999969,32.51300049,1380.030029,,0.16,1.75,231.249,7.7,16.68
11/13/2012,1724.199951,81.13999939,85.37999725,32.47800064,1374.530029,,0.16,1.75,231.249,7.7,16.65
11/14/2012,1729.5,81.09999847,86.31999969,32.87099838,1355.48999,,0.16,1.75,231.249,7.7,17.92
11/15/2012,1713.300049,81.13800049,85.44999695,32.66500092,1353.329956,,0.16,1.75,231.249,7.7,17.99
11/16/2012,1714.300049,81.30999756,86.66999817,32.36100006,1359.880005,,0.16,1.75,231.249,7.7,16.41
11/19/2012,1734.0,80.92199707,89.27999878,33.18099976,1386.890015,,0.16,1.75,231.249,7.7,15.24
11/20/2012,1723.199951,81.0,86.75,32.92300034,1387.810059,,0.16,1.75,231.249,7.7,15.08
11/21/2012,1727.900024,80.96600342,87.37999725,33.34400177,1391.030029,,0.16,1.75,231.249,7.7,15.31
11/23/2012,1751.300049,80.23600006,88.27999878,34.11100006,1409.150024,,0.16,1.75,231.249,7.7,15.14
11/26/2012,1749.5,80.26599884,87.73999786,34.13800049,1406.290039,,0.16,1.75,231.249,7.7,15.5
11/27/2012,1742.199951,80.43000031,87.18000031,33.98199844,1398.939941,,0.16,1.75,231.249,7.7,15.92
11/28/2012,1716.5,80.35399628,86.48999786,33.68099976,1409.930054,,0.16,1.75,231.249,7.7,15.51
11/29/2012,1727.199951,80.20899963,88.06999969,34.34799957,1415.949951,,0.16,1.75,231.249,7.7,15.06
11/30/2012,1710.900024,80.16300201,88.91000366,33.20399857,1416.180054,,0.16,1.75,231.249,7.7,15.87
12/3/2012,1719.599976,79.87200165,89.08999634,33.68099976,1409.459961,,0.16,1.75,231.221,7.9,16.64
12/4/2012,1694.400024,79.63400269,88.5,32.73400116,1407.050049,,0.16,1.75,231.221,7.9,17.12
12/5/2012,1692.400024,79.76399994,87.87999725,32.88299942,1409.280029,,0.16,1.75,231.221,7.9,16.46
12/6/2012,1700.300049,80.25299835,86.26000214,33.03900146,1413.939941,,0.16,1.75,231.221,7.9,16.58
12/7/2012,1704.0,80.40200043,85.93000031,33.0530014,1418.069946,,0.16,1.75,231.221,7.9,15.9
12/10/2012,1713.0,80.33000183,85.55999756,33.29999924,1418.550049,,0.16,1.75,231.221,7.9,16.05
12/11/2012,1708.199951,80.05400085,85.79000092,32.94100189,1427.839966,,0.16,1.75,231.221,7.9,15.57
12/12/2012,1716.599976,79.80999756,86.76999664,33.70700073,1428.47998,,0.16,1.75,231.221,7.9,15.95
12/13/2012,1695.599976,79.91300201,85.88999939,32.27999878,1419.449951,,0.16,1.75,231.221,7.9,16.56
12/14/2012,1695.800049,79.55999756,86.73000336,32.22299957,1413.579956,,0.16,1.75,231.221,7.9,17.0
12/17/2012,1697.0,79.51300049,87.19999695,32.20600128,1430.359985,,0.16,1.75,231.221,7.9,16.34
12/18/2012,1669.5,79.38700104,87.93000031,31.59499931,1446.790039,,0.16,1.75,231.221,7.9,15.57
12/19/2012,1666.5,79.31300354,89.51000214,31.04500008,1435.810059,,0.16,1.75,231.221,7.9,17.36
12/20/2012,1644.900024,79.30999756,90.12999725,29.61199951,1443.689941,,0.16,1.75,231.221,7.9,17.67
12/21/2012,1659.099976,79.71199799,88.66000366,30.1420002,1430.150024,,0.16,1.75,231.221,7.9,17.84
12/24/2012,1658.599976,79.74500275,88.61000061,29.8390007,1426.660034,,0.16,1.75,231.221,7.9,17.84
12/26/2012,1659.800049,79.70400238,90.98000336,29.9829998,1419.829956,,0.16,1.75,231.221,7.9,19.48
12/27/2012,1662.599976,79.71900177,90.87000275,30.18400002,1418.099976,,0.16,1.75,231.221,7.9,19.47
12/28/2012,1654.900024,79.78500366,90.80000305,29.92000008,1402.430054,,0.16,1.75,231.221,7.9,22.72
12/31/2012,1674.800049,79.8710022,91.81999969,30.17300034,1426.189941,,0.16,1.75,231.221,7.9,18.02
1/2/2013,1687.900024,79.94799805,93.12000275,30.95199966,1462.420044,,0.14,1.75,231.679,8.0,14.68
1/3/2013,1673.699951,80.51499939,92.91999817,30.67099953,1459.369995,,0.14,1.75,231.679,8.0,14.56
1/4/2013,1648.099976,80.61000061,93.08999634,29.89599991,1466.469971,,0.14,1.75,231.679,8.0,13.83
1/7/2013,1645.5,80.3690033,93.19000244,30.03199959,1461.890015,,0.14,1.75,231.679,8.0,13.79
1/8/2013,1661.5,80.44499969,93.15000153,30.41500092,1457.150024,,0.14,1.75,231.679,8.0,13.62
1/9/2013,1654.800049,80.67700195,93.09999847,30.20100021,1461.02002,,0.14,1.75,231.679,8.0,13.81
1/10/2013,1677.300049,79.81700134,93.81999969,30.875,1472.119995,,0.14,1.75,231.679,8.0,13.49
1/11/2013,1660.0,79.61100006,93.55999756,30.36700058,1472.050049,,0.14,1.75,231.679,8.0,13.36
1/14/2013,1668.900024,79.54000092,94.13999939,31.07999992,1470.680054,,0.14,1.75,231.679,8.0,13.52
1/15/2013,1683.400024,79.83200073,93.27999878,31.49799919,1472.339966,,0.14,1.75,231.679,8.0,13.55
1/16/2013,1682.699951,79.85399628,94.23999786,31.51399994,1472.630005,,0.14,1.75,231.679,8.0,13.42
1/17/2013,1690.400024,79.71099854,95.48999786,31.7859993,1480.939941,,0.14,1.75,231.679,8.0,13.57
1/18/2013,1686.599976,80.11599731,95.55999756,31.90200043,1485.97998,,0.14,1.75,231.679,8.0,12.46
1/22/2013,1692.800049,79.97299957,96.23999786,32.14699936,1492.560059,,0.14,1.75,231.679,8.0,12.43
1/23/2013,1686.300049,79.98999786,95.23000336,32.4090004,1494.810059,,0.14,1.75,231.679,8.0,12.46
1/24/2013,1669.5,80.00700378,95.94999695,31.69499969,1494.819946,,0.14,1.75,231.679,8.0,12.69
1/25/2013,1656.400024,79.81999969,95.87999725,31.18000031,1502.959961,,0.14,1.75,231.679,8.0,12.89
1/28/2013,1652.400024,79.86799622,96.44000244,30.75600052,1500.180054,,0.14,1.75,231.679,8.0,13.57
1/29/2013,1660.699951,79.62400055,97.56999969,31.1590004,1507.839966,,0.14,1.75,231.679,8.0,13.31
1/30/2013,1679.900024,79.3259964,97.94000244,32.15200043,1501.959961,,0.14,1.75,231.679,8.0,14.32
1/31/2013,1660.599976,79.22599792,97.48999786,31.33499908,1498.109985,,0.14,1.75,231.679,8.0,14.28
2/1/2013,1669.400024,79.13500214,97.76999664,31.94199944,1513.170044,,0.15,2.04,232.937,7.7,12.9
2/4/2013,1675.300049,79.57299805,96.16999817,31.70000076,1495.709961,,0.15,2.04,232.937,7.7,14.67
2/5/2013,1672.400024,79.53299713,96.63999939,31.85899925,1511.290039,,0.15,2.04,232.937,7.7,13.72
2/6/2013,1677.699951,79.76699829,96.62000275,31.86100006,1512.119995,,0.15,2.04,232.937,7.7,13.41
2/7/2013,1670.400024,80.25700378,95.83000183,31.38699913,1509.390015,,0.15,2.04,232.937,7.7,13.5
2/8/2013,1666.0,80.31600189,95.72000122,31.42499924,1517.930054,,0.15,2.04,232.937,7.7,13.02
2/11/2013,1648.199951,80.38899994,97.02999878,30.89500046,1517.01001,,0.15,2.04,232.937,7.7,12.94
2/12/2013,1648.699951,80.16300201,97.51000214,31.00399971,1519.430054,,0.15,2.04,232.937,7.7,12.64
2/13/2013,1644.199951,80.16699982,97.01000214,30.85400009,1520.329956,,0.15,2.04,232.937,7.7,12.98
2/14/2013,1634.699951,80.53800201,97.30999756,30.34300041,1521.380005,,0.15,2.04,232.937,7.7,12.66
2/15/2013,1608.800049,80.5759964,95.86000061,29.8390007,1519.790039,,0.15,2.04,232.937,7.7,12.46
2/19/2013,1603.599976,80.54499817,96.66000366,29.41300011,1530.939941,,0.15,2.04,232.937,7.7,12.31
2/20/2013,1577.599976,81.15499878,94.45999908,28.61499977,1511.949951,,0.15,2.04,232.937,7.7,14.68
2/21/2013,1578.199951,81.5510025,92.83999634,28.69499969,1502.420044,,0.15,2.04,232.937,7.7,15.22
2/22/2013,1572.400024,81.58499908,93.12999725,28.45599937,1515.599976,,0.15,2.04,232.937,7.7,14.17
2/25/2013,1586.199951,81.77700043,93.11000061,28.9829998,1487.849976,,0.15,2.04,232.937,7.7,18.99
2/26/2013,1615.199951,81.94000244,92.62999725,29.25600052,1496.939941,,0.15,2.04,232.937,7.7,16.87
2/27/2013,1595.199951,81.67199707,92.76000214,28.94300079,1515.98999,,0.15,2.04,232.937,7.7,14.73
2/28/2013,1577.699951,82.00299835,92.05000305,28.39500046,1514.680054,,0.15,2.04,232.937,7.7,15.51
3/1/2013,1571.900024,82.35800171,90.68000031,28.45100021,1518.199951,,0.14,1.86,232.282,7.5,15.36
3/4/2013,1572.099976,82.25499725,90.12000275,28.45700073,1525.199951,,0.14,1.86,232.282,7.5,14.01
3/5/2013,1574.599976,82.14700317,90.81999969,28.56299973,1539.790039,,0.14,1.86,232.282,7.5,13.48
3/6/2013,1574.599976,82.50700378,90.43000031,28.76000023,1541.459961,,0.14,1.86,232.282,7.5,13.53
3/7/2013,1574.800049,82.1230011,91.55999756,28.7670002,1544.26001,,0.14,1.86,232.282,7.5,13.06
3/8/2013,1576.599976,82.73100281,91.94999695,28.9090004,1551.180054,,0.14,1.86,232.282,7.5,12.59
3/11/2013,1577.800049,82.58000183,92.05999756,28.81200027,1556.219971,,0.14,1.86,232.282,7.5,11.56
3/12/2013,1591.5,82.59500122,92.54000092,29.13100052,1552.47998,,0.14,1.86,232.282,7.5,12.27
3/13/2013,1588.300049,82.90200043,92.51999664,28.92200089,1554.52002,,0.14,1.86,232.282,7.5,11.83
3/14/2013,1590.599976,82.6230011,93.02999878,28.77199936,1563.22998,,0.14,1.86,232.282,7.5,11.3
3/15/2013,1592.5,82.2559967,93.44999695,28.81699944,1560.699951,,0.14,1.86,232.282,7.5,11.3
3/18/2013,1604.599976,82.5739975,93.73999786,28.8409996,1552.099976,,0.14,1.86,232.282,7.5,13.36
3/19/2013,1611.300049,83.21099854,92.16000366,28.80999947,1548.339966,,0.14,1.86,232.282,7.5,14.39
3/20/2013,1607.5,82.94799805,92.95999908,28.78300095,1558.709961,,0.14,1.86,232.282,7.5,12.67
3/21/2013,1613.800049,82.90499878,92.44999695,29.17900085,1545.800049,,0.14,1.86,232.282,7.5,13.99
3/22/2013,1606.199951,82.52899933,93.70999908,28.66600037,1556.890015,,0.14,1.86,232.282,7.5,13.57
3/25/2013,1604.599976,82.99500275,94.80999756,28.78499985,1551.689941,,0.14,1.86,232.282,7.5,13.74
3/26/2013,1595.800049,83.04799652,96.33999634,28.6439991,1563.77002,,0.14,1.86,232.282,7.5,12.77
3/27/2013,1606.199951,83.41100311,96.58000183,28.57699966,1562.849976,,0.14,1.86,232.282,7.5,13.15
3/28/2013,1594.800049,83.17500305,97.23000336,28.29199982,1569.189941,,0.14,1.86,232.282,7.5,12.7
4/1/2013,1600.0,82.89900208,97.06999969,27.91300011,1562.170044,,0.15,1.86,231.797,7.6,13.58
4/2/2013,1575.099976,83.09200287,97.19000244,27.21699905,1570.25,,0.15,1.86,231.797,7.6,12.78
4/3/2013,1552.800049,82.86100006,94.44999695,26.77300072,1553.689941,,0.15,1.86,231.797,7.6,14.21
4/4/2013,1551.800049,82.79499817,93.26000214,26.74799919,1559.97998,,0.15,1.86,231.797,7.6,13.89
4/5/2013,1575.400024,82.60299683,92.69999695,27.20100021,1553.280029,,0.15,1.86,231.797,7.6,13.92
4/8/2013,1572.0,82.8690033,93.36000061,27.12000084,1563.069946,,0.15,1.86,231.797,7.6,13.19
4/9/2013,1586.199951,82.41400146,94.19999695,27.86599922,1568.609985,,0.15,1.86,231.797,7.6,12.84
4/10/2013,1558.300049,82.63400269,94.63999939,27.63899994,1587.72998,,0.15,1.86,231.797,7.6,12.36
4/11/2013,1564.300049,82.32499695,93.51000214,27.68499947,1593.369995,,0.15,1.86,231.797,7.6,12.24
4/12/2013,1501.0,82.40599823,91.29000092,26.3220005,1588.849976,,0.15,1.86,231.797,7.6,12.06
4/15/2013,1360.599976,82.50700378,88.70999908,23.35499954,1552.359985,,0.15,1.86,231.797,7.6,17.27
4/16/2013,1386.800049,81.82299805,88.72000122,23.62199974,1574.569946,,0.15,1.86,231.797,7.6,13.96
4/17/2013,1382.199951,82.79100037,86.68000031,23.3010006,1552.01001,,0.15,1.86,231.797,7.6,16.51
4/18/2013,1392.0,82.68099976,87.73000336,23.23900032,1541.609985,,0.15,1.86,231.797,7.6,17.56
4/19/2013,1395.300049,82.84600067,88.01000214,22.95499992,1555.25,,0.15,1.86,231.797,7.6,14.97
4/22/2013,1421.0,82.8239975,88.76000214,23.31999969,1562.5,,0.15,1.86,231.797,7.6,14.39
4/23/2013,1408.599976,83.18599701,89.18000031,22.81299973,1578.780029,,0.15,1.86,231.797,7.6,13.48
4/24/2013,1423.400024,83.02600098,91.43000031,22.82900047,1578.790039,,0.15,1.86,231.797,7.6,13.61
4/25/2013,1461.800049,82.83999634,93.63999939,24.13999939,1585.160034,,0.15,1.86,231.797,7.6,13.62
4/26/2013,1453.599976,82.57099915,93.0,23.75799942,1582.23999,,0.15,1.86,231.797,7.6,13.61
4/29/2013,1467.400024,82.20200348,94.5,24.12199974,1593.609985,,0.15,1.86,231.797,7.6,13.71
4/30/2013,1472.199951,81.80699921,93.45999908,24.1439991,1597.569946,,0.15,1.86,231.797,7.6,13.52
5/1/2013,1446.300049,81.52200317,91.02999878,23.30500031,1582.699951,,0.11,1.66,231.893,7.5,14.49
5/2/2013,1467.699951,82.28199768,93.98999786,23.79000092,1597.589966,,0.11,1.66,231.893,7.5,13.59
5/3/2013,1464.300049,82.19499969,95.61000061,23.97500038,1614.420044,,0.11,1.66,231.893,7.5,12.85
5/6/2013,1468.099976,82.37799835,96.16000366,23.91799927,1617.5,,0.11,1.66,231.893,7.5,12.66
5/7/2013,1449.0,82.33499908,95.62000275,23.77099991,1625.959961,,0.11,1.66,231.893,7.5,12.83
5/8/2013,1473.900024,81.9509964,96.62000275,23.8920002,1632.689941,,0.11,1.66,231.893,7.5,12.66
5/9/2013,1468.800049,82.875,96.38999939,23.87899971,1626.670044,,0.11,1.66,231.893,7.5,13.13
5/10/2013,1436.800049,83.23100281,96.04000092,23.63199997,1633.699951,,0.11,1.66,231.893,7.5,12.59
5/13/2013,1434.5,83.36499786,95.16999817,23.67000008,1633.77002,,0.11,1.66,231.893,7.5,12.55
5/14/2013,1424.699951,83.71299744,94.20999908,23.35499954,1650.339966,,0.11,1.66,231.893,7.5,12.77
5/15/2013,1396.5,83.96099854,94.30000305,22.64299965,1658.780029,,0.11,1.66,231.893,7.5,12.81
5/16/2013,1387.099976,83.72200012,95.16000366,22.64299965,1650.469971,,0.11,1.66,231.893,7.5,13.07
5/17/2013,1364.900024,84.38700104,96.01999664,22.3390007,1667.469971,,0.11,1.66,231.893,7.5,12.45
5/20/2013,1384.300049,83.84200287,96.70999908,22.56800079,1666.290039,,0.11,1.66,231.893,7.5,13.02
5/21/2013,1377.800049,83.95500183,96.16000366,22.44199944,1669.160034,,0.11,1.66,231.893,7.5,13.37
5/22/2013,1367.599976,84.45899963,94.27999878,22.45800018,1655.349976,,0.11,1.66,231.893,7.5,13.82
5/23/2013,1392.0,83.8030014,94.25,22.49399948,1650.51001,,0.11,1.66,231.893,7.5,14.07
5/24/2013,1386.800049,83.75800323,94.15000153,22.48200035,1649.599976,,0.11,1.66,231.893,7.5,13.99
5/28/2013,1379.099976,84.17199707,95.01000214,22.18000031,1660.060059,,0.11,1.66,231.893,7.5,14.48
5/29/2013,1391.300049,83.70500183,93.12999725,22.44499969,1648.359985,,0.11,1.66,231.893,7.5,14.83
5/30/2013,1411.5,83.06700134,93.61000061,22.67399979,1654.410034,,0.11,1.66,231.893,7.5,14.53
5/31/2013,1392.599976,83.40100098,91.97000122,22.22800064,1630.73999,,0.11,1.66,231.893,7.5,16.3
6/3/2013,1411.699951,82.68800354,93.44999695,22.71500015,1640.420044,,0.09,1.66,232.445,7.5,16.28
6/4/2013,1397.099976,82.80200195,93.30999756,22.39999962,1631.380005,,0.09,1.66,232.445,7.5,16.27
6/5/2013,1398.400024,82.61199951,93.73999786,22.46500015,1608.900024,,0.09,1.66,232.445,7.5,17.5
6/6/2013,1415.699951,81.53700256,94.76000214,22.70100021,1622.560059,,0.09,1.66,232.445,7.5,16.63
6/7/2013,1383.0,81.66000366,96.02999878,21.73699951,1643.380005,,0.09,1.66,232.445,7.5,15.14
6/10/2013,1386.199951,81.65100098,95.76999664,21.92099953,1642.810059,,0.09,1.66,232.445,7.5,15.44
6/11/2013,1377.0,81.11000061,95.37999725,21.64500046,1626.130005,,0.09,1.66,232.445,7.5,17.07
6/12/2013,1391.800049,80.94599915,95.87999725,21.79599953,1612.52002,,0.09,1.66,232.445,7.5,18.59
6/13/2013,1377.599976,80.74199677,96.69000244,21.58200073,1636.359985,,0.09,1.66,232.445,7.5,16.41
6/14/2013,1387.300049,80.65000153,97.84999847,21.95299911,1626.72998,,0.09,1.66,232.445,7.5,17.15
6/17/2013,1382.800049,80.73300171,97.76999664,21.75699997,1639.040039,,0.09,1.66,232.445,7.5,16.8
6/18/2013,1366.599976,80.74900055,98.44000244,21.6760006,1651.810059,,0.09,1.66,232.445,7.5,16.61
6/19/2013,1373.599976,81.59500122,98.23999786,21.62199974,1628.930054,,0.09,1.66,232.445,7.5,16.64
6/20/2013,1285.900024,82.09600067,95.40000153,19.8220005,1588.189941,,0.09,1.66,232.445,7.5,20.49
6/21/2013,1291.599976,82.51699829,93.69000244,19.95800018,1592.430054,,0.09,1.66,232.445,7.5,18.9
6/24/2013,1276.800049,82.63300323,95.18000031,19.49300003,1573.089966,,0.09,1.66,232.445,7.5,20.11
6/25/2013,1274.800049,82.80000305,95.31999969,19.52599907,1588.030029,,0.09,1.66,232.445,7.5,18.47
6/26/2013,1229.599976,83.22799683,95.5,18.58699989,1603.26001,,0.09,1.66,232.445,7.5,17.21
6/27/2013,1211.400024,83.15200043,97.05000305,18.53300095,1613.199951,,0.09,1.66,232.445,7.5,16.86
6/28/2013,1223.800049,83.37599945,96.55999756,19.45100021,1606.280029,,0.09,1.66,232.445,7.5,16.86
7/1/2013,1255.900024,83.25299835,97.98999786,19.55999947,1614.959961,,0.09,2.5,232.9,7.3,16.37
7/2/2013,1243.599976,83.76399994,99.59999847,19.29800034,1614.079956,,0.09,2.5,232.9,7.3,16.44
7/3/2013,1252.099976,83.4509964,101.2399979,19.68899918,1615.410034,,0.09,2.5,232.9,7.3,16.2
7/5/2013,1212.900024,84.68900299,103.2200012,18.72599983,1631.890015,,0.09,2.5,232.9,7.3,14.89
7/8/2013,1234.900024,84.41400146,103.1399994,19.02499962,1640.459961,,0.09,2.5,232.9,7.3,14.78
7/9/2013,1245.900024,84.78099823,103.5299988,19.125,1652.319946,,0.09,2.5,232.9,7.3,14.35
7/10/2013,1247.400024,84.23400116,106.5199966,19.15099907,1652.619995,,0.09,2.5,232.9,7.3,14.21
7/11/2013,1280.099976,82.91500092,104.9100037,19.94300079,1675.02002,,0.09,2.5,232.9,7.3,14.01
7/12/2013,1277.800049,83.16300201,105.9499969,19.77899933,1680.189941,,0.09,2.5,232.9,7.3,13.84
7/15/2013,1283.800049,83.19599915,106.3199997,19.82600021,1682.5,,0.09,2.5,232.9,7.3,13.79
7/16/2013,1290.800049,82.63700104,106.0,19.92300034,1676.26001,,0.09,2.5,232.9,7.3,14.42
7/17/2013,1277.900024,82.83999634,106.4800034,19.4090004,1680.910034,,0.09,2.5,232.9,7.3,13.78
7/18/2013,1284.599976,82.95500183,108.0400009,19.37599945,1689.369995,,0.09,2.5,232.9,7.3,13.77
7/19/2013,1293.300049,82.71099854,108.0500031,19.44799995,1692.089966,,0.09,2.5,232.9,7.3,12.54
7/22/2013,1336.400024,82.31700134,106.9100037,20.49799919,1695.530029,,0.09,2.5,232.9,7.3,12.29
7/23/2013,1335.099976,82.04000092,107.2300034,20.24600029,1692.390015,,0.09,2.5,232.9,7.3,12.66
7/24/2013,1319.699951,82.40000153,105.3899994,20.01399994,1685.939941,,0.09,2.5,232.9,7.3,13.18
7/25/2013,1329.0,82.0530014,105.4899979,20.14699936,1690.25,,0.09,2.5,232.9,7.3,12.97
7/26/2013,1321.699951,81.76399994,104.6999969,19.76499939,1691.650024,,0.09,2.5,232.9,7.3,12.72
7/29/2013,1328.400024,81.76300049,104.5500031,19.85400009,1685.329956,,0.09,2.5,232.9,7.3,13.39
7/30/2013,1324.0,81.91899872,103.0800018,19.66600037,1685.959961,,0.09,2.5,232.9,7.3,13.39
7/31/2013,1312.400024,81.53900146,105.0299988,19.61700058,1685.72998,,0.09,2.5,232.9,7.3,13.45
8/1/2013,1311.0,82.42700195,107.8899994,19.61499977,1706.869995,,0.08,2.74,233.456,7.2,12.94
8/2/2013,1310.599976,81.97799683,106.9400024,19.90299988,1709.670044,,0.08,2.74,233.456,7.2,11.98
8/5/2013,1302.599976,81.93599701,106.5599976,19.71100044,1707.140015,,0.08,2.74,233.456,7.2,11.84
8/6/2013,1283.199951,81.65799713,105.3000031,19.51499939,1697.369995,,0.08,2.74,233.456,7.2,12.72
8/7/2013,1286.099976,81.32299805,104.3700027,19.49799919,1690.910034,,0.08,2.74,233.456,7.2,12.98
8/8/2013,1310.699951,81.02700043,103.4000015,20.18400002,1697.47998,,0.08,2.74,233.456,7.2,12.73
8/9/2013,1312.900024,81.16999817,105.9700012,20.39900017,1691.420044,,0.08,2.74,233.456,7.2,13.41
8/12/2013,1334.699951,81.37400055,106.1100006,21.33200073,1689.469971,,0.08,2.74,233.456,7.2,12.81
8/13/2013,1321.199951,81.81500244,106.8300018,21.33600044,1694.160034,,0.08,2.74,233.456,7.2,12.31
8/14/2013,1334.0,81.75800323,106.8499985,21.78100014,1685.390015,,0.08,2.74,233.456,7.2,13.04
8/15/2013,1361.599976,81.20700073,107.3300018,22.92900085,1661.319946,,0.08,2.74,233.456,7.2,14.73
8/16/2013,1371.699951,81.29299927,107.4599991,23.31699944,1655.829956,,0.08,2.74,233.456,7.2,14.37
8/19/2013,1366.199951,81.26000214,107.0999985,23.1609993,1646.060059,,0.08,2.74,233.456,7.2,15.1
8/20/2013,1373.099976,80.93399811,104.9700012,23.06599998,1652.349976,,0.08,2.74,233.456,7.2,14.91
8/21/2013,1370.599976,81.22299957,103.8499985,22.95800018,1642.800049,,0.08,2.74,233.456,7.2,15.94
8/22/2013,1371.199951,81.53099823,105.0299988,23.03000069,1656.959961,,0.08,2.74,233.456,7.2,14.76
8/23/2013,1395.699951,81.39199829,106.4199982,23.7329998,1663.5,,0.08,2.74,233.456,7.2,13.98
8/26/2013,1393.0,81.44100189,105.9199982,24.00799942,1656.780029,,0.08,2.74,233.456,7.2,14.99
8/27/2013,1420.599976,81.19999695,109.0100021,24.64900017,1630.47998,,0.08,2.74,233.456,7.2,16.77
8/28/2013,1419.0,81.46499634,110.0999985,24.38899994,1634.959961,,0.08,2.74,233.456,7.2,16.49
8/29/2013,1412.900024,82.00299835,108.8000031,24.09000015,1638.170044,,0.08,2.74,233.456,7.2,16.81
8/30/2013,1396.099976,82.14199829,107.6500015,23.46299934,1632.969971,,0.08,2.74,233.456,7.2,17.01
9/3/2013,1412.0,82.40100098,108.5400009,24.38199997,1639.77002,,0.08,2.74,233.544,7.2,16.61
9/4/2013,1389.900024,82.20500183,107.2300034,23.36899948,1653.079956,,0.08,2.74,233.544,7.2,15.88
9/5/2013,1373.099976,82.66799927,108.3700027,23.20599937,1655.079956,,0.08,2.74,233.544,7.2,15.77
9/6/2013,1386.699951,82.16699982,110.5299988,23.84199905,1655.170044,,0.08,2.74,233.544,7.2,15.85
9/9/2013,1386.800049,81.79599762,109.5199966,23.66799927,1671.709961,,0.08,2.74,233.544,7.2,15.63
9/10/2013,1364.099976,81.81900024,107.3899994,22.9659996,1683.98999,,0.08,2.74,233.544,7.2,14.53
9/11/2013,1363.900024,81.52200317,107.5599976,23.12100029,1689.130005,,0.08,2.74,233.544,7.2,13.82
9/12/2013,1330.400024,81.49099731,108.5999985,22.09900093,1683.420044,,0.08,2.74,233.544,7.2,14.29
9/13/2013,1308.400024,81.44799805,108.2099991,21.67000008,1687.98999,,0.08,2.74,233.544,7.2,14.16
9/16/2013,1317.900024,81.0719986,106.5899963,21.96299934,1697.599976,,0.08,2.74,233.544,7.2,14.38
9/17/2013,1309.5,81.29499817,105.4199982,21.73500061,1704.76001,,0.08,2.74,233.544,7.2,14.53
9/18/2013,1307.800049,80.36699677,108.0699997,21.51399994,1725.52002,,0.08,2.74,233.544,7.2,13.59
9/19/2013,1369.400024,80.48000336,106.3899994,23.24200058,1722.339966,,0.08,2.74,233.544,7.2,13.16
9/20/2013,1332.5,80.5490036,104.6800003,21.87599945,1709.910034,,0.08,2.74,233.544,7.2,13.12
9/23/2013,1326.900024,80.57099915,103.5899963,21.80500031,1701.839966,,0.08,2.74,233.544,7.2,14.31
9/24/2013,1316.0,80.69000244,103.1299973,21.53899956,1697.420044,,0.08,2.74,233.544,7.2,14.08
9/25/2013,1335.900024,80.44300079,102.6600037,21.83799934,1692.77002,,0.08,2.74,233.544,7.2,14.01
9/26/2013,1323.599976,80.63800049,103.0299988,21.71999931,1698.670044,,0.08,2.74,233.544,7.2,14.06
9/27/2013,1338.400024,80.3769989,102.8700027,21.78300095,1691.75,,0.08,2.74,233.544,7.2,15.46
9/30/2013,1326.5,80.32299805,102.3300018,21.65600014,1681.550049,,0.08,2.74,233.544,7.2,16.6
10/1/2013,1286.0,80.25,102.0400009,21.12400055,1695.0,,0.09,2.66,233.669,7.2,15.54
10/2/2013,1320.599976,79.98899841,104.0999985,21.84600067,1693.869995,,0.09,2.66,233.669,7.2,16.6
10/3/2013,1317.400024,79.84600067,103.3099976,21.73900032,1678.660034,,0.09,2.66,233.669,7.2,17.67
10/4/2013,1309.699951,80.22000122,103.8399963,21.70499992,1690.5,,0.09,2.66,233.669,7.2,16.74
10/7/2013,1324.800049,80.02600098,103.0299988,22.3390007,1676.119995,,0.09,2.66,233.669,7.2,19.41
10/8/2013,1324.199951,80.13200378,103.4899979,22.39699936,1655.449951,,0.09,2.66,233.669,7.2,20.34
10/9/2013,1306.900024,80.46600342,101.6100006,21.84600067,1656.400024,,0.09,2.66,233.669,7.2,19.6
10/10/2013,1296.599976,80.51699829,103.0100021,21.85000038,1692.560059,,0.09,2.66,233.669,7.2,16.48
10/11/2013,1268.0,80.45200348,102.0199966,21.21500015,1703.199951,,0.09,2.66,233.669,7.2,15.72
10/14/2013,1276.400024,80.31099701,102.4100037,21.30999947,1710.140015,,0.09,2.66,233.669,7.2,16.07
10/15/2013,1273.0,80.56099701,101.2099991,21.14599991,1698.060059,,0.09,2.66,233.669,7.2,18.66
10/16/2013,1282.0,80.56300354,102.2900009,21.31999969,1721.540039,,0.09,2.66,233.669,7.2,14.71
10/17/2013,1322.699951,79.71800232,100.6699982,21.90299988,1733.150024,,0.09,2.66,233.669,7.2,13.48
10/18/2013,1314.400024,79.72699738,100.8099976,21.86899948,1744.5,,0.09,2.66,233.669,7.2,13.04
10/21/2013,1315.699951,79.75099945,99.22000122,22.2329998,1744.660034,,0.09,2.66,233.669,7.2,13.16
10/22/2013,1342.5,79.29000092,97.80000305,22.75399971,1754.670044,,0.09,2.66,233.669,7.2,13.33
10/23/2013,1333.900024,79.32900238,96.86000061,22.58200073,1746.380005,,0.09,2.66,233.669,7.2,13.42
10/24/2013,1350.199951,79.24500275,97.11000061,22.7859993,1752.069946,,0.09,2.66,233.669,7.2,13.2
10/25/2013,1352.400024,79.2460022,97.84999847,22.60300064,1759.77002,,0.09,2.66,233.669,7.2,13.09
10/28/2013,1352.0,79.30599976,98.68000031,22.49799919,1762.109985,,0.09,2.66,233.669,7.2,13.31
10/29/2013,1345.199951,79.66999817,98.19999695,22.45199966,1771.949951,,0.09,2.66,233.669,7.2,13.41
10/30/2013,1349.0,79.83699799,96.76999664,22.94599915,1763.310059,,0.09,2.66,233.669,7.2,13.65
10/31/2013,1323.599976,80.26300049,96.37999725,21.83200073,1756.540039,,0.09,2.66,233.669,7.2,13.75
11/1/2013,1313.099976,80.80999756,94.61000061,21.80400085,1761.640015,,0.08,2.65,234.1,6.9,13.28
11/4/2013,1314.599976,80.63999939,94.62000275,21.6779995,1767.930054,,0.08,2.65,234.1,6.9,12.93
11/5/2013,1308.0,80.78700256,93.37000275,21.61400032,1762.969971,,0.08,2.65,234.1,6.9,13.27
11/6/2013,1317.699951,80.55899811,94.80000305,21.74600029,1770.48999,,0.08,2.65,234.1,6.9,12.67
11/7/2013,1308.400024,80.85399628,94.19999695,21.63899994,1747.150024,,0.08,2.65,234.1,6.9,13.91
11/8/2013,1284.5,81.38700104,94.59999847,21.30699921,1770.609985,,0.08,2.65,234.1,6.9,12.9
11/11/2013,1281.0,81.19999695,95.13999939,21.27199936,1771.890015,,0.08,2.65,234.1,6.9,12.53
11/12/2013,1271.099976,81.2519989,93.04000092,20.76799965,1767.689941,,0.08,2.65,234.1,6.9,12.82
11/13/2013,1268.300049,80.98300171,93.87999725,20.43199921,1782.0,,0.08,2.65,234.1,6.9,12.52
11/14/2013,1286.199951,81.08599854,93.76000214,20.71199989,1790.619995,,0.08,2.65,234.1,6.9,12.37
11/15/2013,1287.300049,80.89800262,93.83999634,20.71699905,1798.180054,,0.08,2.65,234.1,6.9,12.19
11/18/2013,1272.199951,80.8259964,93.02999878,20.34900093,1791.530029,,0.08,2.65,234.1,6.9,13.1
11/19/2013,1273.400024,80.7440033,93.33999634,20.32600021,1787.869995,,0.08,2.65,234.1,6.9,13.39
11/20/2013,1257.900024,81.17199707,93.33000183,20.04999924,1781.369995,,0.08,2.65,234.1,6.9,13.4
11/21/2013,1243.5,81.11699677,95.44000244,19.9279995,1795.849976,,0.08,2.65,234.1,6.9,12.66
11/22/2013,1244.0,80.74199677,94.83999634,19.8560009,1804.76001,,0.08,2.65,234.1,6.9,12.26
11/25/2013,1241.099976,80.96299744,94.08999634,19.87999916,1802.47998,,0.08,2.65,234.1,6.9,12.79
11/26/2013,1241.400024,80.63800049,93.68000031,19.84600067,1802.75,,0.08,2.65,234.1,6.9,12.81
11/27/2013,1237.800049,80.74700165,92.30000305,19.63299942,1807.22998,,0.08,2.65,234.1,6.9,12.98
11/29/2013,1250.599976,80.65699768,92.72000122,19.9810009,1805.810059,,0.08,2.65,234.1,6.9,13.7
12/2/2013,1222.300049,80.94200134,93.81999969,19.2329998,1800.900024,,0.09,2.65,234.719,6.7,14.23
12/3/2013,1221.699951,80.61799622,96.04000092,19.01099968,1795.150024,,0.09,2.65,234.719,6.7,14.55
12/4/2013,1248.199951,80.62799835,97.19999695,19.77400017,1792.810059,,0.09,2.65,234.719,6.7,14.7
12/5/2013,1233.199951,80.24099731,97.37999725,19.51399994,1785.030029,,0.09,2.65,234.719,6.7,15.08
12/6/2013,1230.300049,80.31500244,97.65000153,19.46500015,1805.089966,,0.09,2.65,234.719,6.7,13.79
12/9/2013,1235.300049,80.13999939,97.33999634,19.6439991,1808.369995,,0.09,2.65,234.719,6.7,13.49
12/10/2013,1262.400024,79.96399689,98.51000214,20.25600052,1802.619995,,0.09,2.65,234.719,6.7,13.91
12/11/2013,1258.5,79.88999939,97.44000244,20.29800034,1782.219971,,0.09,2.65,234.719,6.7,15.42
12/12/2013,1226.0,80.20800018,97.5,19.40200043,1775.5,,0.09,2.65,234.719,6.7,15.54
12/13/2013,1235.699951,80.22000122,96.59999847,19.55900002,1775.319946,,0.09,2.65,234.719,6.7,15.76
12/16/2013,1245.5,80.04499817,97.48000336,20.04899979,1786.540039,,0.09,2.65,234.719,6.7,16.03
12/17/2013,1231.199951,80.21399689,97.22000122,19.79199982,1781.0,,0.09,2.65,234.719,6.7,16.21
12/18/2013,1236.099976,80.2480011,97.80000305,20.01399994,1810.650024,,0.09,2.65,234.719,6.7,13.8
12/19/2013,1195.0,80.78800201,98.76999664,19.14299965,1809.599976,,0.09,2.65,234.719,6.7,14.15
12/20/2013,1205.099976,80.75,99.31999969,19.41799927,1818.319946,,0.09,2.65,234.719,6.7,13.79
12/23/2013,1198.400024,80.61699677,98.91000366,19.37800026,1827.98999,,0.09,2.65,234.719,6.7,13.04
12/24/2013,1205.099976,80.6740036,99.22000122,19.45299911,1833.319946,,0.09,2.65,234.719,6.7,12.48
12/26/2013,1214.099976,80.65299988,99.55000305,19.88500023,1842.02002,,0.09,2.65,234.719,6.7,12.33
12/27/2013,1216.099976,80.53800201,100.3199997,20.01300049,1841.400024,,0.09,2.65,234.719,6.7,12.46
12/30/2013,1203.099976,80.12200165,99.29000092,19.58099937,1841.069946,,0.09,2.65,234.719,6.7,13.56
12/31/2013,1201.900024,80.18900299,98.41999817,19.3390007,1848.359985,,0.09,2.65,234.719,6.7,13.72
1/2/2014,1225.0,80.78800201,95.44000244,20.09799957,1831.97998,,0.07,2.65,235.288,6.6,14.23
1/3/2014,1238.400024,80.95500183,93.95999908,20.18199921,1831.369995,,0.07,2.65,235.288,6.6,13.76
1/6/2014,1237.800049,80.80599976,93.43000031,20.07699966,1826.77002,,0.07,2.65,235.288,6.6,13.55
1/7/2014,1229.400024,80.98000336,93.66999817,19.76499939,1837.880005,,0.07,2.65,235.288,6.6,12.92
1/8/2014,1225.300049,81.16200256,92.33000183,19.51799965,1837.48999,,0.07,2.65,235.288,6.6,12.87
1/9/2014,1229.300049,81.13500214,91.66000366,19.66300011,1838.130005,,0.07,2.65,235.288,6.6,12.89
1/10/2014,1246.699951,80.7539978,92.72000122,20.20100021,1842.369995,,0.07,2.65,235.288,6.6,12.14
1/13/2014,1250.900024,80.61100006,91.80000305,20.36100006,1819.199951,,0.07,2.65,235.288,6.6,13.28
1/14/2014,1245.199951,80.7559967,92.58999634,20.25099945,1838.880005,,0.07,2.65,235.288,6.6,12.28
1/15/2014,1238.099976,81.14399719,94.16999817,20.10300064,1848.380005,,0.07,2.65,235.288,6.6,12.28
1/16/2014,1240.0,81.02100372,93.95999908,20.02499962,1845.890015,,0.07,2.65,235.288,6.6,12.53
1/17/2014,1251.699951,81.36199951,94.37000275,20.2670002,1838.699951,,0.07,2.65,235.288,6.6,12.44
1/21/2014,1242.300049,81.22599792,94.98999786,19.83799934,1843.800049,,0.07,2.65,235.288,6.6,12.87
1/22/2014,1239.0,81.30500031,96.73000336,19.80900002,1844.859985,,0.07,2.65,235.288,6.6,12.84
1/23/2014,1262.599976,80.52500153,97.31999969,19.98600006,1828.459961,,0.07,2.65,235.288,6.6,13.77
1/24/2014,1264.5,80.54100037,96.63999939,19.74300003,1790.290039,,0.07,2.65,235.288,6.6,18.14
1/27/2014,1263.599976,80.61199951,95.72000122,19.77099991,1781.560059,,0.07,2.65,235.288,6.6,17.42
1/28/2014,1251.0,80.65699768,97.41000366,19.4829998,1792.5,,0.07,2.65,235.288,6.6,15.8
1/29/2014,1262.199951,80.58100128,97.36000061,19.53300095,1774.199951,,0.07,2.65,235.288,6.6,17.35
1/30/2014,1242.199951,81.19300079,98.23000336,19.11100006,1794.189941,,0.07,2.65,235.288,6.6,17.29
1/31/2014,1240.099976,81.40299988,97.48999786,19.10499954,1782.589966,,0.07,2.65,235.288,6.6,18.41
2/3/2014,1260.400024,81.11000061,96.43000031,19.38899994,1741.890015,,0.07,2.65,235.547,6.7,21.44
2/4/2014,1251.699951,81.22399902,97.19000244,19.40200043,1755.199951,,0.07,2.65,235.547,6.7,19.11
2/5/2014,1257.300049,81.1289978,97.37999725,19.78499985,1751.640015,,0.07,2.65,235.547,6.7,19.95
2/6/2014,1257.599976,81.0019989,97.83999634,19.90800095,1773.430054,,0.07,2.65,235.547,6.7,17.23
2/7/2014,1263.300049,80.75800323,99.87999725,19.92000008,1797.02002,,0.07,2.65,235.547,6.7,15.29
2/10/2014,1274.800049,80.72699738,100.0599976,20.09900093,1799.839966,,0.07,2.65,235.547,6.7,15.26
2/11/2014,1290.099976,80.70400238,99.94000244,20.14299965,1819.75,,0.07,2.65,235.547,6.7,14.51
2/12/2014,1295.300049,80.74099731,100.3700027,20.33099937,1819.26001,,0.07,2.65,235.547,6.7,14.3
2/13/2014,1300.400024,80.37799835,100.3499985,20.38500023,1829.829956,,0.07,2.65,235.547,6.7,14.14
2/14/2014,1319.0,80.17900085,100.3000031,21.4109993,1838.630005,,0.07,2.65,235.547,6.7,13.57
2/18/2014,1324.699951,80.04599762,102.4300003,21.89100075,1840.76001,,0.07,2.65,235.547,6.7,13.87
2/19/2014,1320.599976,80.18599701,103.3099976,21.84399986,1828.75,,0.07,2.65,235.547,6.7,15.5
2/20/2014,1317.099976,80.31600189,102.9199982,21.6779995,1839.780029,,0.07,2.65,235.547,6.7,14.79
2/21/2014,1323.900024,80.26999664,102.1999969,21.77700043,1836.25,,0.07,2.65,235.547,6.7,14.68
2/24/2014,1338.300049,80.22499847,102.8199997,22.04700089,1847.609985,,0.07,2.65,235.547,6.7,14.23
2/25/2014,1343.0,80.16500092,101.8300018,21.95999908,1845.119995,,0.07,2.65,235.547,6.7,13.67
2/26/2014,1328.199951,80.46299744,102.5899963,21.25399971,1845.160034,,0.07,2.65,235.547,6.7,14.35
2/27/2014,1331.599976,80.30599976,102.4000015,21.31399918,1854.290039,,0.07,2.65,235.547,6.7,14.04
2/28/2014,1321.400024,79.72000122,102.5899963,21.20400047,1859.449951,,0.07,2.65,235.547,6.7,14.0
3/3/2014,1350.099976,80.08999634,104.9199982,21.44799995,1845.72998,,0.08,2.65,236.028,6.7,16.0
3/4/2014,1337.800049,80.18299866,103.3300018,21.18799973,1873.910034,,0.08,2.65,236.028,6.7,14.1
3/5/2014,1340.199951,80.11699677,101.4499969,21.23900032,1873.810059,,0.08,2.65,236.028,6.7,13.89
3/6/2014,1351.699951,79.66500092,101.5599976,21.54199982,1877.030029,,0.08,2.65,236.028,6.7,14.21
3/7/2014,1338.099976,79.72200012,102.5800018,20.89699936,1878.040039,,0.08,2.65,236.028,6.7,14.11
3/10/2014,1341.400024,79.76899719,101.1200027,20.87899971,1877.170044,,0.08,2.65,236.028,6.7,14.2
3/11/2014,1346.5,79.73500061,100.0299988,20.7840004,1867.630005,,0.08,2.65,236.028,6.7,14.8
3/12/2014,1370.300049,79.61199951,97.98999786,21.32799911,1868.199951,,0.08,2.65,236.028,6.7,14.47
3/13/2014,1372.199951,79.62599945,98.19999695,21.16900063,1846.339966,,0.08,2.65,236.028,6.7,16.22
3/14/2014,1379.0,79.43800354,98.88999939,21.38400078,1841.130005,,0.08,2.65,236.028,6.7,17.82
3/17/2014,1372.900024,79.31099701,98.08000183,21.24900055,1858.829956,,0.08,2.65,236.028,6.7,15.64
3/18/2014,1359.0,79.54399872,99.69999695,20.83600044,1872.25,,0.08,2.65,236.028,6.7,14.52
3/19/2014,1341.400024,80.13300323,100.3700027,20.79999924,1860.77002,,0.08,2.65,236.028,6.7,15.12
3/20/2014,1330.5,80.35299683,99.43000031,20.40399933,1872.01001,,0.08,2.65,236.028,6.7,14.52
3/21/2014,1336.0,80.26100159,99.45999908,20.2859993,1866.52002,,0.08,2.65,236.028,6.7,15.0
3/24/2014,1311.199951,80.07900238,99.59999847,20.04299927,1857.439941,,0.08,2.65,236.028,6.7,15.09
3/25/2014,1311.400024,80.08799744,99.19000244,19.95499992,1865.619995,,0.08,2.65,236.028,6.7,14.02
3/26/2014,1303.400024,80.16899872,100.2600021,19.75900078,1852.560059,,0.08,2.65,236.028,6.7,14.93
3/27/2014,1294.699951,80.2519989,101.2799988,19.69000053,1849.040039,,0.08,2.65,236.028,6.7,14.62
3/28/2014,1293.800049,80.33499908,101.6699982,19.77199936,1857.619995,,0.08,2.65,236.028,6.7,14.41
3/31/2014,1283.400024,80.2539978,101.5800018,19.73399925,1872.339966,,0.08,2.65,236.028,6.7,13.88
4/1/2014,1279.599976,80.24900055,99.73999786,19.66900063,1885.52002,,0.09,2.77,236.468,6.2,13.1
4/2/2014,1290.5,80.37200165,99.62000275,20.03100014,1890.900024,,0.09,2.77,236.468,6.2,13.09
4/3/2014,1284.400024,80.63999939,100.2900009,19.7859993,1888.77002,,0.09,2.77,236.468,6.2,13.37
4/4/2014,1303.199951,80.57099915,101.1399994,19.92700005,1865.089966,,0.09,2.77,236.468,6.2,13.96
4/7/2014,1298.0,80.35500336,100.4400024,19.89100075,1845.040039,,0.09,2.77,236.468,6.2,15.57
4/8/2014,1308.699951,79.83499908,102.5599976,20.04199982,1851.959961,,0.09,2.77,236.468,6.2,14.89
4/9/2014,1305.5,79.5530014,103.5999985,19.75499916,1872.180054,,0.09,2.77,236.468,6.2,13.82
4/10/2014,1320.099976,79.44999695,103.4000015,20.07799911,1833.079956,,0.09,2.77,236.468,6.2,15.89
4/11/2014,1318.699951,79.52300262,103.7399979,19.93300056,1815.689941,,0.09,2.77,236.468,6.2,17.03
4/14/2014,1327.199951,79.80500031,104.0500031,19.99900055,1830.609985,,0.09,2.77,236.468,6.2,16.11
4/15/2014,1300.0,79.88800049,103.75,19.47800064,1842.97998,,0.09,2.77,236.468,6.2,15.61
4/16/2014,1303.099976,79.88300323,103.7600021,19.62299919,1862.310059,,0.09,2.77,236.468,6.2,14.18
4/17/2014,1293.400024,79.90299988,104.3000031,19.58600044,1864.849976,,0.09,2.77,236.468,6.2,13.36
4/21/2014,1288.0,80.02999878,104.3700027,19.3409996,1871.890015,,0.09,2.77,236.468,6.2,13.25
4/22/2014,1280.599976,79.99500275,102.1299973,19.35099983,1879.550049,,0.09,2.77,236.468,6.2,13.19
4/23/2014,1284.199951,79.93499756,101.4400024,19.43000031,1875.390015,,0.09,2.77,236.468,6.2,13.27
4/24/2014,1290.5,79.8769989,101.9400024,19.68199921,1878.609985,,0.09,2.77,236.468,6.2,13.32
4/25/2014,1300.699951,79.81800079,100.5999985,19.68499947,1863.400024,,0.09,2.77,236.468,6.2,14.06
4/28/2014,1298.900024,79.76200104,100.8399963,19.58499908,1869.430054,,0.09,2.77,236.468,6.2,13.97
4/29/2014,1296.0,79.8809967,101.2799988,19.48800087,1878.329956,,0.09,2.77,236.468,6.2,13.71
4/30/2014,1295.599976,79.53199768,99.73999786,19.11899948,1883.949951,,0.09,2.77,236.468,6.2,13.41
5/1/2014,1283.099976,79.57900238,99.41999817,18.98900032,1883.680054,,0.09,2.63,236.918,6.3,13.25
5/2/2014,1302.599976,79.56300354,99.76000214,19.49200058,1881.140015,,0.09,2.63,236.918,6.3,12.91
5/5/2014,1309.0,79.52999878,99.48000336,19.52000046,1884.660034,,0.09,2.63,236.918,6.3,13.29
5/6/2014,1308.300049,79.12599945,99.5,19.59799957,1867.719971,,0.09,2.63,236.918,6.3,13.8
5/7/2014,1288.599976,79.24299622,100.7699966,19.29800034,1878.209961,,0.09,2.63,236.918,6.3,13.4
5/8/2014,1287.400024,79.40200043,100.2600021,19.09399986,1875.630005,,0.09,2.63,236.918,6.3,13.43
5/9/2014,1287.300049,79.96099854,99.98999786,19.07699966,1878.47998,,0.09,2.63,236.918,6.3,12.92
5/12/2014,1295.599976,79.96499634,100.5899963,19.5,1896.650024,,0.09,2.63,236.918,6.3,12.23
5/13/2014,1294.599976,80.21299744,101.6999969,19.50399971,1897.449951,,0.09,2.63,236.918,6.3,12.13
5/14/2014,1305.699951,80.13500214,102.3700027,19.73500061,1888.530029,,0.09,2.63,236.918,6.3,12.17
5/15/2014,1293.5,80.06400299,101.5,19.4470005,1870.849976,,0.09,2.63,236.918,6.3,13.17
5/16/2014,1293.300049,80.10700226,102.0199966,19.29199982,1877.859985,,0.09,2.63,236.918,6.3,12.44
5/19/2014,1293.699951,80.04799652,102.6100006,19.3220005,1885.079956,,0.09,2.63,236.918,6.3,12.42
5/20/2014,1294.5,80.09300232,102.4400024,19.36700058,1872.829956,,0.09,2.63,236.918,6.3,12.96
5/21/2014,1288.0,80.15000153,104.0699997,19.30699921,1888.030029,,0.09,2.63,236.918,6.3,11.91
5/22/2014,1294.900024,80.30500031,103.7399979,19.48999977,1892.48999,,0.09,2.63,236.918,6.3,12.03
5/23/2014,1291.599976,80.44999695,104.3499985,19.38800049,1900.530029,,0.09,2.63,236.918,6.3,11.36
5/27/2014,1265.400024,80.40499878,104.1100006,19.03899956,1911.910034,,0.09,2.63,236.918,6.3,11.51
5/28/2014,1259.300049,80.62000275,102.7200012,19.03499985,1909.780029,,0.09,2.63,236.918,6.3,11.68
5/29/2014,1256.300049,80.54000092,103.5800018,18.9829998,1920.030029,,0.09,2.63,236.918,6.3,11.57
5/30/2014,1245.599976,80.40399933,102.7099991,18.65299988,1923.569946,,0.09,2.63,236.918,6.3,11.4
6/2/2014,1243.699951,80.69000244,102.4700012,18.70899963,1924.969971,,0.1,2.63,237.231,6.1,11.58
6/3/2014,1244.300049,80.59300232,102.6600037,18.73200035,1924.23999,,0.1,2.63,237.231,6.1,11.87
6/4/2014,1244.0,80.70600128,102.6399994,18.76600075,1927.880005,,0.1,2.63,237.231,6.1,12.08
6/5/2014,1253.0,80.40299988,102.4800034,19.05500031,1940.459961,,0.1,2.63,237.231,6.1,11.68
6/6/2014,1252.099976,80.42700195,102.6600037,18.96299934,1949.439941,,0.1,2.63,237.231,6.1,10.73
6/9/2014,1253.5,80.68199921,104.4100037,19.04500008,1951.27002,,0.1,2.63,237.231,6.1,11.15
6/10/2014,1259.800049,80.84600067,104.3499985,19.14699936,1950.790039,,0.1,2.63,237.231,6.1,10.99
6/11/2014,1260.800049,80.80899811,104.4000015,19.15399933,1943.890015,,0.1,2.63,237.231,6.1,11.6
6/12/2014,1273.599976,80.58999634,106.5299988,19.51499939,1930.109985,,0.1,2.63,237.231,6.1,12.56
6/13/2014,1273.699951,80.65599823,106.9100037,19.63699913,1936.160034,,0.1,2.63,237.231,6.1,12.18
6/16/2014,1274.900024,80.46800232,106.9000015,19.70199966,1937.780029,,0.1,2.63,237.231,6.1,12.65
6/17/2014,1271.699951,80.71600342,106.3600006,19.72100067,1941.98999,,0.1,2.63,237.231,6.1,12.06
6/18/2014,1272.400024,80.66999817,105.9700012,19.7670002,1956.97998,,0.1,2.63,237.231,6.1,10.61
6/19/2014,1313.699951,80.39600372,106.4300003,20.63699913,1959.47998,,0.1,2.63,237.231,6.1,10.62
6/20/2014,1316.199951,80.44100189,107.2600021,20.94199944,1962.869995,,0.1,2.63,237.231,6.1,10.85
6/23/2014,1318.0,80.33799744,106.1699982,20.9090004,1962.609985,,0.1,2.63,237.231,6.1,10.98
6/24/2014,1320.900024,80.39299774,106.0299988,21.03800011,1949.97998,,0.1,2.63,237.231,6.1,12.13
6/25/2014,1322.199951,80.26499939,106.5,21.11100006,1959.530029,,0.1,2.63,237.231,6.1,11.59
6/26/2014,1316.099976,80.27899933,105.8399963,21.10300064,1957.219971,,0.1,2.63,237.231,6.1,11.63
6/27/2014,1319.0,80.08599854,105.7399979,21.07699966,1960.959961,,0.1,2.63,237.231,6.1,11.26
6/30/2014,1321.800049,79.81099701,105.3700027,21.00699997,1960.22998,,0.1,2.63,237.231,6.1,11.57
7/1/2014,1326.400024,79.84500122,105.3399963,21.06699944,1973.319946,,0.09,2.58,237.498,6.2,11.15
7/2/2014,1330.699951,79.98500061,104.4800034,21.25399971,1974.619995,,0.09,2.58,237.498,6.2,10.82
7/3/2014,1320.400024,80.28099823,104.0599976,21.0890007,1985.439941,,0.09,2.58,237.498,6.2,10.32
7/7/2014,1316.5,80.26699829,103.5299988,20.9659996,1977.650024,,0.09,2.58,237.498,6.2,11.33
7/8/2014,1316.0,80.22100067,103.4000015,20.96699905,1963.709961,,0.09,2.58,237.498,6.2,11.98
7/9/2014,1323.800049,80.04199982,102.2900009,21.02199936,1972.829956,,0.09,2.58,237.498,6.2,11.65
7/10/2014,1338.699951,80.16999817,102.9300003,21.45899963,1964.680054,,0.09,2.58,237.498,6.2,12.59
7/11/2014,1337.0,80.22899628,100.8300018,21.4109993,1967.569946,,0.09,2.58,237.498,6.2,12.08
7/14/2014,1306.300049,80.23000336,100.9100037,20.86400032,1977.099976,,0.09,2.58,237.498,6.2,11.82
7/15/2014,1296.900024,80.44599915,99.95999908,20.84199905,1973.280029,,0.09,2.58,237.498,6.2,11.96
7/16/2014,1299.599976,80.625,101.1999969,20.72699928,1981.569946,,0.09,2.58,237.498,6.2,11.0
7/17/2014,1316.699951,80.56999969,103.1900024,21.08600044,1958.119995,,0.09,2.58,237.498,6.2,14.54
7/18/2014,1309.199951,80.59500122,103.1299973,20.83799934,1978.219971,,0.09,2.58,237.498,6.2,12.06
7/21/2014,1313.699951,80.6269989,104.5899963,20.9659996,1973.630005,,0.09,2.58,237.498,6.2,12.81
7/22/2014,1306.099976,80.86499786,104.4199982,20.96500015,1983.530029,,0.09,2.58,237.498,6.2,12.24
7/23/2014,1304.5,80.91500092,103.1200027,20.95199966,1987.01001,,0.09,2.58,237.498,6.2,11.52
7/24/2014,1290.599976,80.96199799,102.0699997,20.37599945,1987.97998,,0.09,2.58,237.498,6.2,11.84
7/25/2014,1303.099976,81.125,102.0899963,20.58799934,1978.339966,,0.09,2.58,237.498,6.2,12.69
7/28/2014,1303.300049,81.12200165,101.6699982,20.52599907,1978.910034,,0.09,2.58,237.498,6.2,12.56
7/29/2014,1298.300049,81.31500244,100.9700012,20.54599953,1969.949951,,0.09,2.58,237.498,6.2,13.28
7/30/2014,1294.900024,81.51599884,100.2699966,20.55800056,1970.069946,,0.09,2.58,237.498,6.2,13.33
7/31/2014,1281.300049,81.52300262,98.16999817,20.37299919,1930.670044,,0.09,2.58,237.498,6.2,16.95
8/1/2014,1293.599976,81.3769989,97.87999725,20.33200073,1925.150024,,0.09,2.52,237.46,6.1,17.03
8/4/2014,1287.699951,81.40499878,98.29000092,20.19400024,1938.98999,,0.09,2.52,237.46,6.1,15.12
8/5/2014,1284.0,81.61100006,97.37999725,19.79400063,1920.209961,,0.09,2.52,237.46,6.1,16.87
8/6/2014,1306.699951,81.50700378,96.91999817,19.98500061,1920.23999,,0.09,2.52,237.46,6.1,16.37
8/7/2014,1310.800049,81.60500336,97.33999634,19.95100021,1909.569946,,0.09,2.52,237.46,6.1,16.66
8/8/2014,1308.900024,81.45400238,97.65000153,19.90200043,1931.589966,,0.09,2.52,237.46,6.1,15.77
8/11/2014,1308.5,81.53500366,98.08000183,20.05999947,1936.920044,,0.09,2.52,237.46,6.1,14.23
8/12/2014,1308.800049,81.55500031,97.37000275,19.87000084,1933.75,,0.09,2.52,237.46,6.1,14.13
8/13/2014,1312.800049,81.65699768,97.58999634,19.80999947,1946.719971,,0.09,2.52,237.46,6.1,12.9
8/14/2014,1313.900024,81.64700317,95.58000183,19.87100029,1955.180054,,0.09,2.52,237.46,6.1,12.42
8/15/2014,1304.5,81.46900177,97.34999847,19.48999977,1955.060059,,0.09,2.52,237.46,6.1,13.15
8/18/2014,1297.699951,81.6309967,96.41000366,19.60000038,1971.73999,,0.09,2.52,237.46,6.1,12.32
8/19/2014,1295.099976,81.93699646,94.48000336,19.38699913,1981.599976,,0.09,2.52,237.46,6.1,12.21
8/20/2014,1293.400024,82.27999878,96.06999969,19.47200012,1986.51001,,0.09,2.52,237.46,6.1,11.78
8/21/2014,1273.699951,82.20800018,93.95999908,19.38999939,1992.369995,,0.09,2.52,237.46,6.1,11.76
8/22/2014,1278.599976,82.3769989,93.65000153,19.36100006,1988.400024,,0.09,2.52,237.46,6.1,11.47
8/25/2014,1277.300049,82.59300232,93.34999847,19.33799934,1997.920044,,0.09,2.52,237.46,6.1,11.7
8/26/2014,1283.800049,82.67900085,93.86000061,19.37000084,2000.02002,,0.09,2.52,237.46,6.1,11.63
8/27/2014,1281.900024,82.4489975,93.87999725,19.39500046,2000.119995,,0.09,2.52,237.46,6.1,11.78
8/28/2014,1288.699951,82.51599884,94.55000305,19.5340004,1996.73999,,0.09,2.52,237.46,6.1,12.05
8/29/2014,1285.800049,82.78299713,95.95999908,19.39800072,2003.369995,,0.09,2.52,237.46,6.1,11.98
9/2/2014,1263.699951,83.01000214,92.87999725,19.07099915,2002.280029,,0.09,2.52,237.477,5.9,12.25
9/3/2014,1268.900024,82.88800049,95.54000092,19.1079998,2000.719971,,0.09,2.52,237.477,5.9,12.36
9/4/2014,1265.099976,83.83399963,94.44999695,19.06399918,1997.650024,,0.09,2.52,237.477,5.9,12.64
9/5/2014,1265.800049,83.75700378,93.29000092,19.08200073,2007.709961,,0.09,2.52,237.477,5.9,12.09
9/8/2014,1252.699951,84.24099731,92.66000366,18.88699913,2001.540039,,0.09,2.52,237.477,5.9,12.66
9/9/2014,1246.800049,84.28399658,92.75,18.84399986,1988.439941,,0.09,2.52,237.477,5.9,13.5
9/10/2014,1243.5,84.29299927,91.66999817,18.8560009,1995.689941,,0.09,2.52,237.477,5.9,12.88
9/11/2014,1237.400024,84.30400085,92.83000183,18.53300095,1997.449951,,0.09,2.52,237.477,5.9,12.8
9/12/2014,1229.900024,84.23999786,92.26999664,18.54599953,1985.540039,,0.09,2.52,237.477,5.9,13.31
9/15/2014,1233.599976,84.23999786,92.91999817,18.55599976,1984.130005,,0.09,2.52,237.477,5.9,14.12
9/16/2014,1235.199951,84.23100281,94.87999725,18.65600014,1998.97998,,0.09,2.52,237.477,5.9,12.73
9/17/2014,1234.400024,84.48600006,94.41999817,18.66300011,2001.569946,457.3340149,0.09,2.52,237.477,5.9,12.65
9/18/2014,1225.699951,84.43000031,93.06999969,18.45199966,2011.359985,424.4400024,0.09,2.52,237.477,5.9,12.03
9/19/2014,1215.300049,84.86499786,92.41000366,17.78100014,2010.400024,394.79599,0.09,2.52,237.477,5.9,12.11
9/22/2014,1216.800049,84.86299896,91.51999664,17.6989994,1994.290039,402.1520081,0.09,2.52,237.477,5.9,13.69
9/23/2014,1221.0,84.77899933,91.55999756,17.71299934,1982.77002,435.7909851,0.09,2.52,237.477,5.9,14.93
9/24/2014,1218.599976,85.15499878,92.80000305,17.64299965,1998.300049,423.2049866,0.09,2.52,237.477,5.9,13.27
9/25/2014,1221.199951,85.3030014,92.52999878,17.37899971,1965.98999,411.5740051,0.09,2.52,237.477,5.9,15.64
9/26/2014,1214.099976,85.76699829,93.54000092,17.47699928,1982.849976,404.4249878,0.09,2.52,237.477,5.9,14.85
9/29/2014,1217.5,85.71600342,94.56999969,17.51600075,1977.800049,375.4670105,0.09,2.52,237.477,5.9,15.98
9/30/2014,1210.5,86.04699707,91.16000366,17.00600052,1972.290039,386.9440002,0.09,2.52,237.477,5.9,16.31
10/1/2014,1214.599976,86.0759964,90.73000336,17.20999908,1946.160034,383.6149902,0.09,2.42,237.43,5.7,16.71
10/2/2014,1214.199951,85.69000244,91.01000214,17.00099945,1946.170044,375.071991,0.09,2.42,237.43,5.7,16.16
10/3/2014,1192.199951,86.82299805,89.73999786,16.78000069,1967.900024,359.5119934,0.09,2.42,237.43,5.7,14.55
10/6/2014,1206.699951,86.04399872,90.33999634,17.18000031,1964.819946,330.07901,0.09,2.42,237.43,5.7,15.46
10/7/2014,1211.699951,85.77799988,88.84999847,17.19099998,1935.099976,336.1870117,0.09,2.42,237.43,5.7,17.2
10/8/2014,1205.300049,85.40699768,87.30999756,17.01499939,1968.890015,352.9400024,0.09,2.42,237.43,5.7,15.11
10/9/2014,1224.599976,85.65499878,85.76999664,17.36700058,1928.209961,365.026001,0.09,2.42,237.43,5.7,18.76
10/10/2014,1221.0,86.03099823,85.81999969,17.25200081,1906.130005,361.5620117,0.09,2.42,237.43,5.7,21.24
10/13/2014,1229.300049,85.72699738,85.73999786,17.29400063,1874.73999,390.4140015,0.09,2.42,237.43,5.7,24.64
10/14/2014,1233.599976,85.94100189,81.83999634,17.35300064,1877.699951,400.8699951,0.09,2.42,237.43,5.7,22.79
10/15/2014,1244.099976,85.24099731,81.77999878,17.41500092,1862.48999,394.7730103,0.09,2.42,237.43,5.7,26.25
10/16/2014,1240.5,85.04100037,82.69999695,17.38800049,1862.76001,382.5559998,0.09,2.42,237.43,5.7,25.2
10/17/2014,1238.300049,85.21299744,82.75,17.28199959,1886.76001,383.7579956,0.09,2.42,237.43,5.7,21.99
10/20/2014,1244.0,85.03800201,82.70999908,17.30400085,1904.01001,382.8450012,0.09,2.42,237.43,5.7,18.57
10/21/2014,1251.0,85.40399933,82.80999756,17.50399971,1941.280029,386.4750061,0.09,2.42,237.43,5.7,16.08
10/22/2014,1244.800049,85.85399628,80.51999664,17.18600082,1927.109985,383.1579895,0.09,2.42,237.43,5.7,17.87
10/23/2014,1228.5,85.94599915,82.08999634,17.11400032,1950.819946,358.4169922,0.09,2.42,237.43,5.7,16.53
10/24/2014,1231.199951,85.81800079,81.01000214,17.13599968,1964.579956,358.3450012,0.09,2.42,237.43,5.7,16.11
10/27/2014,1229.099976,85.56099701,81.0,17.11499977,1961.630005,352.9890137,0.09,2.42,237.43,5.7,16.04
10/28/2014,1229.199951,85.47299957,81.41999817,17.18499947,1985.050049,357.6180115,0.09,2.42,237.43,5.7,14.39
10/29/2014,1224.300049,86.03600311,82.19999695,17.21899986,1982.300049,335.5910034,0.09,2.42,237.43,5.7,15.15
10/30/2014,1198.099976,86.23200226,81.12000275,16.39100075,1994.650024,345.3049927,0.09,2.42,237.43,5.7,14.52
10/31/2014,1171.099976,87.01599884,80.54000092,16.07699966,2018.050049,338.3210144,0.09,2.42,237.43,5.7,14.03
11/3/2014,1169.400024,87.40699768,78.77999878,16.17499924,2017.810059,327.5539856,0.09,2.42,236.983,5.8,14.73
11/4/2014,1167.400024,87.09200287,77.19000244,15.92700005,2012.099976,330.4920044,0.09,2.42,236.983,5.8,14.89
11/5/2014,1145.400024,87.56700134,78.68000031,15.41800022,2023.569946,339.4859924,0.09,2.42,236.983,5.8,14.17
11/6/2014,1142.300049,88.13400269,77.91000366,15.3920002,2031.209961,349.2900085,0.09,2.42,236.983,5.8,13.67
11/7/2014,1169.599976,87.72599792,78.65000153,15.69900036,2031.920044,342.4150085,0.09,2.42,236.983,5.8,13.12
11/10/2014,1159.599976,87.91100311,77.40000153,15.65699959,2038.26001,366.9240112,0.09,2.42,236.983,5.8,12.67
11/11/2014,1162.800049,87.71900177,77.94000244,15.66399956,2039.680054,367.6950073,0.09,2.42,236.983,5.8,12.92
11/12/2014,1158.900024,87.90599823,77.18000031,15.61900043,2038.25,423.5610046,0.09,2.42,236.983,5.8,13.02
11/13/2014,1161.099976,87.7519989,74.20999908,15.61699963,2039.329956,420.7349854,0.09,2.42,236.983,5.8,13.79
11/14/2014,1185.0,87.59300232,75.81999969,16.30999947,2039.819946,397.8179932,0.09,2.42,236.983,5.8,13.31
11/17/2014,1183.0,88.01000214,75.63999939,16.0529995,2041.319946,387.4079895,0.09,2.42,236.983,5.8,13.99
11/18/2014,1196.699951,87.64499664,74.61000061,16.17000008,2051.800049,375.197998,0.09,2.42,236.983,5.8,13.86
11/19/2014,1193.599976,87.71099854,74.58000183,16.29000092,2048.719971,380.5549927,0.09,2.42,236.983,5.8,13.96
11/20/2014,1190.699951,87.66699982,75.58000183,16.13299942,2052.75,357.8399963,0.09,2.42,236.983,5.8,13.58
11/21/2014,1197.5,88.40499878,76.51000214,16.39100075,2063.5,350.8479919,0.09,2.42,236.983,5.8,12.9
11/24/2014,1195.5,88.20600128,75.77999878,16.37700081,2069.409912,376.901001,0.09,2.42,236.983,5.8,12.62
11/25/2014,1197.099976,87.96199799,74.08999634,16.55400085,2067.030029,375.3479919,0.09,2.42,236.983,5.8,12.25
11/26/2014,1196.599976,87.64900208,73.69000244,16.54800034,2072.830078,368.3699951,0.09,2.42,236.983,5.8,12.07
11/28/2014,1175.199951,88.41300201,66.15000153,15.48900032,2067.560059,376.446991,0.09,2.42,236.983,5.8,13.33
12/1/2014,1218.0,87.98200226,69.0,16.64800072,2053.439941,379.2449951,0.12,2.22,236.252,5.6,14.29
12/2/2014,1199.199951,88.70300293,66.87999725,16.40800095,2066.550049,381.3150024,0.12,2.22,236.252,5.6,12.85
12/3/2014,1208.5,88.99299622,67.37999725,16.35899925,2074.330078,375.0100098,0.12,2.22,236.252,5.6,12.47
12/4/2014,1207.5,88.73500061,66.80999756,16.52000046,2071.919922,369.6040039,0.12,2.22,236.252,5.6,12.38
12/5/2014,1190.099976,89.36000061,65.83999634,16.19599915,2075.370117,376.8540039,0.12,2.22,236.252,5.6,11.82
12/8/2014,1194.699951,89.04699707,63.04999924,16.2159996,2060.310059,361.9089966,0.12,2.22,236.252,5.6,14.21
12/9/2014,1231.5,88.69200134,63.81999969,17.08099937,2059.820068,352.2189941,0.12,2.22,236.252,5.6,14.89
12/10/2014,1228.900024,88.28700256,60.93999863,17.13299942,2026.140015,346.3649902,0.12,2.22,236.252,5.6,18.53
12/11/2014,1225.099976,88.68199921,59.95000076,17.05900002,2035.329956,350.506012,0.12,2.22,236.252,5.6,20.08
12/12/2014,1222.0,88.34500122,57.81000137,17.0189991,2002.329956,352.5419922,0.12,2.22,236.252,5.6,21.08
12/15/2014,1207.199951,88.34500122,55.90999985,16.52700043,1989.630005,345.3450012,0.12,2.22,236.252,5.6,20.42
12/16/2014,1193.900024,88.29699707,55.93000031,15.71500015,1972.73999,327.0620117,0.12,2.22,236.252,5.6,23.57
12/17/2014,1194.300049,89.3259964,56.47000122,15.89099979,2012.890015,319.776001,0.12,2.22,236.252,5.6,19.44
12/18/2014,1194.699951,89.47699738,54.11000061,15.89400005,2061.22998,311.3959961,0.12,2.22,236.252,5.6,16.81
12/19/2014,1195.900024,89.84100342,56.52000046,15.99100018,2070.649902,317.8429871,0.12,2.22,236.252,5.6,16.49
12/22/2014,1179.699951,89.9489975,55.25999832,15.64900017,2078.540039,331.8859863,0.12,2.22,236.252,5.6,15.25
12/23/2014,1177.900024,90.3259964,57.11999893,15.72999954,2082.169922,334.571991,0.12,2.22,236.252,5.6,14.8
12/24/2014,1173.5,90.22299957,55.84000015,15.67300034,2081.879883,322.5339966,0.12,2.22,236.252,5.6,14.37
12/26/2014,1195.300049,90.30999756,54.72999954,16.11199951,2088.77002,327.9240112,0.12,2.22,236.252,5.6,14.5
12/29/2014,1181.699951,90.4960022,53.61000061,15.74400043,2090.570068,312.6700134,0.12,2.22,236.252,5.6,15.06
12/30/2014,1200.199951,90.27899933,54.11999893,16.23999977,2080.350098,310.7369995,0.12,2.22,236.252,5.6,15.92
12/31/2014,1183.900024,90.64700317,53.27000046,15.56499958,2058.899902,320.1929932,0.12,2.22,236.252,5.6,19.2
1/2/2015,1186.0,91.38300323,52.68999863,15.73400021,2058.199951,315.0320129,0.11,2.22,234.747,5.7,17.79
1/5/2015,1203.900024,91.62200165,50.04000092,16.17900085,2020.579956,274.473999,0.11,2.22,234.747,5.7,19.92
1/6/2015,1219.300049,91.73799896,47.93000031,16.60300064,2002.609985,286.1889954,0.11,2.22,234.747,5.7,21.12
1/7/2015,1210.599976,92.11499786,48.65000153,16.51000023,2025.900024,294.3370056,0.11,2.22,234.747,5.7,19.31
1/8/2015,1208.400024,92.60199738,48.79000092,16.35099983,2062.139893,283.348999,0.11,2.22,234.747,5.7,17.01
1/9/2015,1216.0,92.14700317,48.36000061,16.38599968,2044.810059,290.4079895,0.11,2.22,234.747,5.7,17.55
1/12/2015,1232.699951,92.18399811,46.06999969,16.53499985,2028.26001,267.79599,0.11,2.22,234.747,5.7,19.6
1/13/2015,1234.300049,92.5019989,45.88999939,17.125,2023.030029,225.8609924,0.11,2.22,234.747,5.7,20.56
1/14/2015,1234.400024,92.34500122,48.47999954,16.95599937,2011.27002,178.1029968,0.11,2.22,234.747,5.7,21.48
1/15/2015,1264.699951,92.60800171,46.25,17.07299995,1992.670044,209.8439941,0.11,2.22,234.747,5.7,22.39
1/16/2015,1276.900024,92.88999939,48.68999863,17.73900032,2019.420044,208.0970001,0.11,2.22,234.747,5.7,20.95
1/20/2015,1294.199951,93.34899902,46.38999939,17.9470005,2022.550049,211.3150024,0.11,2.22,234.747,5.7,19.89
1/21/2015,1293.699951,93.13999939,47.77999878,18.17900085,2032.119995,226.8970032,0.11,2.22,234.747,5.7,18.85
1/22/2015,1300.699951,94.36199951,46.31000137,18.34600067,2063.149902,233.4060059,0.11,2.22,234.747,5.7,16.4
1/23/2015,1292.599976,95.0530014,45.59000015,18.2840004,2051.820068,232.8789978,0.11,2.22,234.747,5.7,16.66
1/26/2015,1279.400024,95.11499786,45.15000153,17.96699905,2057.090088,273.4729919,0.11,2.22,234.747,5.7,15.52
1/27/2015,1291.699951,94.25,46.22999954,18.06800079,2029.550049,263.4750061,0.11,2.22,234.747,5.7,17.22
1/28/2015,1285.900024,94.72699738,44.45000076,18.06800079,2002.160034,233.9149933,0.11,2.22,234.747,5.7,20.44
1/29/2015,1254.599976,95.01100159,44.52999878,16.75799942,2021.25,233.5130005,0.11,2.22,234.747,5.7,18.76
1/30/2015,1278.5,94.9980011,48.24000168,17.19199944,1994.98999,226.4250031,0.11,2.22,234.747,5.7,20.97
2/2/2015,1276.199951,94.73400116,49.56999969,17.23500061,2020.849976,238.2290039,0.11,2.22,235.342,5.5,19.43
2/3/2015,1259.699951,93.72399902,53.04999924,17.30500031,2050.030029,227.2680054,0.11,2.22,235.342,5.5,17.33
2/4/2015,1263.800049,94.16500092,48.45000076,17.37899971,2041.51001,226.8529968,0.11,2.22,235.342,5.5,18.33
2/5/2015,1262.0,93.73200226,50.47999954,17.18000031,2062.52002,217.1109924,0.11,2.22,235.342,5.5,16.85
2/6/2015,1233.900024,94.85099792,51.68999863,16.6779995,2055.469971,222.2660065,0.11,2.22,235.342,5.5,17.29
2/9/2015,1240.800049,94.58200073,52.86000061,17.05400085,2046.73999,220.1100006,0.11,2.22,235.342,5.5,18.55
2/10/2015,1231.599976,94.85299683,50.02000046,16.85700035,2068.590088,219.8390045,0.11,2.22,235.342,5.5,17.23
2/11/2015,1219.0,95.08999634,48.84000015,16.74500084,2068.530029,219.1849976,0.11,2.22,235.342,5.5,16.96
2/12/2015,1220.099976,94.19799805,51.20999908,16.77799988,2088.47998,221.7640076,0.11,2.22,235.342,5.5,15.34
2/13/2015,1226.5,94.27899933,52.77999878,17.27799988,2096.98999,235.427002,0.11,2.22,235.342,5.5,14.69
2/17/2015,1208.099976,94.14700317,53.52999878,16.36199951,2100.340088,243.6100006,0.11,2.22,235.342,5.5,15.8
2/18/2015,1199.699951,94.25700378,52.13999939,16.25,2099.679932,236.326004,0.11,2.22,235.342,5.5,15.45
2/19/2015,1207.099976,94.49199677,51.15999985,16.37100029,2097.449951,240.2830048,0.11,2.22,235.342,5.5,15.29
2/20/2015,1204.400024,94.33999634,50.34000015,16.26300049,2110.300049,243.779007,0.11,2.22,235.342,5.5,14.3
2/23/2015,1200.300049,94.65699768,49.45000076,16.24699974,2109.659912,238.8919983,0.11,2.22,235.342,5.5,14.56
2/24/2015,1196.900024,94.56099701,49.27999878,16.18199921,2115.47998,238.7350006,0.11,2.22,235.342,5.5,13.69
2/25/2015,1201.0,94.23500061,50.99000168,16.42399979,2113.860107,237.4700012,0.11,2.22,235.342,5.5,13.84
2/26/2015,1209.599976,95.33599854,48.16999817,16.58300018,2110.73999,236.4259949,0.11,2.22,235.342,5.5,13.91
2/27/2015,1212.599976,95.32099915,49.75999832,16.51300049,2104.5,253.8280029,0.11,2.22,235.342,5.5,13.34
3/2/2015,1207.699951,95.47899628,49.59000015,16.40699959,2117.389893,275.6700134,0.11,2.22,235.976,5.4,13.04
3/3/2015,1204.0,95.40799713,50.52000046,16.25799942,2107.780029,281.7019958,0.11,2.22,235.976,5.4,13.86
3/4/2015,1200.599976,95.98600006,51.52999878,16.13199997,2098.530029,273.0920105,0.11,2.22,235.976,5.4,14.23
3/5/2015,1195.900024,96.39399719,50.75999832,16.13199997,2101.040039,276.178009,0.11,2.22,235.976,5.4,14.04
3/6/2015,1164.099976,97.60399628,49.61000061,15.7840004,2071.26001,272.7229919,0.11,2.22,235.976,5.4,15.2
3/9/2015,1166.400024,97.58000183,50.0,15.75500011,2079.429932,289.6069946,0.11,2.22,235.976,5.4,15.06
3/10/2015,1160.099976,98.61499786,48.29000092,15.61299992,2044.160034,291.7600098,0.11,2.22,235.976,5.4,16.69
3/11/2015,1150.699951,99.78500366,48.16999817,15.34500027,2040.23999,296.3789978,0.11,2.22,235.976,5.4,16.87
3/12/2015,1152.099976,99.41100311,47.04999924,15.49300003,2065.949951,294.3540039,0.11,2.22,235.976,5.4,15.42
3/13/2015,1152.599976,100.314003,44.84000015,15.47700024,2053.399902,285.3370056,0.11,2.22,235.976,5.4,16.0
3/16/2015,1153.300049,99.48200226,43.88000107,15.60099983,2081.189941,290.5929871,0.11,2.22,235.976,5.4,15.61
3/17/2015,1148.300049,99.9489975,43.45999908,15.56200027,2074.280029,285.5050049,0.11,2.22,235.976,5.4,15.66
3/18/2015,1151.400024,98.78099823,44.65999985,15.52499962,2099.5,256.2990112,0.11,2.22,235.976,5.4,13.97
3/19/2015,1169.099976,99.58399963,43.95999908,16.09799957,2089.27002,260.928009,0.11,2.22,235.976,5.4,14.07
3/20/2015,1184.800049,98.17099762,45.72000122,16.86700058,2108.100098,261.7489929,0.11,2.22,235.976,5.4,13.02
3/23/2015,1188.0,97.29799652,47.45000076,16.87199974,2104.419922,266.7399902,0.11,2.22,235.976,5.4,13.41
3/24/2015,1191.699951,97.44599915,47.50999832,16.96299934,2091.5,245.5950012,0.11,2.22,235.976,5.4,13.62
3/25/2015,1197.300049,97.1969986,49.20999908,16.97999954,2061.050049,246.1970062,0.11,2.22,235.976,5.4,15.44
3/26/2015,1205.099976,97.68199921,51.43000031,17.12199974,2056.149902,248.5319977,0.11,2.22,235.976,5.4,15.8
3/27/2015,1199.800049,97.51999664,48.86999893,17.05200005,2061.02002,247.029007,0.11,2.22,235.976,5.4,15.07
3/30/2015,1184.800049,98.28099823,48.68000031,16.65699959,2086.23999,247.526001,0.11,2.22,235.976,5.4,14.51
3/31/2015,1183.099976,98.66100311,47.59999847,16.58099937,2067.889893,244.223999,0.11,2.22,235.976,5.4,15.29
4/1/2015,1208.099976,98.47499847,50.09000015,17.04400063,2059.689941,247.2720032,0.12,1.87,236.222,5.4,15.11
4/2/2015,1200.900024,97.67299652,49.13999939,16.68600082,2066.959961,253.0050049,0.12,1.87,236.222,5.4,14.67
4/6/2015,1218.599976,96.96099854,52.13999939,17.09499931,2080.620117,255.4920044,0.12,1.87,236.222,5.4,14.74
4/7/2015,1210.599976,98.05599976,53.97999954,16.82500076,2076.330078,253.1799927,0.12,1.87,236.222,5.4,14.78
4/8/2015,1203.099976,98.1309967,50.41999817,16.44000053,2081.899902,245.0220032,0.12,1.87,236.222,5.4,13.98
4/9/2015,1193.599976,99.39499664,50.79000092,16.16399956,2091.179932,243.6759949,0.12,1.87,236.222,5.4,13.09
4/10/2015,1204.599976,99.59600067,51.63999939,16.37000084,2102.060059,236.0720062,0.12,1.87,236.222,5.4,12.58
4/13/2015,1199.300049,99.76799774,51.90999985,16.28000069,2092.429932,224.5870056,0.12,1.87,236.222,5.4,13.94
4/14/2015,1192.800049,98.94000244,53.29000092,16.15099907,2095.840088,219.1589966,0.12,1.87,236.222,5.4,13.67
4/15/2015,1201.5,98.52500153,56.38999939,16.2689991,2106.629883,223.8329926,0.12,1.87,236.222,5.4,12.84
4/16/2015,1198.0,97.61399841,56.70999908,16.27599907,2104.98999,228.572998,0.12,1.87,236.222,5.4,12.6
4/17/2015,1202.900024,97.70700073,55.74000168,16.22100067,2081.179932,222.8820038,0.12,1.87,236.222,5.4,13.89
4/20/2015,1193.5,98.16000366,56.38000107,15.88300037,2100.399902,224.6260071,0.12,1.87,236.222,5.4,13.3
4/21/2015,1202.900024,98.20500183,55.25999832,16.00200081,2097.290039,235.2689972,0.12,1.87,236.222,5.4,13.25
4/22/2015,1186.900024,98.13800049,56.15999985,15.79100037,2107.959961,234.1759949,0.12,1.87,236.222,5.4,12.71
4/23/2015,1194.400024,97.45400238,57.74000168,15.82400036,2112.929932,236.4620056,0.12,1.87,236.222,5.4,12.48
4/24/2015,1175.199951,97.09899902,57.15000153,15.63099957,2117.689941,231.2680054,0.12,1.87,236.222,5.4,12.29
4/27/2015,1203.300049,96.94100189,56.99000168,16.38999939,2108.919922,229.2859955,0.12,1.87,236.222,5.4,13.12
4/28/2015,1214.0,96.19400024,57.06000137,16.58699989,2114.76001,225.8549957,0.12,1.87,236.222,5.4,12.41
4/29/2015,1209.800049,95.3219986,58.58000183,16.67000008,2106.850098,225.8079987,0.12,1.87,236.222,5.4,13.39
4/30/2015,1182.400024,94.71399689,59.63000107,16.12400055,2085.51001,236.1450043,0.12,1.87,236.222,5.4,14.55
5/1/2015,1174.5,95.44499969,59.15000153,16.11100006,2108.290039,232.0789948,0.12,2.12,237.001,5.6,12.7
5/4/2015,1186.800049,95.63700104,58.93000031,16.41799927,2114.48999,239.0180054,0.12,2.12,237.001,5.6,12.85
5/5/2015,1193.199951,95.20200348,60.40000153,16.55699921,2089.459961,236.1210022,0.12,2.12,237.001,5.6,14.31
5/6/2015,1190.300049,94.17500305,60.93000031,16.48399925,2080.149902,229.7819977,0.12,2.12,237.001,5.6,15.15
5/7/2015,1182.400024,94.74900055,58.93999863,16.27199936,2088.0,237.3339996,0.12,2.12,237.001,5.6,15.13
5/8/2015,1189.099976,94.90399933,59.38999939,16.44199944,2116.100098,243.8630066,0.12,2.12,237.001,5.6,12.86
5/11/2015,1183.199951,95.09999847,59.25,16.29800034,2105.330078,242.1580048,0.12,2.12,237.001,5.6,13.85
5/12/2015,1192.599976,94.60600281,60.75,16.51000023,2099.120117,241.1119995,0.12,2.12,237.001,5.6,13.86
5/13/2015,1218.400024,93.64299774,60.5,17.20700073,2098.47998,236.3769989,0.12,2.12,237.001,5.6,13.76
5/14/2015,1225.400024,93.50499725,59.88000107,17.4489994,2121.100098,236.9290009,0.12,2.12,237.001,5.6,12.74
5/15/2015,1225.5,93.18000031,59.68999863,17.54500008,2122.72998,237.6049957,0.12,2.12,237.001,5.6,12.38
5/18/2015,1227.800049,94.26899719,59.43000031,17.71199989,2129.199951,233.128006,0.12,2.12,237.001,5.6,12.73
5/19/2015,1206.900024,95.36299896,57.25999832,17.04999924,2127.830078,231.9470062,0.12,2.12,237.001,5.6,12.85
5/20/2015,1208.900024,95.50900269,58.97999954,17.09199905,2125.850098,234.0180054,0.12,2.12,237.001,5.6,12.88
5/21/2015,1204.400024,95.32900238,60.72000122,17.11100006,2130.820068,235.3439941,0.12,2.12,237.001,5.6,12.11
5/22/2015,1204.300049,96.11000061,59.72000122,17.03000069,2126.060059,240.3480072,0.12,2.12,237.001,5.6,12.13
5/26/2015,1187.199951,97.40699768,58.02999878,16.73399925,2104.199951,237.1159973,0.12,2.12,237.001,5.6,14.06
5/27/2015,1185.900024,97.47399902,57.50999832,16.63800049,2123.47998,237.2830048,0.12,2.12,237.001,5.6,13.27
5/28/2015,1188.099976,97.05899811,57.68000031,16.65299988,2120.790039,237.4080048,0.12,2.12,237.001,5.6,13.31
5/29/2015,1189.400024,96.98600006,60.29999924,16.68400002,2107.389893,237.095993,0.12,2.12,237.001,5.6,13.84
6/1/2015,1188.300049,97.47299957,60.20000076,16.66399956,2111.72998,222.9259949,0.13,2.19,237.657,5.3,13.97
6/2/2015,1194.099976,95.87799835,61.25999832,16.78300095,2109.600098,225.8029938,0.13,2.19,237.657,5.3,14.24
6/3/2015,1184.699951,95.50900269,59.63999939,16.4640007,2114.070068,225.8739929,0.13,2.19,237.657,5.3,13.66
6/4/2015,1174.900024,95.49299622,58.0,16.0890007,2095.840088,224.3240051,0.13,2.19,237.657,5.3,14.71
6/5/2015,1167.800049,96.36100006,59.13000107,15.97099972,2092.830078,224.9519958,0.13,2.19,237.657,5.3,14.21
6/8/2015,1173.199951,95.32299805,58.13999939,15.95100021,2079.280029,228.4889984,0.13,2.19,237.657,5.3,15.29
6/9/2015,1177.300049,95.17199707,60.13999939,15.94900036,2080.149902,229.0480042,0.13,2.19,237.657,5.3,14.47
6/10/2015,1186.099976,94.65100098,61.43000031,15.95199966,2105.199951,228.8029938,0.13,2.19,237.657,5.3,13.22
6/11/2015,1179.900024,94.98000336,60.77000046,15.95300007,2108.860107,229.7050018,0.13,2.19,237.657,5.3,12.85
6/12/2015,1178.800049,94.98699951,59.95999908,15.81799984,2094.110107,229.9819946,0.13,2.19,237.657,5.3,13.78
6/15/2015,1185.300049,95.1289978,59.52000046,16.07600021,2084.429932,236.822998,0.13,2.19,237.657,5.3,15.39
6/16/2015,1180.5,95.26200104,59.97000122,15.95800018,2096.290039,250.8950043,0.13,2.19,237.657,5.3,14.81
6/17/2015,1176.400024,94.48999786,59.91999817,15.93999958,2100.439941,249.2839966,0.13,2.19,237.657,5.3,14.5
6/18/2015,1201.5,94.24099731,60.45000076,16.14800072,2121.23999,249.0070038,0.13,2.19,237.657,5.3,13.19
6/19/2015,1201.5,94.27200317,59.61000061,16.10400009,2109.98999,244.6060028,0.13,2.19,237.657,5.3,13.96
6/22/2015,1183.699951,94.51499939,59.68000031,16.13699913,2122.850098,246.9900055,0.13,2.19,237.657,5.3,12.74
6/23/2015,1176.199951,95.64499664,61.00999832,15.73200035,2124.199951,244.2960052,0.13,2.19,237.657,5.3,12.11
6/24/2015,1172.599976,95.41799927,60.27000046,15.84799957,2108.580078,240.5149994,0.13,2.19,237.657,5.3,13.26
6/25/2015,1171.5,95.38700104,59.70000076,15.80500031,2102.310059,242.798996,0.13,2.19,237.657,5.3,14.01
6/26/2015,1172.900024,95.65100098,59.63000107,15.73499966,2101.48999,243.5939941,0.13,2.19,237.657,5.3,14.02
6/29/2015,1178.5,94.94999695,58.33000183,15.66399956,2057.639893,257.0639954,0.13,2.19,237.657,5.3,18.85
6/30/2015,1171.5,95.66100311,59.47000122,15.55099964,2063.110107,263.071991,0.13,2.19,237.657,5.3,18.23
7/1/2015,1169.0,96.50900269,56.95999908,15.55200005,2077.419922,258.6210022,0.13,2.43,238.034,5.2,16.09
7/2/2015,1163.0,96.29000092,56.93000031,15.5369997,2076.780029,255.4120026,0.13,2.43,238.034,5.2,16.79
7/6/2015,1172.900024,96.47699738,52.52999878,15.72599983,2068.76001,269.0299988,0.13,2.43,238.034,5.2,17.01
7/7/2015,1152.400024,97.0759964,52.33000183,14.94999981,2081.340088,266.2070007,0.13,2.43,238.034,5.2,16.09
7/8/2015,1163.300049,96.47200012,51.65000153,15.14700031,2046.680054,270.7850037,0.13,2.43,238.034,5.2,19.66
7/9/2015,1159.0,96.78800201,52.77999878,15.34500027,2051.310059,269.2279968,0.13,2.43,238.034,5.2,19.97
7/10/2015,1157.699951,96.17199707,52.74000168,15.46800041,2076.620117,284.8940125,0.13,2.43,238.034,5.2,16.83
7/13/2015,1155.199951,96.9980011,52.20000076,15.43599987,2099.600098,292.0539856,0.13,2.43,238.034,5.2,13.9
7/14/2015,1153.300049,96.78399658,53.04000092,15.29500008,2108.949951,287.4639893,0.13,2.43,238.034,5.2,13.37
7/15/2015,1147.199951,97.27899933,51.40999985,15.02799988,2107.399902,285.82901,0.13,2.43,238.034,5.2,13.23
7/16/2015,1143.800049,97.80599976,50.90999985,14.96399975,2124.290039,278.0889893,0.13,2.43,238.034,5.2,12.11
7/17/2015,1131.800049,97.98899841,50.88999939,14.81999969,2126.639893,279.4719849,0.13,2.43,238.034,5.2,11.95
7/20/2015,1106.699951,98.16100311,50.15000153,14.74499989,2128.280029,278.9809875,0.13,2.43,238.034,5.2,12.25
7/21/2015,1103.400024,97.4260025,50.36000061,14.76900005,2119.209961,275.8330078,0.13,2.43,238.034,5.2,12.22
7/22/2015,1091.400024,97.72200012,49.18999863,14.71399975,2114.149902,277.2219849,0.13,2.43,238.034,5.2,12.12
7/23/2015,1094.0,97.22599792,48.45000076,14.68299961,2102.149902,276.0490112,0.13,2.43,238.034,5.2,12.64
7/24/2015,1085.599976,97.34600067,48.13999939,14.47700024,2079.649902,288.2780151,0.13,2.43,238.034,5.2,13.74
7/27/2015,1096.5,96.60500336,47.38999939,14.59399986,2067.639893,293.6239929,0.13,2.43,238.034,5.2,15.6
7/28/2015,1096.300049,96.86299896,47.97999954,14.63099957,2093.25,294.427002,0.13,2.43,238.034,5.2,13.44
7/29/2015,1092.699951,97.07700348,48.79000092,14.73400021,2108.570068,289.5899963,0.13,2.43,238.034,5.2,12.5
7/30/2015,1088.400024,97.69400024,48.52000046,14.69099998,2108.629883,287.7219849,0.13,2.43,238.034,5.2,12.13
7/31/2015,1094.900024,97.43900299,47.11999893,14.74600029,2103.840088,284.6499939,0.13,2.43,238.034,5.2,12.12
8/3/2015,1089.400024,97.61599731,45.16999817,14.51599979,2098.040039,281.2269897,0.14,2.43,238.033,5.1,12.56
8/4/2015,1090.699951,98.02400208,45.74000168,14.55000019,2093.320068,285.2179871,0.14,2.43,238.033,5.1,13.0
8/5/2015,1085.699951,98.03500366,45.15000153,14.54599953,2099.840088,281.8819885,0.14,2.43,238.033,5.1,12.51
8/6/2015,1090.199951,97.90599823,44.65999985,14.67000008,2083.560059,278.5769958,0.14,2.43,238.033,5.1,13.77
8/7/2015,1094.099976,97.6190033,43.86999893,14.81599998,2077.570068,279.5849915,0.14,2.43,238.033,5.1,13.39
8/10/2015,1104.199951,97.20200348,44.95999908,15.28899956,2104.179932,264.4700012,0.14,2.43,238.033,5.1,12.23
8/11/2015,1107.599976,97.33499908,43.08000183,15.28100014,2084.070068,270.3859863,0.14,2.43,238.033,5.1,13.71
8/12/2015,1123.199951,96.29499817,43.29999924,15.47299957,2086.050049,266.3760071,0.14,2.43,238.033,5.1,13.61
8/13/2015,1115.699951,96.46099854,42.22999954,15.39599991,2083.389893,264.0799866,0.14,2.43,238.033,5.1,13.49
8/14/2015,1112.900024,96.53299713,42.5,15.21000004,2091.540039,265.6799927,0.14,2.43,238.033,5.1,12.83
8/17/2015,1118.599976,96.81500244,41.86999893,15.29500008,2102.439941,257.9760132,0.14,2.43,238.033,5.1,13.02
8/18/2015,1117.099976,97.06999969,42.61999893,14.7869997,2096.919922,211.0789948,0.14,2.43,238.033,5.1,13.79
8/19/2015,1128.099976,96.36799622,40.79999924,15.17599964,2079.610107,226.6840057,0.14,2.43,238.033,5.1,15.25
8/20/2015,1153.0,96.0019989,41.13999939,15.5170002,2035.72998,235.3500061,0.14,2.43,238.033,5.1,19.14
8/21/2015,1159.599976,95.00499725,40.45000076,15.30099964,1970.890015,232.5690002,0.14,2.43,238.033,5.1,28.03
8/24/2015,1153.400024,93.35600281,38.24000168,14.76200008,1893.209961,210.4949951,0.14,2.43,238.033,5.1,40.74
8/25/2015,1138.199951,94.54399872,39.31000137,14.60999966,1867.609985,221.6089935,0.14,2.43,238.033,5.1,36.02
8/26/2015,1124.599976,95.1309967,38.59999847,14.04500008,1940.51001,225.8309937,0.14,2.43,238.033,5.1,30.32
8/27/2015,1122.400024,95.65200043,42.56000137,14.42099953,1987.660034,224.7689972,0.14,2.43,238.033,5.1,26.1
8/28/2015,1133.099976,96.13500214,45.22000122,14.53499985,1988.869995,231.3959961,0.14,2.43,238.033,5.1,26.05
8/31/2015,1131.599976,95.85399628,49.20000076,14.57699966,1972.180054,230.0559998,0.14,2.43,238.033,5.1,28.43
9/1/2015,1138.699951,95.44599915,45.40999985,14.61299992,1913.849976,228.1210022,0.14,2.17,237.498,5.0,31.4
9/2/2015,1132.5,95.84400177,46.25,14.66100025,1948.859985,229.2839966,0.14,2.17,237.498,5.0,26.09
9/3/2015,1123.699951,96.42299652,46.75,14.70199966,1951.130005,227.1829987,0.14,2.17,237.498,5.0,25.61
9/4/2015,1120.599976,96.23999786,46.04999924,14.54399967,1921.219971,230.2980042,0.14,2.17,237.498,5.0,27.8
9/8/2015,1120.400024,95.98699951,45.93999863,14.75,1969.410034,243.6069946,0.14,2.17,237.498,5.0,24.9
9/9/2015,1102.199951,96.01000214,44.15000153,14.56799984,1942.040039,238.1679993,0.14,2.17,237.498,5.0,26.23
9/10/2015,1109.5,95.44200134,45.91999817,14.63399982,1952.290039,238.477005,0.14,2.17,237.498,5.0,24.37
9/11/2015,1103.5,95.19400024,44.63000107,14.48999977,1961.050049,240.1069946,0.14,2.17,237.498,5.0,23.2
9/14/2015,1107.699951,95.36399841,44.0,14.35700035,1953.030029,230.6439972,0.14,2.17,237.498,5.0,24.25
9/15/2015,1102.800049,95.78500366,44.59000015,14.31900024,1978.089966,230.3040009,0.14,2.17,237.498,5.0,22.54
9/16/2015,1119.199951,95.54599762,47.15000153,14.87800026,1995.310059,229.0910034,0.14,2.17,237.498,5.0,21.35
9/17/2015,1117.300049,94.67700195,46.90000153,14.97500038,1990.199951,229.8099976,0.14,2.17,237.498,5.0,21.14
9/18/2015,1138.099976,94.9960022,44.68000031,15.15400028,1958.030029,232.9750061,0.14,2.17,237.498,5.0,22.28
9/21/2015,1133.099976,96.03399658,46.68000031,15.2159996,1966.969971,227.0850067,0.14,2.17,237.498,5.0,20.14
9/22/2015,1125.0,96.44599915,45.83000183,14.75,1942.73999,230.6179962,0.14,2.17,237.498,5.0,22.44
9/23/2015,1131.599976,96.20600128,44.47999954,14.77999973,1938.76001,230.2830048,0.14,2.17,237.498,5.0,22.13
9/24/2015,1153.800049,96.14900208,44.90999985,15.125,1932.23999,234.529007,0.14,2.17,237.498,5.0,23.47
9/25/2015,1146.0,96.43399811,45.70000076,15.10599995,1931.339966,235.1439972,0.14,2.17,237.498,5.0,23.62
9/28/2015,1132.0,96.18199921,44.43000031,14.53800011,1881.77002,239.1419983,0.14,2.17,237.498,5.0,27.63
9/29/2015,1127.099976,95.99299622,45.22999954,14.56900024,1884.089966,236.6869965,0.14,2.17,237.498,5.0,26.83
9/30/2015,1115.5,96.48000336,45.09000015,14.51299953,1920.030029,236.0599976,0.14,2.17,237.498,5.0,24.5
10/1/2015,1114.199951,96.3259964,44.74000168,14.50599957,1923.819946,237.548996,0.12,2.05,237.733,5.0,22.55
10/2/2015,1137.099976,95.96700287,45.54000092,15.25699997,1951.359985,237.2929993,0.12,2.05,237.733,5.0,20.94
10/5/2015,1138.099976,96.23999786,46.25999832,15.70199966,1987.050049,240.3829956,0.12,2.05,237.733,5.0,19.54
10/6/2015,1146.800049,95.56300354,48.52999878,15.97900009,1979.920044,246.0630035,0.12,2.05,237.733,5.0,19.4
10/7/2015,1149.0,95.58000183,47.81000137,16.08799934,1995.829956,242.9689941,0.12,2.05,237.733,5.0,18.4
10/8/2015,1144.699951,95.40699768,49.43000031,15.76000023,2013.430054,242.3040009,0.12,2.05,237.733,5.0,17.42
10/9/2015,1156.300049,94.88300323,49.63000107,15.80900002,2014.890015,243.9309998,0.12,2.05,237.733,5.0,17.08
10/12/2015,1164.900024,94.76499939,47.09999847,15.85499954,2017.459961,245.3079987,0.12,2.05,237.733,5.0,16.17
10/13/2015,1165.800049,94.79000092,46.65999985,15.89700031,2003.689941,249.5079956,0.12,2.05,237.733,5.0,17.67
10/14/2015,1180.099976,93.95700073,46.63999939,16.10199928,1994.23999,251.9889984,0.12,2.05,237.733,5.0,18.03
10/15/2015,1187.900024,94.43000031,46.38000107,16.15200043,2023.859985,254.3200073,0.12,2.05,237.733,5.0,16.05
10/16/2015,1183.599976,94.58799744,47.25999832,16.10199928,2033.109985,262.868988,0.12,2.05,237.733,5.0,15.05
10/19/2015,1173.300049,94.95300293,45.88999939,15.82900047,2033.660034,263.4370117,0.12,2.05,237.733,5.0,14.98
10/20/2015,1178.0,94.93900299,45.54999924,15.90499973,2030.77002,269.4630127,0.12,2.05,237.733,5.0,15.75
10/21/2015,1167.599976,95.06800079,45.20000076,15.6960001,2018.939941,266.2720032,0.12,2.05,237.733,5.0,16.7
10/22/2015,1166.599976,96.45400238,45.38000107,15.82299995,2052.51001,274.0230103,0.12,2.05,237.733,5.0,14.45
10/23/2015,1163.300049,97.24299622,44.59999847,15.81799984,2075.149902,276.4960022,0.12,2.05,237.733,5.0,14.46
10/26/2015,1167.0,96.95500183,43.97999954,15.89999962,2071.179932,285.2999878,0.12,2.05,237.733,5.0,15.29
10/27/2015,1166.800049,96.99199677,43.20000076,15.8579998,2065.889893,293.7879944,0.12,2.05,237.733,5.0,15.43
10/28/2015,1177.099976,97.86100006,45.93999863,16.28800011,2090.350098,304.6180115,0.12,2.05,237.733,5.0,14.33
10/29/2015,1147.199951,97.36399841,46.06000137,15.54399967,2089.409912,313.855011,0.12,2.05,237.733,5.0,14.61
10/30/2015,1141.5,97.01899719,46.59000015,15.56599998,2079.360107,328.0150146,0.12,2.05,237.733,5.0,15.07
11/2/2015,1135.800049,97.00299835,46.13999939,15.41300011,2104.050049,361.1889954,0.12,2.05,238.017,5.1,14.15
11/3/2015,1114.199951,97.24299622,47.90000153,15.24400043,2109.790039,403.4169922,0.12,2.05,238.017,5.1,14.54
11/4/2015,1106.5,98.02899933,46.31999969,15.06299973,2102.310059,411.5629883,0.12,2.05,238.017,5.1,15.51
11/5/2015,1104.400024,98.05000305,45.20000076,14.98799992,2099.929932,386.3540039,0.12,2.05,238.017,5.1,15.05
11/6/2015,1087.599976,99.26000214,44.29000092,14.6960001,2099.199951,374.4700012,0.12,2.05,238.017,5.1,14.33
11/9/2015,1087.900024,99.0759964,43.86999893,14.41800022,2078.580078,380.2569885,0.12,2.05,238.017,5.1,16.52
11/10/2015,1088.199951,99.38999939,44.20999908,14.35599995,2081.719971,336.8190002,0.12,2.05,238.017,5.1,15.29
11/11/2015,1084.699951,99.15799713,42.93000031,14.26200008,2075.0,311.0840149,0.12,2.05,238.017,5.1,16.06
11/12/2015,1080.800049,98.71199799,41.75,14.22399998,2045.969971,338.1520081,0.12,2.05,238.017,5.1,18.37
11/13/2015,1080.800049,99.09700012,40.74000168,14.20300007,2023.040039,336.7529907,0.12,2.05,238.017,5.1,20.08
11/16/2015,1083.699951,99.53800201,41.74000168,14.22099972,2053.189941,330.7510071,0.12,2.05,238.017,5.1,18.16
11/17/2015,1068.699951,99.69999695,40.66999817,14.17000008,2050.439941,335.0939941,0.12,2.05,238.017,5.1,18.84
11/18/2015,1068.800049,99.74500275,40.75,14.07999992,2083.580078,334.5899963,0.12,2.05,238.017,5.1,16.85
11/19/2015,1078.0,99.06400299,40.54000092,14.24199963,2081.23999,326.1489868,0.12,2.05,238.017,5.1,16.99
11/20/2015,1076.400024,99.62400055,40.38999939,14.10599995,2089.169922,322.0220032,0.12,2.05,238.017,5.1,15.47
11/23/2015,1066.800049,99.85500336,41.75,14.04199982,2086.590088,323.04599,0.12,2.05,238.017,5.1,15.62
11/24/2015,1074.300049,99.58999634,42.86999893,14.16899967,2089.139893,320.04599,0.12,2.05,238.017,5.1,15.93
11/25/2015,1070.5,99.83000183,43.04000092,14.16800022,2088.870117,328.2059937,0.12,2.05,238.017,5.1,15.19
11/27/2015,1056.199951,100.072998,41.70999908,14.00800037,2090.110107,358.0419922,0.12,2.05,238.017,5.1,15.12
11/30/2015,1065.800049,100.2099991,41.65000153,14.05000019,2080.409912,377.3210144,0.12,2.05,238.017,5.1,16.13
12/1/2015,1063.800049,99.83999634,41.84999847,14.05500031,2102.629883,362.4880066,0.24,2.15,237.761,5.0,14.67
12/2/2015,1054.199951,100.0199966,39.93999863,13.97900009,2079.51001,359.1870117,0.24,2.15,237.761,5.0,15.91
12/3/2015,1061.699951,97.63400269,41.08000183,14.05300045,2049.620117,361.04599,0.24,2.15,237.761,5.0,18.11
12/4/2015,1084.5,98.34300232,39.97000122,14.50500011,2091.689941,363.1830139,0.24,2.15,237.761,5.0,14.81
12/7/2015,1076.400024,98.66899872,37.65000153,14.30700016,2077.070068,395.5360107,0.24,2.15,237.761,5.0,15.84
12/8/2015,1076.300049,98.46800232,37.50999832,14.0909996,2063.590088,415.5629883,0.24,2.15,237.761,5.0,17.6
12/9/2015,1077.599976,97.33399963,37.15999985,14.16399956,2047.619995,417.5629883,0.24,2.15,237.761,5.0,19.61
12/10/2015,1073.099976,97.95999908,36.75999832,14.08500004,2052.22998,415.4790039,0.24,2.15,237.761,5.0,19.34
12/11/2015,1076.900024,97.5510025,35.61999893,13.85900021,2012.369995,451.9379883,0.24,2.15,237.761,5.0,24.39
12/14/2015,1064.699951,97.46900177,36.31000137,13.66600037,2021.939941,444.1820068,0.24,2.15,237.761,5.0,22.73
12/15/2015,1062.900024,98.28800201,37.34999847,13.73999977,2043.410034,465.3210144,0.24,2.15,237.761,5.0,20.95
12/16/2015,1078.0,97.88400269,35.52000046,14.21800041,2073.070068,454.9339905,0.24,2.15,237.761,5.0,17.86
12/17/2015,1050.800049,99.31999969,34.95000076,13.68299961,2041.890015,456.0780029,0.24,2.15,237.761,5.0,18.94
12/18/2015,1066.199951,98.73100281,34.72999954,14.07999992,2005.550049,463.6159973,0.24,2.15,237.761,5.0,20.7
12/21/2015,1081.900024,98.3690033,34.74000168,14.30099964,2021.150024,438.6390076,0.24,2.15,237.761,5.0,18.7
12/22/2015,1074.800049,98.2440033,36.13999939,14.30200005,2038.969971,436.571991,0.24,2.15,237.761,5.0,16.6
12/23/2015,1069.400024,98.36699677,37.5,14.27700043,2064.290039,442.401001,0.24,2.15,237.761,5.0,15.57
12/24/2015,1077.199951,98.01599884,38.09999847,14.36900043,2060.98999,454.9849854,0.24,2.15,237.761,5.0,15.74
12/28/2015,1070.5,97.94999695,36.81000137,13.87300014,2056.5,422.2789917,0.24,2.15,237.761,5.0,16.91
12/29/2015,1077.5,98.17299652,37.86999893,13.91699982,2078.360107,432.9830017,0.24,2.15,237.761,5.0,16.08
12/30/2015,1060.099976,98.35399628,36.59999847,13.81400013,2063.360107,426.6199951,0.24,2.15,237.761,5.0,17.29
12/31/2015,1060.300049,98.74500275,37.04000092,13.77499962,2043.939941,430.5669861,0.24,2.15,237.761,5.0,18.21
1/4/2016,1075.099976,98.96800232,36.75999832,13.81700039,2012.660034,433.0910034,0.34,2.15,237.652,4.8,20.7
1/5/2016,1078.400024,99.4960022,35.97000122,13.94900036,2016.709961,431.9599915,0.34,2.15,237.652,4.8,19.34
1/6/2016,1091.900024,99.26599884,33.97000122,13.95699978,1990.26001,429.105011,0.34,2.15,237.652,4.8,20.59
1/7/2016,1107.699951,98.27200317,33.27000046,14.33500004,1943.089966,458.0480042,0.34,2.15,237.652,4.8,24.99
1/8/2016,1097.800049,98.59899902,33.15999985,13.90799999,1922.030029,453.230011,0.34,2.15,237.652,4.8,27.01
1/11/2016,1096.5,98.78399658,31.40999985,13.85499954,1923.670044,448.428009,0.34,2.15,237.652,4.8,24.3
1/12/2016,1085.599976,99.02400208,30.44000053,13.73999977,1938.680054,435.6900024,0.34,2.15,237.652,4.8,22.47
1/13/2016,1087.5,98.97799683,30.47999954,14.14500046,1890.280029,432.3710022,0.34,2.15,237.652,4.8,25.22
1/14/2016,1073.900024,99.15499878,31.20000076,13.73700047,1921.839966,430.3059998,0.34,2.15,237.652,4.8,23.95
1/15/2016,1091.5,99.01999664,29.42000008,13.88399982,1880.329956,364.3309937,0.34,2.15,237.652,4.8,27.02
1/19/2016,1089.900024,99.03600311,28.45999908,14.10999966,1881.329956,380.1489868,0.34,2.15,237.652,4.8,26.05
1/20/2016,1107.099976,99.1740036,26.54999924,14.14700031,1859.329956,420.230011,0.34,2.15,237.652,4.8,27.59
1/21/2016,1099.099976,99.12799835,29.53000069,14.08300018,1868.98999,410.2619934,0.34,2.15,237.652,4.8,26.69
1/22/2016,1097.199951,99.65100098,32.18999863,14.04300022,1906.900024,382.4920044,0.34,2.15,237.652,4.8,22.34
1/25/2016,1106.199951,99.40599823,30.34000015,14.23999977,1877.079956,391.7260132,0.34,2.15,237.652,4.8,24.15
1/26/2016,1121.699951,99.13300323,31.45000076,14.54399967,1903.630005,392.1530151,0.34,2.15,237.652,4.8,22.5
1/27/2016,1116.099976,98.95400238,32.29999924,14.43999958,1882.949951,394.9719849,0.34,2.15,237.652,4.8,23.11
1/28/2016,1115.599976,98.53900146,33.22000122,14.2159996,1893.359985,380.2890015,0.34,2.15,237.652,4.8,22.42
1/29/2016,1116.400024,99.65200043,33.61999893,14.22900009,1940.23999,379.473999,0.34,2.15,237.652,4.8,20.2
2/1/2016,1127.900024,99.02799988,31.62000084,14.32900047,1939.380005,373.0559998,0.38,1.97,237.336,4.9,19.98
2/2/2016,1127.300049,98.89299774,29.87999916,14.27600002,1903.030029,374.447998,0.38,1.97,237.336,4.9,21.98
2/3/2016,1141.300049,97.3010025,32.27999878,14.72000027,1912.530029,369.9490051,0.38,1.97,237.336,4.9,21.65
2/4/2016,1157.599976,96.48699951,31.71999931,14.83600044,1915.449951,389.5939941,0.38,1.97,237.336,4.9,21.84
2/5/2016,1157.800049,97.05400085,30.88999939,14.76399994,1880.050049,386.5490112,0.38,1.97,237.336,4.9,23.38
2/8/2016,1197.900024,96.58100128,29.69000053,15.41600037,1853.439941,373.446991,0.38,1.97,237.336,4.9,26.0
2/9/2016,1198.699951,96.09400177,27.94000053,15.44400024,1852.209961,376.0289917,0.38,1.97,237.336,4.9,26.54
2/10/2016,1194.699951,95.93599701,27.45000076,15.27700043,1851.859985,381.6489868,0.38,1.97,237.336,4.9,26.29
2/11/2016,1247.900024,95.6190033,26.20999908,15.78899956,1829.079956,379.6539917,0.38,1.97,237.336,4.9,28.14
2/12/2016,1239.099976,95.98200226,29.44000053,15.78499985,1864.780029,384.2630005,0.38,1.97,237.336,4.9,25.4
2/16/2016,1207.900024,96.875,29.04000092,15.32900047,1895.579956,407.4880066,0.38,1.97,237.336,4.9,24.11
2/17/2016,1211.099976,96.80000305,30.65999985,15.37199974,1926.819946,416.321991,0.38,1.97,237.336,4.9,22.31
2/18/2016,1226.099976,96.95999908,30.77000046,15.42700005,1917.829956,422.3729858,0.38,1.97,237.336,4.9,21.64
2/19/2016,1230.400024,96.60399628,29.63999939,15.36800003,1917.780029,420.7850037,0.38,1.97,237.336,4.9,20.53
2/22/2016,1209.5,97.38800049,31.47999954,15.1789999,1945.5,437.7479858,0.38,1.97,237.336,4.9,19.38
2/23/2016,1222.300049,97.48500061,31.87000084,15.23499966,1921.27002,420.7359924,0.38,1.97,237.336,4.9,20.98
2/24/2016,1238.699951,97.46399689,32.15000153,15.29199982,1929.800049,424.9549866,0.38,1.97,237.336,4.9,20.72
2/25/2016,1238.199951,97.28199768,33.06999969,15.16499996,1951.699951,424.5440063,0.38,1.97,237.336,4.9,19.11
2/26/2016,1219.800049,98.17500305,32.77999878,14.68900013,1948.050049,432.1520081,0.38,1.97,237.336,4.9,19.81
2/29/2016,1233.900024,98.21900177,33.75,14.89599991,1932.22998,437.696991,0.38,1.97,237.336,4.9,20.55
3/1/2016,1230.300049,98.36499786,34.40000153,14.7329998,1978.349976,435.1229858,0.36,1.83,238.08,5.0,17.7
3/2/2016,1241.099976,98.22499847,34.65999985,15.00300026,1986.449951,423.9890137,0.36,1.83,238.08,5.0,17.09
3/3/2016,1257.400024,97.60099792,34.56999969,15.13099957,1993.400024,421.651001,0.36,1.83,238.08,5.0,16.7
3/4/2016,1269.900024,97.34300232,35.91999817,15.68099976,1999.98999,410.9389954,0.36,1.83,238.08,5.0,16.86
3/7/2016,1263.199951,97.08399963,37.90000153,15.62300014,2001.76001,414.3210144,0.36,1.83,238.08,5.0,17.35
3/8/2016,1262.099976,97.20600128,36.5,15.38399982,1979.26001,413.9719849,0.36,1.83,238.08,5.0,18.67
3/9/2016,1256.599976,97.15899658,38.29000092,15.35499954,1989.26001,414.8599854,0.36,1.83,238.08,5.0,18.34
3/10/2016,1272.0,96.05500031,37.84000015,15.54599953,1989.569946,417.131012,0.36,1.83,238.08,5.0,18.05
3/11/2016,1258.699951,96.17199707,38.5,15.60700035,2022.189941,421.6900024,0.36,1.83,238.08,5.0,16.5
3/14/2016,1244.400024,96.52100372,37.18000031,15.51799965,2019.640015,416.4379883,0.36,1.83,238.08,5.0,16.92
3/15/2016,1230.400024,96.66799927,36.34000015,15.25500011,2015.930054,416.8299866,0.36,1.83,238.08,5.0,16.84
3/16/2016,1229.300049,95.92500305,38.45999908,15.21399975,2027.219971,417.0109863,0.36,1.83,238.08,5.0,14.99
3/17/2016,1264.5,94.8010025,40.20000076,16.02199936,2040.589966,420.6210022,0.36,1.83,238.08,5.0,14.44
3/18/2016,1253.800049,95.12000275,39.43999863,15.80599976,2049.580078,409.5480042,0.36,1.83,238.08,5.0,14.02
3/21/2016,1243.800049,95.30400085,39.90999985,15.8409996,2051.600098,413.3070068,0.36,1.83,238.08,5.0,13.79
3/22/2016,1248.199951,95.64399719,41.45000076,15.87699986,2049.800049,418.0889893,0.36,1.83,238.08,5.0,14.17
3/23/2016,1223.699951,96.06400299,39.79000092,15.26299953,2036.709961,418.0409851,0.36,1.83,238.08,5.0,14.94
3/24/2016,1221.400024,96.17299652,39.45999908,15.19099998,2035.939941,416.3940125,0.36,1.83,238.08,5.0,14.74
3/28/2016,1219.900024,95.94000244,39.38999939,15.19400024,2037.050049,424.2309875,0.36,1.83,238.08,5.0,15.24
3/29/2016,1235.599976,95.14600372,38.27999878,15.23700047,2055.01001,416.5159912,0.36,1.83,238.08,5.0,13.82
3/30/2016,1226.900024,94.81900024,38.31999969,15.20600033,2063.949951,414.8160095,0.36,1.83,238.08,5.0,13.56
3/31/2016,1234.199951,94.57800293,38.34000015,15.46000004,2059.73999,416.7290039,0.36,1.83,238.08,5.0,13.95
4/1/2016,1222.199951,94.61799622,36.79000092,15.04199982,2072.780029,417.9599915,0.37,1.79,238.992,5.1,13.1
4/4/2016,1218.0,94.52400208,35.70000076,14.94200039,2066.129883,421.4440002,0.37,1.79,238.992,5.1,14.12
4/5/2016,1228.400024,94.63700104,35.88999939,15.11400032,2045.170044,424.0299988,0.37,1.79,238.992,5.1,15.42
4/6/2016,1222.5,94.44100189,37.75,15.05200005,2066.659912,423.4129944,0.37,1.79,238.992,5.1,14.09
4/7/2016,1236.199951,94.5039978,37.25999832,15.15600014,2041.910034,422.7449951,0.37,1.79,238.992,5.1,16.16
4/8/2016,1242.5,94.2519989,39.72000122,15.38199997,2047.599976,420.348999,0.37,1.79,238.992,5.1,15.36
4/11/2016,1256.699951,93.94200134,40.36000061,15.97399998,2041.98999,422.4830017,0.37,1.79,238.992,5.1,16.26
4/12/2016,1259.400024,93.94499969,42.16999817,16.21999931,2061.719971,425.1900024,0.37,1.79,238.992,5.1,14.85
4/13/2016,1246.800049,94.76200104,41.75999832,16.32299995,2082.419922,423.7340088,0.37,1.79,238.992,5.1,13.84
4/14/2016,1225.0,94.90799713,41.5,16.16900063,2082.780029,424.2820129,0.37,1.79,238.992,5.1,13.72
4/15/2016,1233.099976,94.68599701,40.36000061,16.30900002,2080.72998,429.7130127,0.37,1.79,238.992,5.1,13.62
4/18/2016,1233.599976,94.45999908,39.77999878,16.24900055,2094.340088,428.5910034,0.37,1.79,238.992,5.1,13.35
4/19/2016,1253.0,93.9469986,41.08000183,16.96800041,2100.800049,435.5090027,0.37,1.79,238.992,5.1,13.24
4/20/2016,1253.199951,94.47100067,42.63000107,17.13100052,2102.399902,441.3890076,0.37,1.79,238.992,5.1,13.28
4/21/2016,1249.0,94.5739975,43.18000031,17.08600044,2091.47998,449.4249878,0.37,1.79,238.992,5.1,13.95
4/22/2016,1228.699951,95.08000183,43.72999954,16.89599991,2091.580078,445.7369995,0.37,1.79,238.992,5.1,13.22
4/25/2016,1238.900024,94.8010025,42.63999939,17.00499916,2087.790039,461.4259949,0.37,1.79,238.992,5.1,14.08
4/26/2016,1242.199951,94.54299927,44.04000092,17.1060009,2091.699951,466.0889893,0.37,1.79,238.992,5.1,13.96
4/27/2016,1249.199951,94.36699677,45.33000183,17.2859993,2095.149902,444.6870117,0.37,1.79,238.992,5.1,13.77
4/28/2016,1265.5,93.72699738,46.02999878,17.5529995,2075.810059,449.0109863,0.37,1.79,238.992,5.1,15.22
4/29/2016,1289.199951,93.05400085,45.91999817,17.78899956,2065.300049,455.0969849,0.37,1.79,238.992,5.1,15.7
5/2/2016,1294.699951,92.61799622,44.77999878,17.65600014,2081.429932,444.6690063,0.37,1.79,239.557,4.8,14.68
5/3/2016,1290.699951,92.93099976,43.65000153,17.47400093,2063.370117,450.3039856,0.37,1.79,239.557,4.8,15.6
5/4/2016,1273.300049,93.18699646,43.77999878,17.27700043,2051.120117,446.7219849,0.37,1.79,239.557,4.8,16.05
5/5/2016,1271.400024,93.77999878,44.31999969,17.30200005,2050.629883,447.9760132,0.37,1.79,239.557,4.8,15.91
5/6/2016,1292.900024,93.88300323,44.65999985,17.50699997,2057.139893,459.6029968,0.37,1.79,239.557,4.8,14.72
5/9/2016,1265.599976,94.11499786,43.43999863,17.06999969,2058.689941,460.4830017,0.37,1.79,239.557,4.8,14.57
5/10/2016,1263.900024,94.26699829,44.65999985,17.07500076,2084.389893,450.894989,0.37,1.79,239.557,4.8,13.63
5/11/2016,1274.599976,93.79000092,46.22999954,17.30200005,2064.459961,452.7279968,0.37,1.79,239.557,4.8,14.69
5/12/2016,1270.300049,94.12799835,46.70000076,17.08699989,2064.110107,454.7659912,0.37,1.79,239.557,4.8,14.41
5/13/2016,1271.900024,94.59300232,46.20999908,17.11499977,2046.609985,455.6700134,0.37,1.79,239.557,4.8,15.04
5/16/2016,1273.400024,94.55000305,47.72000122,17.1420002,2066.659912,454.1629944,0.37,1.79,239.557,4.8,14.68
5/17/2016,1276.199951,94.53099823,48.31000137,17.23500061,2047.209961,453.7829895,0.37,1.79,239.557,4.8,15.57
5/18/2016,1273.699951,95.06300354,48.18999863,17.12000084,2047.630005,454.618988,0.37,1.79,239.557,4.8,15.95
5/19/2016,1254.199951,95.29399872,48.15999985,16.47900009,2040.040039,438.7149963,0.37,1.79,239.557,4.8,16.33
5/20/2016,1252.400024,95.34300232,47.75,16.5189991,2052.320068,442.6759949,0.37,1.79,239.557,4.8,15.2
5/23/2016,1251.099976,95.21600342,48.08000183,16.40999985,2048.040039,444.1549988,0.37,1.79,239.557,4.8,15.82
5/24/2016,1228.900024,95.5759964,48.61999893,16.23800087,2076.060059,445.9809875,0.37,1.79,239.557,4.8,14.42
5/25/2016,1223.5,95.33999634,49.56000137,16.25499916,2090.540039,449.598999,0.37,1.79,239.557,4.8,13.9
5/26/2016,1220.099976,95.16200256,49.47999954,16.33799934,2090.100098,453.3840027,0.37,1.79,239.557,4.8,13.43
5/27/2016,1213.800049,95.5,49.33000183,16.24600029,2099.060059,473.4639893,0.37,1.79,239.557,4.8,13.12
5/31/2016,1214.800049,95.87799835,49.09999847,15.97200012,2096.949951,531.3859863,0.37,1.79,239.557,4.8,14.19
6/1/2016,1211.900024,95.45600128,49.00999832,15.90600014,2099.330078,536.9199829,0.38,1.85,240.222,4.9,14.2
6/2/2016,1209.800049,95.56600189,49.16999817,16.00499916,2105.26001,537.9719849,0.38,1.85,240.222,4.9,13.63
6/3/2016,1240.099976,94.02799988,48.61999893,16.34600067,2099.129883,569.1939697,0.38,1.85,240.222,4.9,13.47
6/6/2016,1244.599976,93.88999939,49.68999863,16.4279995,2109.409912,585.5369873,0.38,1.85,240.222,4.9,13.65
6/7/2016,1244.400024,93.83200073,50.36000061,16.37700081,2112.129883,576.5969849,0.38,1.85,240.222,4.9,14.05
6/8/2016,1259.800049,93.58000183,51.22999954,16.96800041,2119.120117,581.6450195,0.38,1.85,240.222,4.9,14.08
6/9/2016,1270.199951,93.95200348,50.56000137,17.25300026,2115.47998,574.6300049,0.38,1.85,240.222,4.9,14.64
6/10/2016,1273.400024,94.56099701,49.06999969,17.31500053,2096.070068,577.4699707,0.38,1.85,240.222,4.9,17.03
6/13/2016,1284.400024,94.39900208,48.88000107,17.4279995,2079.060059,704.3759766,0.38,1.85,240.222,4.9,20.97
6/14/2016,1285.599976,95.04000092,48.49000168,17.40999985,2075.320068,685.559021,0.38,1.85,240.222,4.9,20.5
6/15/2016,1285.800049,94.68000031,48.00999832,17.48900032,2071.5,694.4689941,0.38,1.85,240.222,4.9,20.14
6/16/2016,1296.099976,94.70600128,46.20999908,17.59399986,2077.98999,766.3079834,0.38,1.85,240.222,4.9,19.37
6/17/2016,1292.5,94.33999634,47.97999954,17.39999962,2071.219971,748.9089966,0.38,1.85,240.222,4.9,19.41
6/20/2016,1290.0,93.68399811,49.36999893,17.50300026,2083.25,737.2260132,0.38,1.85,240.222,4.9,18.37
6/21/2016,1270.5,94.06099701,48.84999847,17.31100082,2088.899902,666.6519775,0.38,1.85,240.222,4.9,18.48
6/22/2016,1268.0,93.75800323,49.13000107,17.30500031,2085.449951,596.1160278,0.38,1.85,240.222,4.9,21.17
6/23/2016,1261.199951,93.52700043,50.11000061,17.34799957,2113.320068,623.9769897,0.38,1.85,240.222,4.9,17.25
6/24/2016,1320.0,95.5739975,47.63999939,17.78499985,2037.410034,665.2990112,0.38,1.85,240.222,4.9,25.76
6/27/2016,1322.5,96.70300293,46.33000183,17.73999977,2000.540039,655.2750244,0.38,1.85,240.222,4.9,23.85
6/28/2016,1315.300049,96.33100128,47.84999847,17.8390007,2036.089966,647.0009766,0.38,1.85,240.222,4.9,18.75
6/29/2016,1323.900024,95.80699921,49.88000107,18.36199951,2070.77002,639.8900146,0.38,1.85,240.222,4.9,16.64
6/30/2016,1318.400024,96.20300293,48.33000183,18.58200073,2098.860107,673.3369751,0.38,1.85,240.222,4.9,15.63
7/1/2016,1336.699951,95.71399689,48.99000168,19.54400063,2102.949951,676.2960205,0.39,1.46,240.101,4.8,14.77
7/5/2016,1356.400024,96.25900269,46.59999847,19.86599922,2088.550049,670.6270142,0.39,1.46,240.101,4.8,15.58
7/6/2016,1364.900024,96.1309967,47.43000031,20.15999985,2099.72998,677.3309937,0.39,1.46,240.101,4.8,14.96
7/7/2016,1360.099976,96.38300323,45.13999939,19.79800034,2097.899902,640.5620117,0.39,1.46,240.101,4.8,14.76
7/8/2016,1356.599976,96.32700348,45.40999985,20.05800056,2129.899902,666.5230103,0.39,1.46,240.101,4.8,13.2
7/11/2016,1355.0,96.58999634,44.75999832,20.26399994,2137.159912,647.6589966,0.39,1.46,240.101,4.8,13.54
7/12/2016,1334.099976,96.48699951,46.79999924,20.12999916,2152.139893,664.5510254,0.39,1.46,240.101,4.8,13.55
7/13/2016,1342.400024,96.20800018,44.75,20.37000084,2152.429932,654.4680176,0.39,1.46,240.101,4.8,13.04
7/14/2016,1331.300049,96.09999847,45.68000031,20.28100014,2163.75,658.0780029,0.39,1.46,240.101,4.8,12.82
7/15/2016,1326.5,96.56300354,45.95000076,20.125,2161.73999,663.2550049,0.39,1.46,240.101,4.8,12.67
7/18/2016,1328.400024,96.58699799,45.24000168,20.04400063,2166.889893,673.1060181,0.39,1.46,240.101,4.8,12.44
7/19/2016,1331.5,97.10800171,44.65000153,19.97500038,2163.780029,672.8640137,0.39,1.46,240.101,4.8,11.97
7/20/2016,1318.800049,97.26300049,44.93999863,19.58200073,2173.02002,665.6849976,0.39,1.46,240.101,4.8,11.77
7/21/2016,1330.5,97.04599762,44.75,19.7840004,2165.169922,665.0120239,0.39,1.46,240.101,4.8,12.74
7/22/2016,1323.099976,97.51599884,44.18999863,19.65699959,2175.030029,650.6190186,0.39,1.46,240.101,4.8,12.02
7/25/2016,1319.300049,97.3259964,43.13000107,19.61499977,2168.47998,654.0969849,0.39,1.46,240.101,4.8,12.87
7/26/2016,1320.699951,97.16799927,42.91999817,19.65500069,2169.179932,651.7839966,0.39,1.46,240.101,4.8,13.05
7/27/2016,1326.599976,97.04199982,41.91999817,19.96500015,2166.580078,654.3519897,0.39,1.46,240.101,4.8,12.83
7/28/2016,1332.300049,96.72100067,41.13999939,20.15999985,2170.060059,655.0349731,0.39,1.46,240.101,4.8,12.72
7/29/2016,1349.0,95.49099731,41.59999847,20.31200027,2173.600098,656.9920044,0.39,1.46,240.101,4.8,11.87
8/1/2016,1351.400024,95.67700195,40.06000137,20.46500015,2170.840088,606.2719727,0.4,1.51,240.545,4.9,12.44
8/2/2016,1364.400024,94.98799896,39.50999832,20.66600037,2157.030029,547.4650269,0.4,1.51,240.545,4.9,13.37
8/3/2016,1356.099976,95.52500153,40.83000183,20.43600082,2163.790039,566.3549805,0.4,1.51,240.545,4.9,12.86
8/4/2016,1358.800049,95.71700287,41.93000031,20.40600014,2164.25,578.2890015,0.4,1.51,240.545,4.9,12.42
8/5/2016,1336.400024,96.13600159,41.79999924,19.78000069,2182.870117,575.0430298,0.4,1.51,240.545,4.9,11.39
8/8/2016,1333.400024,96.33999634,43.02000046,19.76799965,2180.889893,591.0540161,0.4,1.51,240.545,4.9,11.5
8/9/2016,1339.0,96.13200378,42.77000046,19.81399918,2181.73999,587.8010254,0.4,1.51,240.545,4.9,11.66
8/10/2016,1344.300049,95.60800171,41.70999908,20.13400078,2175.48999,592.1030273,0.4,1.51,240.545,4.9,12.05
8/11/2016,1342.5,95.83799744,43.49000168,19.98399925,2185.790039,589.1199951,0.4,1.51,240.545,4.9,11.68
8/12/2016,1335.800049,95.68199921,44.49000168,19.67200089,2184.050049,587.559021,0.4,1.51,240.545,4.9,11.55
8/15/2016,1340.300049,95.59400177,45.74000168,19.82099915,2190.149902,567.2399902,0.4,1.51,240.545,4.9,11.81
8/16/2016,1350.5,94.76399994,46.58000183,19.84799957,2178.149902,577.4390259,0.4,1.51,240.545,4.9,12.64
8/17/2016,1342.699951,94.69000244,46.79000092,19.62700081,2182.219971,573.2160034,0.4,1.51,240.545,4.9,12.19
8/18/2016,1351.199951,94.13700104,48.22000122,19.71999931,2187.02002,574.3179932,0.4,1.51,240.545,4.9,11.43
8/19/2016,1340.400024,94.48300171,48.52000046,19.3010006,2183.870117,575.6300049,0.4,1.51,240.545,4.9,11.34
8/22/2016,1337.699951,94.49900055,47.04999924,18.84300041,2182.639893,586.7529907,0.4,1.51,240.545,4.9,12.27
8/23/2016,1340.599976,94.4940033,48.09999847,18.90999985,2186.899902,583.414978,0.4,1.51,240.545,4.9,12.38
8/24/2016,1324.400024,94.74700165,46.77000046,18.54500008,2175.439941,580.1820068,0.4,1.51,240.545,4.9,13.45
8/25/2016,1320.099976,94.74299622,47.33000183,18.47800064,2172.469971,577.7609863,0.4,1.51,240.545,4.9,13.63
8/26/2016,1321.5,95.54199982,47.63999939,18.64500046,2169.040039,579.651001,0.4,1.51,240.545,4.9,13.65
8/29/2016,1322.900024,95.54299927,46.97999954,18.76199913,2180.379883,574.1069946,0.4,1.51,240.545,4.9,12.94
8/30/2016,1311.699951,96.04100037,46.34999847,18.57699966,2176.120117,577.5029907,0.4,1.51,240.545,4.9,13.12
8/31/2016,1306.900024,96.01200104,44.70000076,18.62199974,2170.949951,575.4719849,0.4,1.51,240.545,4.9,13.42
9/1/2016,1312.199951,95.66000366,43.15999985,18.85700035,2170.860107,572.3029785,0.4,1.57,241.176,5.0,13.48
9/2/2016,1322.099976,95.84400177,44.43999863,19.27599907,2179.97998,575.5369873,0.4,1.57,241.176,5.0,11.98
9/6/2016,1349.400024,94.82299805,44.83000183,20.04899979,2186.47998,610.4359741,0.4,1.57,241.176,5.0,12.02
9/7/2016,1344.300049,94.9509964,45.5,19.75900078,2186.159912,614.5440063,0.4,1.57,241.176,5.0,11.94
9/8/2016,1336.800049,95.0510025,47.61999893,19.5909996,2181.300049,626.315979,0.4,1.57,241.176,5.0,12.51
9/9/2016,1330.099976,95.32800293,45.88000107,19.28199959,2127.810059,622.8610229,0.4,1.57,241.176,5.0,17.5
9/12/2016,1321.0,95.08799744,46.29000092,18.91500092,2159.040039,608.242981,0.4,1.57,241.176,5.0,15.16
9/13/2016,1319.0,95.64499664,44.90000153,18.88999939,2127.02002,609.2410278,0.4,1.57,241.176,5.0,17.85
9/14/2016,1321.5,95.3219986,43.58000183,18.98200035,2125.77002,610.684021,0.4,1.57,241.176,5.0,18.14
9/15/2016,1313.5,95.28299713,43.90999985,18.95899963,2147.26001,607.1550293,0.4,1.57,241.176,5.0,16.3
9/16/2016,1305.800049,96.10500336,43.02999878,18.78100014,2139.159912,606.9730225,0.4,1.57,241.176,5.0,15.37
9/19/2016,1313.5,95.76999664,43.29999924,19.20599937,2139.120117,609.2269897,0.4,1.57,241.176,5.0,15.53
9/20/2016,1313.699951,95.97599792,43.43999863,19.19499969,2139.76001,608.3120117,0.4,1.57,241.176,5.0,15.92
9/21/2016,1326.900024,95.66500092,45.34000015,19.68600082,2163.120117,597.1489868,0.4,1.57,241.176,5.0,13.3
9/22/2016,1340.400024,95.3809967,46.31999969,20.02000046,2177.179932,596.2979736,0.4,1.57,241.176,5.0,12.02
9/23/2016,1337.199951,95.39199829,44.47999954,19.7329998,2164.689941,602.84198,0.4,1.57,241.176,5.0,12.29
9/26/2016,1339.699951,95.20999908,45.93000031,19.51600075,2146.100098,608.0430298,0.4,1.57,241.176,5.0,14.5
9/27/2016,1325.900024,95.31199646,44.66999817,19.08699989,2159.929932,606.1660156,0.4,1.57,241.176,5.0,13.1
9/28/2016,1319.400024,95.33599854,47.04999924,19.04400063,2171.370117,604.7280273,0.4,1.57,241.176,5.0,12.39
9/29/2016,1321.699951,95.47200012,47.83000183,19.11499977,2151.129883,605.6929932,0.4,1.57,241.176,5.0,14.02
9/30/2016,1313.300049,95.38500214,48.24000168,19.13899994,2168.27002,609.7349854,0.4,1.57,241.176,5.0,13.29
10/3/2016,1309.0,95.58699799,48.81000137,18.79500008,2161.199951,612.1329956,0.4,1.57,241.741,4.9,13.57
10/4/2016,1266.300049,96.125,48.68999863,17.71299934,2150.48999,610.2039795,0.4,1.57,241.741,4.9,13.63
10/5/2016,1265.199951,96.11399841,49.83000183,17.63400078,2159.72998,612.5109863,0.4,1.57,241.741,4.9,12.99
10/6/2016,1249.800049,96.77200317,50.43999863,17.28800011,2160.77002,613.0209961,0.4,1.57,241.741,4.9,12.84
10/7/2016,1248.900024,96.65399933,49.81000137,17.3239994,2153.73999,617.1209717,0.4,1.57,241.741,4.9,13.48
10/11/2016,1253.0,97.69200134,50.79000092,17.45599937,2136.72998,641.0720215,0.4,1.57,241.741,4.9,15.36
10/12/2016,1251.099976,97.96199799,50.18000031,17.45499992,2139.179932,636.1920166,0.4,1.57,241.741,4.9,15.91
10/13/2016,1255.0,97.51799774,50.43999863,17.40999985,2132.550049,636.7860107,0.4,1.57,241.741,4.9,16.69
10/14/2016,1253.099976,97.99700165,50.34999847,17.39299965,2132.97998,640.3779907,0.4,1.57,241.741,4.9,16.12
10/17/2016,1254.400024,97.87799835,49.93999863,17.4260006,2126.5,639.1929932,0.4,1.57,241.741,4.9,16.21
10/18/2016,1260.800049,97.89700317,50.29000092,17.5909996,2139.600098,637.960022,0.4,1.57,241.741,4.9,15.28
10/19/2016,1267.900024,97.94000244,51.59999847,17.61599922,2144.290039,630.5200195,0.4,1.57,241.741,4.9,14.41
10/20/2016,1265.599976,98.31400299,50.43000031,17.50200081,2141.340088,630.8569946,0.4,1.57,241.741,4.9,13.75
10/21/2016,1265.900024,98.68599701,50.84999847,17.44799995,2141.159912,632.8280029,0.4,1.57,241.741,4.9,13.34
10/24/2016,1262.0,98.7519989,50.52000046,17.56200027,2151.330078,653.7609863,0.4,1.57,241.741,4.9,13.02
10/25/2016,1271.900024,98.68199921,49.95999908,17.73600006,2143.159912,657.5880127,0.4,1.57,241.741,4.9,13.46
10/26/2016,1264.800049,98.61100006,49.18000031,17.58499908,2139.429932,678.3040161,0.4,1.57,241.741,4.9,14.24
10/27/2016,1267.900024,98.8789978,49.72000122,17.60400009,2133.040039,688.3129883,0.4,1.57,241.741,4.9,15.36
10/28/2016,1275.5,98.34200287,48.70000076,17.76199913,2126.409912,689.651001,0.4,1.57,241.741,4.9,16.19
10/31/2016,1271.5,98.42199707,46.86000061,17.76199913,2126.149902,700.9719849,0.4,1.57,241.741,4.9,17.06
11/1/2016,1286.400024,97.6969986,46.66999817,18.38500023,2111.719971,729.7930298,0.41,1.83,242.026,4.7,18.56
11/2/2016,1306.800049,97.41400146,45.34000015,18.65999985,2097.939941,740.8289795,0.41,1.83,242.026,4.7,19.32
11/3/2016,1302.099976,97.19599915,44.65999985,18.38299942,2088.659912,688.7000122,0.41,1.83,242.026,4.7,22.08
11/4/2016,1303.300049,97.08799744,44.06999969,18.34199905,2085.179932,703.2349854,0.41,1.83,242.026,4.7,22.51
11/7/2016,1278.300049,97.79299927,44.88999939,18.12400055,2131.52002,703.1309814,0.41,1.83,242.026,4.7,18.71
11/8/2016,1273.400024,97.86000061,44.97999954,18.32999992,2139.560059,709.8480225,0.41,1.83,242.026,4.7,18.74
11/9/2016,1272.599976,98.52899933,45.27000046,18.35700035,2163.26001,723.2730103,0.41,1.83,242.026,4.7,14.38
11/10/2016,1265.5,98.77400208,44.65999985,18.7159996,2167.47998,715.5339966,0.41,1.83,242.026,4.7,14.74
11/14/2016,1221.199951,100.1200027,43.31999969,16.87700081,2164.199951,705.0209961,0.41,1.83,242.026,4.7,14.48
11/15/2016,1224.0,100.25,45.81000137,17.02899933,2180.389893,711.6190186,0.41,1.83,242.026,4.7,13.37
11/16/2016,1223.400024,100.4380035,45.56999969,16.91399956,2176.939941,744.197998,0.41,1.83,242.026,4.7,13.72
11/17/2016,1216.5,100.9459991,45.41999817,16.76099968,2187.120117,740.9769897,0.41,1.83,242.026,4.7,13.35
11/18/2016,1208.5,101.2829971,45.68999863,16.61300087,2181.899902,751.585022,0.41,1.83,242.026,4.7,12.85
11/21/2016,1209.599976,101.112999,47.49000168,16.51199913,2198.179932,739.2479858,0.41,1.83,242.026,4.7,12.42
11/22/2016,1211.0,101.1060028,48.02999878,16.62299919,2202.939941,751.3469849,0.41,1.83,242.026,4.7,12.41
11/23/2016,1189.099976,101.7590027,47.95999908,16.38299942,2204.719971,744.5939941,0.41,1.83,242.026,4.7,12.43
11/25/2016,1178.199951,101.5459976,46.06000137,16.4640007,2213.350098,741.6489868,0.41,1.83,242.026,4.7,12.34
11/28/2016,1190.599976,101.3679962,47.08000183,16.57799911,2201.719971,735.8129883,0.41,1.83,242.026,4.7,13.15
11/29/2016,1187.900024,100.9489975,45.22999954,16.6609993,2204.659912,735.6040039,0.41,1.83,242.026,4.7,12.9
11/30/2016,1170.800049,101.5390015,49.43999863,16.40600014,2198.810059,745.690979,0.41,1.83,242.026,4.7,13.33
12/1/2016,1166.900024,101.098999,51.06000137,16.42700005,2191.080078,756.7739868,0.54,2.45,242.637,4.7,14.07
12/2/2016,1175.099976,100.8610001,51.68000031,16.75300026,2191.949951,777.9439697,0.54,2.45,242.637,4.7,14.12
12/5/2016,1174.0,100.1119995,51.79000092,16.8239994,2204.709961,758.7000122,0.54,2.45,242.637,4.7,12.14
12/6/2016,1167.599976,100.5299988,50.93000031,16.73999977,2212.22998,764.223999,0.54,2.45,242.637,4.7,11.79
12/7/2016,1175.0,100.2679977,49.77000046,17.20299911,2241.350098,768.132019,0.54,2.45,242.637,4.7,12.22
12/8/2016,1169.800049,101.125,50.84000015,17.02499962,2246.189941,770.8099976,0.54,2.45,242.637,4.7,12.64
12/9/2016,1159.400024,101.6200027,51.5,16.89699936,2259.530029,772.7940063,0.54,2.45,242.637,4.7,11.75
12/12/2016,1163.5,101.0490036,52.83000183,17.11599922,2256.959961,780.0869751,0.54,2.45,242.637,4.7,12.64
12/13/2016,1156.699951,101.1070023,52.97999954,16.9109993,2271.719971,780.5560303,0.54,2.45,242.637,4.7,12.72
12/14/2016,1161.300049,101.7699966,51.04000092,17.15200043,2253.280029,781.4810181,0.54,2.45,242.637,4.7,13.19
12/15/2016,1127.800049,103.0530014,50.90000153,15.89700031,2262.030029,778.0880127,0.54,2.45,242.637,4.7,12.79
12/16/2016,1135.300049,102.9540024,51.90000153,16.15299988,2258.070068,784.9069824,0.54,2.45,242.637,4.7,12.2
12/19/2016,1140.5,102.9000015,52.11999893,16.02599907,2262.530029,792.7139893,0.54,2.45,242.637,4.7,11.71
12/20/2016,1131.5,103.288002,52.22999954,16.05400085,2270.76001,800.8759766,0.54,2.45,242.637,4.7,11.45
12/21/2016,1131.099976,103.0289993,52.49000168,15.91800022,2265.179932,834.2810059,0.54,2.45,242.637,4.7,11.27
12/22/2016,1128.800049,103.0960007,52.95000076,15.81499958,2260.959961,864.539978,0.54,2.45,242.637,4.7,11.43
12/23/2016,1131.900024,103.0019989,53.02000046,15.70400047,2263.790039,921.9840088,0.54,2.45,242.637,4.7,11.44
12/27/2016,1137.300049,103.0070038,53.90000153,15.9289999,2268.879883,933.197998,0.54,2.45,242.637,4.7,11.99
12/28/2016,1139.400024,103.2440033,54.06000137,15.98799992,2249.919922,975.9210205,0.54,2.45,242.637,4.7,12.95
12/29/2016,1156.400024,102.7109985,53.77000046,16.16300011,2249.26001,973.4970093,0.54,2.45,242.637,4.7,13.37
12/30/2016,1150.0,102.2860031,53.72000122,15.93599987,2238.830078,961.2379761,0.54,2.45,242.637,4.7,14.04
1/3/2017,1160.400024,103.2009964,52.33000183,16.3560009,2257.830078,1043.839966,0.65,2.45,243.618,4.7,12.85
1/4/2017,1163.800049,102.7089996,53.25999832,16.49900055,2270.75,1154.72998,0.65,2.45,243.618,4.7,11.85
1/5/2017,1179.699951,101.5279999,53.75999832,16.58399963,2269.0,1013.380005,0.65,2.45,243.618,4.7,11.67
1/6/2017,1171.900024,102.2089996,53.99000168,16.4659996,2276.97998,902.2009888,0.65,2.45,243.618,4.7,11.32
1/9/2017,1183.5,101.9089966,51.95999908,16.62999916,2268.899902,902.8280029,0.65,2.45,243.618,4.7,11.56
1/10/2017,1184.199951,101.9960022,50.81999969,16.8029995,2268.899902,907.6790161,0.65,2.45,243.618,4.7,11.49
1/11/2017,1195.599976,101.7470016,52.25,16.78300095,2275.320068,777.757019,0.65,2.45,243.618,4.7,11.26
1/12/2017,1198.900024,101.3769989,53.00999832,16.78000069,2270.439941,804.8339844,0.65,2.45,243.618,4.7,11.54
1/13/2017,1195.300049,101.1880035,52.36999893,16.71999931,2274.639893,823.9840088,0.65,2.45,243.618,4.7,11.23
1/17/2017,1212.0,100.3199997,52.47999954,17.10199928,2267.889893,907.9379883,0.65,2.45,243.618,4.7,11.87
1/18/2017,1211.300049,100.9179993,51.08000183,17.23500061,2271.889893,886.617981,0.65,2.45,243.618,4.7,12.48
1/19/2017,1200.900024,101.1439972,51.36999893,16.96699905,2263.689941,899.072998,0.65,2.45,243.618,4.7,12.78
1/20/2017,1204.300049,100.6900024,52.41999817,16.99699974,2271.310059,895.026001,0.65,2.45,243.618,4.7,11.54
1/23/2017,1215.0,100.1299973,52.75,17.14999962,2265.199951,921.0120239,0.65,2.45,243.618,4.7,11.77
1/24/2017,1210.300049,100.3389969,53.18000031,17.14900017,2280.070068,892.6870117,0.65,2.45,243.618,4.7,11.07
1/25/2017,1197.300049,100.0189972,52.75,16.94400024,2298.370117,901.5419922,0.65,2.45,243.618,4.7,10.81
1/26/2017,1189.5,100.375,53.77999878,16.81399918,2296.679932,917.5859985,0.65,2.45,243.618,4.7,10.63
1/27/2017,1188.099976,100.526001,53.16999817,17.10000038,2294.689941,919.75,0.65,2.45,243.618,4.7,10.58
1/30/2017,1193.199951,100.4140015,52.63000107,17.12199974,2280.899902,920.382019,0.65,2.45,243.618,4.7,11.88
1/31/2017,1208.599976,99.48100281,52.81000137,17.51199913,2278.870117,970.4030151,0.65,2.45,243.618,4.7,11.99
2/1/2017,1205.599976,99.60800171,53.88000107,17.42000008,2279.550049,989.0230103,0.66,2.48,244.006,4.6,11.81
2/2/2017,1216.699951,99.78800201,53.54000092,17.40200043,2280.850098,1011.799988,0.66,2.48,244.006,4.6,11.93
2/3/2017,1218.5,99.84200287,53.83000183,17.45299911,2297.419922,1029.910034,0.66,2.48,244.006,4.6,10.97
2/6/2017,1230.0,99.86499786,53.00999832,17.66699982,2292.560059,1038.150024,0.66,2.48,244.006,4.6,11.37
2/7/2017,1234.199951,100.2450027,52.16999817,17.7329998,2293.080078,1061.349976,0.66,2.48,244.006,4.6,11.29
2/8/2017,1237.599976,100.2639999,52.34000015,17.68300056,2294.669922,1063.069946,0.66,2.48,244.006,4.6,11.45
2/9/2017,1235.099976,100.6470032,53.0,17.71999931,2307.870117,994.3829956,0.66,2.48,244.006,4.6,10.88
2/10/2017,1234.400024,100.7910004,53.86000061,17.91200066,2316.100098,988.6740112,0.66,2.48,244.006,4.6,10.85
2/13/2017,1224.400024,100.9499969,52.93000031,17.80400085,2328.25,990.6420288,0.66,2.48,244.006,4.6,11.07
2/14/2017,1223.900024,101.2330017,53.20000076,17.87199974,2337.580078,1004.549988,0.66,2.48,244.006,4.6,10.74
2/15/2017,1231.699951,101.1640015,53.11000061,17.9470005,2349.25,1007.47998,0.66,2.48,244.006,4.6,11.97
2/16/2017,1240.0,100.4300003,53.36000061,18.06299973,2347.219971,1027.439941,0.66,2.48,244.006,4.6,11.76
2/17/2017,1237.599976,100.9509964,53.40000153,18.0189991,2351.159912,1046.209961,0.66,2.48,244.006,4.6,11.49
2/21/2017,1237.5,101.3550034,54.06000137,17.98999977,2365.379883,1115.300049,0.66,2.48,244.006,4.6,11.57
2/22/2017,1232.0,101.1940002,53.59000015,17.94199944,2362.820068,1117.439941,0.66,2.48,244.006,4.6,11.74
2/23/2017,1250.199951,101.0530014,54.45000076,18.11300087,2363.810059,1166.719971,0.66,2.48,244.006,4.6,11.71
2/24/2017,1256.900024,101.0899963,53.99000168,18.33499908,2367.340088,1173.680054,0.66,2.48,244.006,4.6,11.47
2/27/2017,1257.400024,101.1289978,54.04999924,18.35400009,2369.75,1179.969971,0.66,2.48,244.006,4.6,12.09
2/28/2017,1252.599976,101.1289978,54.00999832,18.42000008,2363.639893,1179.969971,0.66,2.48,244.006,4.6,12.92
3/1/2017,1248.900024,101.7799988,53.83000183,18.44300079,2395.959961,1222.5,0.79,2.46,243.892,4.4,12.54
3/2/2017,1231.900024,102.2040024,52.61000061,17.70499992,2381.919922,1251.01001,0.79,2.46,243.892,4.4,11.81
3/3/2017,1225.5,101.5479965,53.33000183,17.6970005,2383.120117,1274.98999,0.79,2.46,243.892,4.4,10.96
3/6/2017,1224.5,101.6449966,53.20000076,17.72500038,2375.310059,1272.829956,0.79,2.46,243.892,4.4,11.24
3/7/2017,1215.099976,101.8050003,53.13999939,17.49200058,2368.389893,1223.540039,0.79,2.46,243.892,4.4,11.45
3/8/2017,1208.5,102.0759964,50.27999878,17.25699997,2362.97998,1150.0,0.79,2.46,243.892,4.4,11.86
3/9/2017,1202.400024,101.8529968,49.27999878,16.99300003,2364.870117,1188.48999,0.79,2.46,243.892,4.4,12.3
3/10/2017,1200.699951,101.2470016,48.49000168,16.88299942,2372.600098,1116.719971,0.79,2.46,243.892,4.4,11.66
3/13/2017,1202.400024,101.3099976,48.40000153,16.93499947,2373.469971,1231.920044,0.79,2.46,243.892,4.4,11.35
3/14/2017,1201.900024,101.5739975,47.72000122,16.88800049,2365.449951,1240.0,0.79,2.46,243.892,4.4,12.3
3/15/2017,1200.099976,100.5749969,48.86000061,16.88800049,2385.26001,1249.609985,0.79,2.46,243.892,4.4,11.63
3/16/2017,1226.5,100.1849976,48.75,17.29599953,2381.379883,1187.810059,0.79,2.46,243.892,4.4,11.21
3/17/2017,1229.800049,100.1149979,48.77999878,17.37899971,2378.25,1100.22998,0.79,2.46,243.892,4.4,11.28
3/20/2017,1233.599976,100.2340012,48.22000122,17.40299988,2373.469971,1054.22998,0.79,2.46,243.892,4.4,11.34
3/21/2017,1246.099976,99.61399841,47.34000015,17.54999924,2344.02002,1120.540039,0.79,2.46,243.892,4.4,12.47
3/22/2017,1249.300049,99.46800232,48.04000092,17.54500008,2348.449951,1049.140015,0.79,2.46,243.892,4.4,12.81
3/23/2017,1246.900024,99.56300354,47.70000076,17.56299973,2345.959961,1038.589966,0.79,2.46,243.892,4.4,13.12
3/24/2017,1248.199951,99.44200134,47.97000122,17.71999931,2343.97998,937.5200195,0.79,2.46,243.892,4.4,12.96
3/27/2017,1255.400024,98.97299957,47.72999954,18.07999992,2341.590088,1045.77002,0.79,2.46,243.892,4.4,12.5
3/28/2017,1255.300049,99.5490036,48.36999893,18.22500038,2358.570068,1047.150024,0.79,2.46,243.892,4.4,11.53
3/29/2017,1253.400024,99.83599854,49.50999832,18.22800064,2361.129883,1039.969971,0.79,2.46,243.892,4.4,11.42
3/30/2017,1245.0,100.2850037,50.34999847,18.18499947,2368.060059,1026.430054,0.79,2.46,243.892,4.4,11.54
3/31/2017,1247.300049,100.2180023,50.59999847,18.23500061,2362.719971,1071.790039,0.79,2.46,243.892,4.4,12.37
4/3/2017,1250.800049,100.4120026,50.24000168,18.19099998,2358.840088,1143.810059,0.9,2.46,244.193,4.4,12.38
4/4/2017,1255.0,100.4260025,51.02999878,18.30200005,2360.159912,1133.25,0.9,2.46,244.193,4.4,11.79
4/5/2017,1245.400024,100.4410019,51.15000153,18.16600037,2352.949951,1124.780029,0.9,2.46,244.193,4.4,12.89
4/6/2017,1250.300049,100.5699997,51.70000076,18.22500038,2357.48999,1182.680054,0.9,2.46,244.193,4.4,12.39
4/7/2017,1254.300049,101.1169968,52.24000168,18.12999916,2355.540039,1176.900024,0.9,2.46,244.193,4.4,12.87
4/10/2017,1251.099976,100.9520035,53.08000183,17.8939991,2357.159912,1187.130005,0.9,2.46,244.193,4.4,14.05
4/11/2017,1271.199951,100.6220016,53.40000153,18.2329998,2353.780029,1205.01001,0.9,2.46,244.193,4.4,15.07
4/12/2017,1275.300049,100.7109985,53.11000061,18.27899933,2344.929932,1200.369995,0.9,2.46,244.193,4.4,15.77
4/13/2017,1285.900024,100.4629974,53.18000031,18.48900032,2328.949951,1169.280029,0.9,2.46,244.193,4.4,15.96
4/17/2017,1289.400024,100.1940002,52.65000153,18.49300003,2349.01001,1193.910034,0.9,2.46,244.193,4.4,14.66
4/18/2017,1291.699951,99.40399933,52.40999985,18.25099945,2342.189941,1211.670044,0.9,2.46,244.193,4.4,14.42
4/19/2017,1281.400024,99.63800049,50.43999863,18.13599968,2338.169922,1210.290039,0.9,2.46,244.193,4.4,14.93
4/20/2017,1281.900024,99.68499756,50.27000046,17.99200058,2355.840088,1229.079956,0.9,2.46,244.193,4.4,14.15
4/21/2017,1287.400024,99.87999725,49.61999893,17.82999992,2348.689941,1222.050049,0.9,2.46,244.193,4.4,14.63
4/24/2017,1275.800049,98.97299957,49.22999954,17.84799957,2374.149902,1250.150024,0.9,2.46,244.193,4.4,10.84
4/25/2017,1265.599976,98.64800262,49.56000137,17.58099937,2388.610107,1265.48999,0.9,2.46,244.193,4.4,10.76
4/26/2017,1262.099976,98.91999817,49.61999893,17.35300064,2387.449951,1281.079956,0.9,2.46,244.193,4.4,10.85
4/27/2017,1263.699951,98.95500183,48.97000122,17.26499939,2388.77002,1317.72998,0.9,2.46,244.193,4.4,10.36
4/28/2017,1266.099976,98.89800262,49.33000183,17.19099998,2384.199951,1316.47998,0.9,2.46,244.193,4.4,10.82
5/1/2017,1253.300049,98.93000031,48.84000015,16.78000069,2388.330078,1421.599976,0.91,2.33,244.004,4.4,10.11
5/2/2017,1255.099976,98.82900238,47.65999985,16.7689991,2391.169922,1452.819946,0.91,2.33,244.004,4.4,10.59
5/3/2017,1246.400024,99.08200073,47.81999969,16.48699951,2388.129883,1490.089966,0.91,2.33,244.004,4.4,10.68
5/4/2017,1226.5,98.64700317,45.52000046,16.24399948,2389.52002,1537.670044,0.91,2.33,244.004,4.4,10.46
5/5/2017,1224.800049,98.52799988,46.22000122,16.21500015,2399.290039,1555.449951,0.91,2.33,244.004,4.4,10.57
5/8/2017,1225.300049,98.93599701,46.43000031,16.1989994,2399.379883,1723.349976,0.91,2.33,244.004,4.4,9.77
5/9/2017,1214.300049,99.54399872,45.88000107,16.00799942,2396.919922,1755.359985,0.91,2.33,244.004,4.4,9.96
5/10/2017,1217.300049,99.55899811,47.33000183,16.15099907,2399.629883,1787.130005,0.91,2.33,244.004,4.4,10.21
5/11/2017,1222.699951,99.50499725,47.83000183,16.20899963,2394.439941,1848.569946,0.91,2.33,244.004,4.4,10.6
5/12/2017,1226.199951,99.1309967,47.84000015,16.34600067,2390.899902,1724.23999,0.91,2.33,244.004,4.4,10.4
5/15/2017,1228.599976,98.8010025,48.84999847,16.56100082,2402.320068,1738.430054,0.91,2.33,244.004,4.4,10.42
5/16/2017,1235.0,97.9980011,48.65999985,16.69300079,2400.669922,1734.449951,0.91,2.33,244.004,4.4,10.65
5/17/2017,1257.5,97.46199799,49.06999969,16.85199928,2357.030029,1839.089966,0.91,2.33,244.004,4.4,15.59
5/18/2017,1251.699951,97.77200317,49.34999847,16.62100029,2365.719971,1888.650024,0.91,2.33,244.004,4.4,14.66
5/19/2017,1252.699951,97.02999878,50.33000183,16.75,2381.72998,1987.709961,0.91,2.33,244.004,4.4,12.04
5/22/2017,1260.699951,96.8809967,50.72999954,17.14299965,2394.02002,2173.399902,0.91,2.33,244.004,4.4,10.93
5/23/2017,1254.800049,97.26399994,51.47000122,17.0909996,2398.419922,2320.419922,0.91,2.33,244.004,4.4,10.72
5/24/2017,1252.400024,97.14700317,51.36000061,17.07699966,2404.389893,2443.639893,0.91,2.33,244.004,4.4,10.02
5/25/2017,1255.800049,97.1760025,48.90000153,17.15200043,2415.070068,2304.97998,0.91,2.33,244.004,4.4,9.99
5/26/2017,1267.599976,97.36399841,49.79999924,17.28300095,2415.820068,2202.419922,0.91,2.33,244.004,4.4,9.81
5/30/2017,1262.099976,97.21199799,49.65999985,17.38800049,2412.909912,2175.469971,0.91,2.33,244.004,4.4,10.38
5/31/2017,1272.0,96.85399628,48.31999969,17.36800003,2411.800049,2286.409912,0.91,2.33,244.004,4.4,10.41
6/1/2017,1267.0,97.14099884,48.36000061,17.24300003,2430.060059,2407.879883,1.04,2.21,244.163,4.3,9.89
6/2/2017,1276.800049,96.66999817,47.65999985,17.48699951,2439.070068,2488.550049,1.04,2.21,244.163,4.3,9.75
6/5/2017,1279.300049,96.7539978,47.40000153,17.54700089,2436.100098,2686.810059,1.04,2.21,244.163,4.3,10.07
6/6/2017,1294.400024,96.59100342,48.18999863,17.67700005,2429.330078,2863.199951,1.04,2.21,244.163,4.3,10.45
6/7/2017,1290.099976,96.70800018,45.72000122,17.58699989,2433.139893,2732.159912,1.04,2.21,244.163,4.3,10.39
6/8/2017,1276.300049,96.89800262,45.63999939,17.38400078,2433.790039,2805.620117,1.04,2.21,244.163,4.3,10.16
6/9/2017,1268.5,97.23899841,45.83000183,17.19300079,2431.77002,2823.810059,1.04,2.21,244.163,4.3,10.7
6/12/2017,1266.099976,97.1210022,46.08000183,16.91399956,2429.389893,2659.629883,1.04,2.21,244.163,4.3,11.46
6/13/2017,1265.800049,96.94200134,46.45999908,16.73800087,2440.350098,2717.02002,1.04,2.21,244.163,4.3,10.42
6/14/2017,1272.800049,96.92099762,44.72999954,17.10700035,2437.919922,2506.370117,1.04,2.21,244.163,4.3,10.64
6/15/2017,1252.199951,97.43699646,44.45999908,16.69099998,2432.459961,2464.580078,1.04,2.21,244.163,4.3,10.9
6/16/2017,1254.0,97.14600372,44.74000168,16.63599968,2433.149902,2518.560059,1.04,2.21,244.163,4.3,10.38
6/19/2017,1244.199951,97.32499695,44.20000076,16.4829998,2453.459961,2589.600098,1.04,2.21,244.163,4.3,10.37
6/20/2017,1241.0,97.41200256,43.22999954,16.39800072,2437.030029,2721.790039,1.04,2.21,244.163,4.3,10.86
6/21/2017,1243.400024,97.21600342,42.52999878,16.35499954,2435.610107,2689.100098,1.04,2.21,244.163,4.3,10.75
6/22/2017,1247.599976,97.3030014,42.74000168,16.48999977,2434.5,2705.409912,1.04,2.21,244.163,4.3,10.48
6/23/2017,1256.199951,96.94200134,43.00999832,16.62800026,2438.300049,2744.909912,1.04,2.21,244.163,4.3,10.02
6/26/2017,1246.300049,97.11599731,43.38000107,16.55999947,2439.070068,2478.449951,1.04,2.21,244.163,4.3,9.9
6/27/2017,1246.400024,96.09300232,44.24000168,16.57600021,2419.379883,2552.449951,1.04,2.21,244.163,4.3,11.06
6/28/2017,1248.0,95.7440033,44.74000168,16.71500015,2440.689941,2574.790039,1.04,2.21,244.163,4.3,10.03
6/29/2017,1244.199951,95.36599731,44.93000031,16.58600044,2419.699951,2539.320068,1.04,2.21,244.163,4.3,11.44
6/30/2017,1240.699951,95.42099762,46.04000092,16.56800079,2423.409912,2480.840088,1.04,2.21,244.163,4.3,11.18
7/3/2017,1217.900024,95.96900177,47.06999969,16.03700066,2429.01001,2564.060059,1.15,2.21,244.243,4.3,11.22
7/5/2017,1220.400024,96.05899811,45.13000107,15.84200001,2432.540039,2601.98999,1.15,2.21,244.243,4.3,11.07
7/6/2017,1222.199951,95.57499695,45.52000046,15.92700005,2409.75,2608.560059,1.15,2.21,244.243,4.3,12.54
7/7/2017,1208.599976,95.79199982,44.22999954,15.37100029,2425.179932,2518.659912,1.15,2.21,244.243,4.3,11.19
7/10/2017,1212.099976,95.77700043,44.40000153,15.57699966,2427.429932,2372.560059,1.15,2.21,244.243,4.3,11.11
7/11/2017,1213.599976,95.42199707,45.04000092,15.69699955,2425.530029,2337.790039,1.15,2.21,244.243,4.3,10.89
7/12/2017,1218.099976,95.51200104,45.49000168,15.83899975,2443.25,2398.840088,1.15,2.21,244.243,4.3,10.3
7/13/2017,1216.300049,95.50800323,46.08000183,15.6420002,2447.830078,2357.899902,1.15,2.21,244.243,4.3,9.9
7/14/2017,1226.599976,94.93000031,46.54000092,15.88399982,2459.27002,2233.340088,1.15,2.21,244.243,4.3,9.51
7/17/2017,1232.800049,94.90399933,46.02000046,16.04999924,2459.139893,2228.409912,1.15,2.21,244.243,4.3,9.82
7/18/2017,1241.099976,94.40200043,46.40000153,16.22200012,2460.610107,2318.879883,1.15,2.21,244.243,4.3,9.89
7/19/2017,1241.199951,94.58799744,47.11999893,16.25099945,2473.830078,2273.429932,1.15,2.21,244.243,4.3,9.79
7/20/2017,1244.800049,94.11699677,46.79000092,16.29899979,2473.449951,2817.600098,1.15,2.21,244.243,4.3,9.58
7/21/2017,1254.300049,93.67900085,45.77000046,16.40999985,2472.540039,2667.76001,1.15,2.21,244.243,4.3,9.36
7/24/2017,1253.900024,93.79799652,46.34000015,16.39800072,2469.909912,2754.860107,1.15,2.21,244.243,4.3,9.43
7/25/2017,1251.699951,93.88800049,47.88999939,16.49699974,2477.129883,2576.47998,1.15,2.21,244.243,4.3,9.43
7/26/2017,1249.0,93.50499725,48.75,16.41500092,2477.830078,2529.449951,1.15,2.21,244.243,4.3,9.6
7/27/2017,1259.599976,93.71499634,49.04000092,16.52899933,2475.419922,2671.780029,1.15,2.21,244.243,4.3,10.11
7/28/2017,1268.400024,93.11399841,49.70999908,16.66399956,2472.100098,2809.01001,1.15,2.21,244.243,4.3,10.29
7/31/2017,1266.599976,92.71800232,50.16999817,16.75,2470.300049,2875.340088,1.15,2.21,244.243,4.3,10.26
8/1/2017,1272.599976,92.90100098,49.15999985,16.72800064,2476.350098,2718.26001,1.16,2.26,245.183,4.4,10.09
8/2/2017,1271.800049,92.6989975,49.59000015,16.6970005,2477.570068,2710.669922,1.16,2.26,245.183,4.4,10.28
8/3/2017,1267.800049,92.70700073,49.02999878,16.59399986,2472.159912,2804.72998,1.16,2.26,245.183,4.4,10.44
8/4/2017,1258.300049,93.41600037,49.58000183,16.22200012,2476.830078,2895.889893,1.16,2.26,245.183,4.4,10.03
8/7/2017,1258.199951,93.30899811,49.38999939,16.22100067,2480.909912,3378.939941,1.16,2.26,245.183,4.4,9.93
8/8/2017,1256.400024,93.51499939,49.16999817,16.36000061,2474.919922,3419.939941,1.16,2.26,245.183,4.4,10.96
8/9/2017,1273.0,93.43000031,49.56000137,16.83399963,2474.02002,3342.469971,1.16,2.26,245.183,4.4,11.11
8/10/2017,1283.699951,93.30400085,48.59000015,17.0359993,2438.209961,3381.280029,1.16,2.26,245.183,4.4,16.04
8/11/2017,1287.699951,92.95600128,48.81999969,17.04100037,2441.320068,3650.620117,1.16,2.26,245.183,4.4,15.51
8/14/2017,1284.199951,93.30500031,47.59000015,17.09300041,2465.840088,4325.129883,1.16,2.26,245.183,4.4,12.33
8/15/2017,1273.699951,93.7559967,47.54999924,16.69000053,2464.610107,4181.930176,1.16,2.26,245.183,4.4,12.04
8/16/2017,1276.900024,93.43800354,46.77999878,16.91699982,2468.110107,4376.629883,1.16,2.26,245.183,4.4,11.74
8/17/2017,1286.400024,93.53399658,47.09000015,17.03000069,2430.01001,4331.689941,1.16,2.26,245.183,4.4,15.55
8/18/2017,1285.699951,93.35900116,48.50999832,16.97999954,2425.550049,4160.620117,1.16,2.26,245.183,4.4,14.26
8/21/2017,1290.800049,93.01200104,47.36999893,16.99500084,2428.370117,4001.73999,1.16,2.26,245.183,4.4,13.19
8/22/2017,1285.099976,93.46099854,47.63999939,16.96199989,2452.51001,4100.52002,1.16,2.26,245.183,4.4,11.35
8/23/2017,1288.900024,93.06999969,48.40999985,17.03199959,2444.040039,4151.52002,1.16,2.26,245.183,4.4,12.25
8/24/2017,1286.5,93.20200348,47.43000031,16.95199966,2438.969971,4334.680176,1.16,2.26,245.183,4.4,12.23
8/25/2017,1292.5,92.67700195,47.86999893,17.03800011,2443.050049,4371.600098,1.16,2.26,245.183,4.4,11.28
8/28/2017,1309.699951,92.13999939,46.56999969,17.43099976,2444.23999,4382.660156,1.16,2.26,245.183,4.4,11.32
8/29/2017,1313.099976,92.18399811,46.43999863,17.42200089,2446.300049,4579.02002,1.16,2.26,245.183,4.4,11.7
8/30/2017,1308.099976,92.82299805,45.95999908,17.40399933,2457.590088,4565.299805,1.16,2.26,245.183,4.4,11.22
8/31/2017,1316.199951,92.62799835,47.22999954,17.47999954,2471.649902,4703.390137,1.16,2.26,245.183,4.4,10.59
9/1/2017,1324.5,92.76899719,47.29000092,17.71899986,2476.550049,4892.009766,1.15,2.16,246.435,4.3,10.13
9/5/2017,1339.199951,92.22599792,48.65999985,17.84499931,2457.850098,4376.529785,1.15,2.16,246.435,4.3,12.23
9/6/2017,1333.900024,92.2519989,49.15999985,17.81599998,2465.540039,4597.120117,1.15,2.16,246.435,4.3,11.63
9/7/2017,1345.099976,91.64199829,49.09000015,18.01600075,2465.100098,4599.879883,1.15,2.16,246.435,4.3,11.55
9/8/2017,1346.0,91.3259964,47.47999954,18.02700043,2461.429932,4228.75,1.15,2.16,246.435,4.3,12.12
9/11/2017,1331.0,91.85299683,48.06999969,17.80699921,2488.110107,4161.27002,1.15,2.16,246.435,4.3,10.73
9/12/2017,1328.0,91.85600281,48.22999954,17.79500008,2496.47998,4130.810059,1.15,2.16,246.435,4.3,10.58
9/13/2017,1323.400024,92.50800323,49.29999924,17.77199936,2498.370117,3882.590088,1.15,2.16,246.435,4.3,10.5
9/14/2017,1324.699951,92.11199951,49.88999939,17.69799995,2495.620117,3154.949951,1.15,2.16,246.435,4.3,10.44
9/15/2017,1320.400024,91.86299896,49.88999939,17.61100006,2500.22998,3637.52002,1.15,2.16,246.435,4.3,10.17
9/18/2017,1306.300049,91.85299683,49.90999985,17.07099915,2503.870117,4065.199951,1.15,2.16,246.435,4.3,10.15
9/19/2017,1306.199951,91.56099701,49.47999954,17.19499969,2506.649902,3924.969971,1.15,2.16,246.435,4.3,10.18
9/20/2017,1312.0,92.29599762,50.40999985,17.25099945,2508.23999,3905.949951,1.15,2.16,246.435,4.3,9.78
9/21/2017,1290.599976,92.0490036,50.54999924,16.93700027,2500.600098,3631.040039,1.15,2.16,246.435,4.3,9.67
9/22/2017,1293.300049,91.96700287,50.65999985,16.90299988,2502.219971,3630.699951,1.15,2.16,246.435,4.3,9.59
9/25/2017,1306.800049,92.44100189,52.22000122,17.05900002,2496.659912,3926.070068,1.15,2.16,246.435,4.3,10.21
9/26/2017,1297.0,92.78099823,51.88000107,16.80400085,2496.840088,3892.350098,1.15,2.16,246.435,4.3,10.17
9/27/2017,1283.400024,93.17099762,52.13999939,16.74799919,2507.040039,4200.669922,1.15,2.16,246.435,4.3,9.87
9/28/2017,1285.5,92.93199921,51.56000137,16.77300072,2510.060059,4174.72998,1.15,2.16,246.435,4.3,9.55
9/29/2017,1281.5,92.88300323,51.66999817,16.60700035,2519.360107,4163.069824,1.15,2.16,246.435,4.3,9.51
10/2/2017,1272.699951,93.40499878,50.58000183,16.58499908,2529.120117,4409.319824,1.15,2.16,246.626,4.2,9.45
10/3/2017,1271.5,93.41400146,50.41999817,16.58099937,2534.580078,4317.47998,1.15,2.16,246.626,4.2,9.51
10/4/2017,1273.699951,93.28399658,49.97999954,16.56299973,2537.73999,4229.359863,1.15,2.16,246.626,4.2,9.63
10/5/2017,1269.900024,93.8030014,50.79000092,16.58200073,2552.070068,4328.410156,1.15,2.16,246.626,4.2,9.19
10/6/2017,1271.599976,93.64099884,49.29000092,16.73399925,2549.330078,4370.810059,1.15,2.16,246.626,4.2,9.65
10/9/2017,1281.800049,93.50499725,49.58000183,16.91600037,2544.72998,4772.02002,1.15,2.16,246.626,4.2,10.33
10/10/2017,1290.599976,93.10099792,50.91999817,17.15500069,2550.639893,4781.990234,1.15,2.16,246.626,4.2,10.08
10/11/2017,1285.800049,92.82499695,51.29999924,17.08099937,2555.23999,4826.47998,1.15,2.16,246.626,4.2,9.85
10/12/2017,1293.300049,92.89800262,50.59999847,17.21100044,2550.929932,5446.910156,1.15,2.16,246.626,4.2,9.91
10/13/2017,1301.5,92.93499756,51.45000076,17.35499954,2553.169922,5647.209961,1.15,2.16,246.626,4.2,9.61
10/16/2017,1299.900024,93.16100311,51.86999893,17.31500053,2557.639893,5725.589844,1.15,2.16,246.626,4.2,9.91
10/17/2017,1283.0,93.34999847,51.88000107,16.98699951,2559.360107,5605.509766,1.15,2.16,246.626,4.2,10.31
10/18/2017,1279.900024,93.22799683,52.04000092,16.94300079,2561.26001,5590.689941,1.15,2.16,246.626,4.2,10.07
10/19/2017,1286.900024,93.12000275,51.29000092,17.20100021,2562.100098,5708.52002,1.15,2.16,246.626,4.2,10.05
10/20/2017,1277.400024,93.57900238,51.47000122,17.02199936,2575.209961,6011.450195,1.15,2.16,246.626,4.2,9.97
10/23/2017,1277.699951,93.81400299,51.90000153,17.02400017,2564.97998,5930.319824,1.15,2.16,246.626,4.2,11.07
10/24/2017,1275.0,93.66100311,52.47000122,16.90699959,2569.129883,5526.640137,1.15,2.16,246.626,4.2,11.16
10/25/2017,1275.400024,93.57700348,52.18000031,16.86800003,2557.149902,5750.799805,1.15,2.16,246.626,4.2,11.23
10/26/2017,1266.300049,94.50900269,52.63999939,16.76399994,2560.399902,5904.830078,1.15,2.16,246.626,4.2,11.3
10/27/2017,1268.5,94.8219986,53.90000153,16.70199966,2581.070068,5780.899902,1.15,2.16,246.626,4.2,9.8
10/30/2017,1274.099976,94.45400238,54.15000153,16.80200005,2572.830078,6130.529785,1.15,2.16,246.626,4.2,10.5
10/31/2017,1267.0,94.42900085,54.38000107,16.64500046,2575.26001,6468.399902,1.15,2.16,246.626,4.2,10.18
11/1/2017,1274.099976,94.70899963,54.29999924,17.13199997,2579.360107,6767.310059,1.16,2.37,247.284,4.2,10.2
11/2/2017,1274.900024,94.58799744,54.54000092,17.09399986,2579.850098,7078.5,1.16,2.37,247.284,4.2,9.93
11/3/2017,1266.5,94.85800171,55.63999939,16.79400063,2587.840088,7207.759766,1.16,2.37,247.284,4.2,9.14
11/6/2017,1279.400024,94.65699768,57.34999847,17.19499969,2591.129883,7022.759766,1.16,2.37,247.284,4.2,9.4
11/7/2017,1273.699951,94.80000305,57.20000076,16.90500069,2590.639893,7144.379883,1.16,2.37,247.284,4.2,9.89
11/8/2017,1281.599976,94.76799774,56.81000137,17.1060009,2594.379883,7459.689941,1.16,2.37,247.284,4.2,9.78
11/9/2017,1285.599976,94.35199738,57.16999817,16.94300079,2584.620117,7143.580078,1.16,2.37,247.284,4.2,10.5
11/10/2017,1272.400024,94.27799988,56.74000168,16.84399986,2582.300049,6618.140137,1.16,2.37,247.284,4.2,11.29
11/13/2017,1277.300049,94.38800049,56.75999832,17.02300072,2584.840088,6559.490234,1.16,2.37,247.284,4.2,11.5
11/14/2017,1281.5,93.72299957,55.70000076,17.05200005,2578.870117,6635.75,1.16,2.37,247.284,4.2,11.59
11/15/2017,1276.5,93.72599792,55.33000183,16.95000076,2564.620117,7315.540039,1.16,2.37,247.284,4.2,13.13
11/16/2017,1277.400024,93.85399628,55.13999939,17.05599976,2585.639893,7871.689941,1.16,2.37,247.284,4.2,11.76
11/17/2017,1295.800049,93.57499695,56.54999924,17.3579998,2578.850098,7708.990234,1.16,2.37,247.284,4.2,11.43
11/20/2017,1274.599976,93.99700165,56.09000015,16.82699966,2582.139893,8200.639648,1.16,2.37,247.284,4.2,10.65
11/21/2017,1281.099976,93.8769989,56.83000183,16.9489994,2599.030029,8071.259766,1.16,2.37,247.284,4.2,9.73
11/22/2017,1291.599976,93.13500214,58.02000046,17.10099983,2597.080078,8253.549805,1.16,2.37,247.284,4.2,9.88
11/24/2017,1286.699951,92.70700073,58.95000076,16.9810009,2602.419922,8253.69043,1.16,2.37,247.284,4.2,9.67
11/27/2017,1293.800049,92.82499695,58.11000061,17.00900078,2601.419922,9818.349609,1.16,2.37,247.284,4.2,9.87
11/28/2017,1294.699951,93.21299744,57.99000168,16.81100082,2627.040039,10058.7998,1.16,2.37,247.284,4.2,10.03
11/29/2017,1282.099976,93.10700226,57.29999924,16.45700073,2626.070068,9888.610352,1.16,2.37,247.284,4.2,10.7
11/30/2017,1273.199951,93.0019989,57.40000153,16.38199997,2647.580078,10233.59961,1.16,2.37,247.284,4.2,11.28
12/1/2017,1278.800049,92.84100342,58.36000061,16.29700089,2642.219971,10975.59961,1.3,2.37,247.805,4.1,11.43
12/4/2017,1274.300049,93.14399719,57.47000122,16.2840004,2639.439941,11657.2002,1.3,2.37,247.805,4.1,11.68
12/5/2017,1261.599976,93.33399963,57.61999893,15.97299957,2629.570068,11916.7002,1.3,2.37,247.805,4.1,11.33
12/6/2017,1262.800049,93.58200073,55.95999908,15.86800003,2629.27002,14291.5,1.3,2.37,247.805,4.1,11.02
12/7/2017,1249.800049,93.76899719,56.68999863,15.71500015,2636.97998,17899.69922,1.3,2.37,247.805,4.1,10.16
12/8/2017,1245.199951,93.87400055,57.36000061,15.73600006,2651.5,16569.40039,1.3,2.37,247.805,4.1,9.58
12/11/2017,1243.699951,93.84300232,57.99000168,15.69699955,2659.98999,16936.80078,1.3,2.37,247.805,4.1,9.34
12/12/2017,1238.5,94.08000183,57.13999939,15.58199978,2664.110107,17415.40039,1.3,2.37,247.805,4.1,9.92
12/13/2017,1245.400024,93.41899872,56.59999847,15.7840004,2662.850098,16408.19922,1.3,2.37,247.805,4.1,10.18
12/14/2017,1253.800049,93.47899628,57.04000092,15.85000038,2652.01001,16564.0,1.3,2.37,247.805,4.1,10.49
12/15/2017,1254.300049,93.92900085,57.29999924,15.97799969,2675.810059,17706.90039,1.3,2.37,247.805,4.1,9.42
12/18/2017,1262.199951,93.51999664,57.15999985,16.12000084,2690.159912,19114.19922,1.3,2.37,247.805,4.1,9.53
12/19/2017,1260.699951,93.02700043,57.45999908,16.06599998,2681.469971,17776.69922,1.3,2.37,247.805,4.1,10.03
12/20/2017,1266.099976,92.89099884,58.09000015,16.18799973,2679.25,16624.59961,1.3,2.37,247.805,4.1,9.72
12/21/2017,1267.300049,92.86199951,58.36000061,16.15200043,2684.570068,15802.90039,1.3,2.37,247.805,4.1,9.62
12/22/2017,1275.400024,92.9240036,58.47000122,16.35700035,2683.340088,13831.7998,1.3,2.37,247.805,4.1,9.9
12/26/2017,1284.099976,92.8010025,59.97000122,16.52000046,2680.5,16099.7998,1.3,2.37,247.805,4.1,10.25
12/27/2017,1287.0,92.61199951,59.63999939,16.61899948,2682.620117,15838.5,1.3,2.37,247.805,4.1,10.47
12/28/2017,1294.099976,92.30000305,59.84000015,16.83200073,2687.540039,14606.5,1.3,2.37,247.805,4.1,10.18
12/29/2017,1306.300049,91.8259964,60.41999817,17.05999947,2673.610107,14656.2002,1.3,2.37,247.805,4.1,11.04
1/2/2018,1313.699951,91.57299805,60.36999893,17.12100029,2695.810059,14982.09961,1.41,2.37,248.859,4.0,9.77
1/3/2018,1316.199951,91.89600372,61.63000107,17.18499947,2713.060059,15201.0,1.41,2.37,248.859,4.0,9.15
1/4/2018,1319.400024,91.58100128,62.00999832,17.18899918,2723.98999,15599.2002,1.41,2.37,248.859,4.0,9.22
1/5/2018,1320.300049,91.67299652,61.43999863,17.20499992,2743.149902,17429.5,1.41,2.37,248.859,4.0,9.22
1/8/2018,1318.599976,92.09999847,61.72999954,17.06399918,2747.709961,15170.09961,1.41,2.37,248.859,4.0,9.52
1/9/2018,1311.699951,92.26000214,62.95999908,16.93600082,2751.290039,14595.40039,1.41,2.37,248.859,4.0,10.08
1/10/2018,1317.400024,92.06999969,63.56999969,16.96299934,2748.22998,14973.2998,1.41,2.37,248.859,4.0,9.82
1/11/2018,1320.599976,91.60800171,63.79999924,16.8939991,2767.560059,13405.7998,1.41,2.37,248.859,4.0,9.88
1/12/2018,1333.400024,90.73500061,64.30000305,17.06900024,2786.23999,13980.59961,1.41,2.37,248.859,4.0,10.16
1/16/2018,1335.400024,90.14600372,63.72999954,17.12199974,2776.419922,11490.5,1.41,2.37,248.859,4.0,11.66
1/17/2018,1338.0,90.31300354,63.97000122,17.10499954,2802.560059,11188.59961,1.41,2.37,248.859,4.0,11.91
1/18/2018,1326.0,90.29699707,63.95000076,16.89299965,2798.030029,11474.90039,1.41,2.37,248.859,4.0,12.22
1/19/2018,1331.900024,90.37000275,63.36999893,16.97500038,2810.300049,11607.40039,1.41,2.37,248.859,4.0,11.27
1/22/2018,1330.900024,90.19100189,63.49000168,16.93099976,2832.969971,10931.40039,1.41,2.37,248.859,4.0,11.03
1/23/2018,1335.699951,89.91500092,64.47000122,16.85499954,2839.129883,10868.40039,1.41,2.37,248.859,4.0,11.1
1/24/2018,1355.900024,89.01100159,65.61000061,17.42499924,2837.540039,11359.40039,1.41,2.37,248.859,4.0,11.47
1/25/2018,1362.400024,89.22699738,65.51000214,17.5510006,2839.25,11259.40039,1.41,2.37,248.859,4.0,11.58
1/26/2018,1351.599976,88.89099884,66.13999939,17.38199997,2872.870117,11171.40039,1.41,2.37,248.859,4.0,11.08
1/30/2018,1335.400024,88.99900055,64.5,17.01300049,2822.429932,10106.2998,1.41,2.37,248.859,4.0,14.79
1/31/2018,1339.0,88.95400238,64.73000336,17.20400047,2823.810059,10221.09961,1.41,2.37,248.859,4.0,13.54
2/1/2018,1344.300049,88.50499725,65.80000305,17.11800003,2821.97998,9170.540039,1.42,2.78,249.529,4.1,13.47
2/2/2018,1333.699951,89.03600311,65.44999695,16.6760006,2762.129883,8830.75,1.42,2.78,249.529,4.1,17.31
2/5/2018,1333.0,89.40499878,64.15000153,16.63899994,2648.939941,6955.27002,1.42,2.78,249.529,4.1,37.32
2/6/2018,1326.099976,89.4509964,63.38999939,16.54800034,2695.139893,7754.0,1.42,2.78,249.529,4.1,29.98
2/7/2018,1311.599976,90.11799622,61.79000092,16.20599937,2681.659912,7621.299805,1.42,2.78,249.529,4.1,27.73
2/8/2018,1316.900024,90.11599731,61.15000153,16.31399918,2581.0,8265.589844,1.42,2.78,249.529,4.1,33.46
2/9/2018,1313.099976,90.33399963,59.20000076,16.11599922,2619.550049,8736.980469,1.42,2.78,249.529,4.1,29.06
2/12/2018,1324.199951,90.09600067,59.29000092,16.54800034,2656.0,8926.570313,1.42,2.78,249.529,4.1,25.61
2/13/2018,1328.099976,89.59200287,59.18999863,16.50699997,2662.939941,8598.30957,1.42,2.78,249.529,4.1,24.97
2/14/2018,1355.5,89.00499725,60.59999847,16.8579998,2698.629883,9494.629883,1.42,2.78,249.529,4.1,19.26
2/15/2018,1352.099976,88.50499725,61.34000015,16.77700043,2731.199951,10166.40039,1.42,2.78,249.529,4.1,19.13
2/16/2018,1353.199951,89.01300049,61.68000031,16.69499969,2732.219971,10233.90039,1.42,2.78,249.529,4.1,19.46
2/20/2018,1328.800049,89.63600159,61.90000153,16.42499924,2716.26001,11403.7002,1.42,2.78,249.529,4.1,20.6
2/21/2018,1330.0,89.91300201,61.68000031,16.60400009,2701.330078,10690.40039,1.42,2.78,249.529,4.1,20.02
2/22/2018,1330.599976,89.65599823,62.77000046,16.57900047,2703.959961,10005.0,1.42,2.78,249.529,4.1,18.72
2/23/2018,1328.199951,89.80799866,63.54999924,16.47599983,2747.300049,10301.09961,1.42,2.78,249.529,4.1,16.49
2/26/2018,1330.699951,89.79000092,63.90999985,16.54199982,2779.600098,10366.7002,1.42,2.78,249.529,4.1,15.8
2/27/2018,1315.5,90.27999878,63.00999832,16.34600067,2744.280029,10725.59961,1.42,2.78,249.529,4.1,18.59
2/28/2018,1315.5,90.5510025,61.63999939,16.3239994,2713.830078,10397.90039,1.42,2.78,249.529,4.1,19.85
3/1/2018,1302.900024,90.28099823,60.99000168,16.20000076,2677.669922,10951.0,1.51,2.81,249.577,4.0,22.47
3/2/2018,1321.099976,89.90599823,61.25,16.3920002,2691.25,11086.40039,1.51,2.81,249.577,4.0,19.59
3/5/2018,1318.099976,90.04100037,62.56999969,16.33799934,2720.939941,11573.2998,1.51,2.81,249.577,4.0,18.73
3/6/2018,1333.599976,89.58999634,62.59999847,16.71500015,2728.120117,10779.90039,1.51,2.81,249.577,4.0,18.36
3/7/2018,1326.0,89.60700226,61.15000153,16.4279995,2726.800049,9965.570313,1.51,2.81,249.577,4.0,17.76
3/8/2018,1319.900024,90.15599823,60.11999893,16.43600082,2738.969971,9395.009766,1.51,2.81,249.577,4.0,16.54
3/9/2018,1322.400024,90.06500244,62.04000092,16.54599953,2786.570068,9337.549805,1.51,2.81,249.577,4.0,14.64
3/12/2018,1319.400024,89.86699677,61.36000061,16.47100067,2783.02002,9205.120117,1.51,2.81,249.577,4.0,15.78
3/13/2018,1325.900024,89.64299774,60.70999908,16.55900002,2765.310059,9194.849609,1.51,2.81,249.577,4.0,16.35
3/14/2018,1324.400024,89.68699646,60.95999908,16.46699905,2749.47998,8269.80957,1.51,2.81,249.577,4.0,17.23
3/15/2018,1316.800049,90.12599945,61.18999863,16.35300064,2747.330078,8300.860352,1.51,2.81,249.577,4.0,16.59
3/16/2018,1311.300049,90.21199799,62.34000015,16.20199966,2752.01001,8338.349609,1.51,2.81,249.577,4.0,15.8
3/19/2018,1316.800049,89.98300171,62.06000137,16.25499916,2712.919922,8630.650391,1.51,2.81,249.577,4.0,19.02
3/20/2018,1311.099976,89.95400238,63.40000153,16.125,2716.939941,8913.469727,1.51,2.81,249.577,4.0,18.2
3/21/2018,1320.699951,89.3690033,65.16999817,16.35700035,2711.929932,8929.280273,1.51,2.81,249.577,4.0,17.86
3/22/2018,1326.599976,89.47299957,64.30000305,16.32799911,2643.689941,8728.469727,1.51,2.81,249.577,4.0,23.34
3/23/2018,1349.300049,89.03299713,65.87999725,16.53000069,2588.26001,8879.620117,1.51,2.81,249.577,4.0,24.87
3/26/2018,1354.400024,88.60399628,65.55000305,16.63199997,2658.550049,8209.400391,1.51,2.81,249.577,4.0,21.03
3/27/2018,1341.300049,88.98300171,65.25,16.48900032,2612.620117,7833.040039,1.51,2.81,249.577,4.0,22.5
3/28/2018,1324.199951,89.71900177,64.37999725,16.20499992,2605.0,7954.47998,1.51,2.81,249.577,4.0,22.87
3/29/2018,1322.800049,89.81199646,64.94000244,16.22299957,2640.870117,7165.700195,1.51,2.81,249.577,4.0,19.97
4/2/2018,1342.099976,89.70600128,63.00999832,16.62700081,2581.879883,7083.799805,1.69,2.81,250.227,4.0,23.62
4/3/2018,1332.800049,89.85900116,63.50999832,16.34700012,2614.449951,7456.109863,1.69,2.81,250.227,4.0,21.1
4/4/2018,1335.800049,89.78299713,63.36999893,16.20899963,2644.689941,6853.839844,1.69,2.81,250.227,4.0,20.06
4/5/2018,1324.300049,90.15399933,63.54000092,16.31999969,2662.840088,6811.470215,1.69,2.81,250.227,4.0,18.94
4/6/2018,1331.900024,89.78199768,62.06000137,16.33200073,2604.469971,6636.319824,1.69,2.81,250.227,4.0,21.49
4/9/2018,1336.300049,89.53399658,63.41999817,16.49900055,2613.159912,6770.72998,1.69,2.81,250.227,4.0,21.77
4/10/2018,1342.0,89.27999878,65.51000214,16.56599998,2656.870117,6834.759766,1.69,2.81,250.227,4.0,20.47
4/11/2018,1356.5,89.25299835,66.81999969,16.73800087,2642.189941,6968.319824,1.69,2.81,250.227,4.0,20.24
4/12/2018,1338.400024,89.45600128,67.06999969,16.44300079,2663.98999,7889.25,1.69,2.81,250.227,4.0,18.49
4/13/2018,1344.800049,89.50299835,67.38999939,16.62800026,2656.300049,7895.959961,1.69,2.81,250.227,4.0,17.41
4/16/2018,1347.5,89.13500214,66.22000122,16.66200066,2677.840088,8058.669922,1.69,2.81,250.227,4.0,16.56
4/17/2018,1347.199951,89.22799683,66.51999664,16.77199936,2706.389893,7902.089844,1.69,2.81,250.227,4.0,15.25
4/18/2018,1351.199951,89.34700012,68.47000122,17.2310009,2708.639893,8163.419922,1.69,2.81,250.227,4.0,15.6
4/19/2018,1346.800049,89.69499969,68.29000092,17.22200012,2693.129883,8294.30957,1.69,2.81,250.227,4.0,15.96
4/20/2018,1336.699951,90.07499695,68.37999725,17.14699936,2670.139893,8845.830078,1.69,2.81,250.227,4.0,16.88
4/23/2018,1322.5,90.70500183,68.63999939,16.57099915,2670.290039,8930.879883,1.69,2.81,250.227,4.0,16.34
4/24/2018,1331.400024,90.53700256,67.69999695,16.68700027,2634.560059,9697.5,1.69,2.81,250.227,4.0,18.02
4/25/2018,1321.199951,90.95300293,68.05000305,16.48600006,2639.399902,8845.740234,1.69,2.81,250.227,4.0,17.84
4/26/2018,1316.300049,91.36499786,68.19000244,16.48800087,2666.939941,9281.509766,1.69,2.81,250.227,4.0,16.24
4/27/2018,1320.300049,91.34300232,68.09999847,16.40600014,2669.909912,8987.049805,1.69,2.81,250.227,4.0,15.41
4/30/2018,1316.199951,91.62999725,68.56999969,16.31200027,2648.050049,9240.549805,1.69,2.81,250.227,4.0,15.93
5/1/2018,1303.800049,92.25499725,67.25,16.03899956,2654.800049,9119.009766,1.7,2.97,250.792,3.8,15.49
5/2/2018,1302.599976,92.33899689,67.93000031,16.29100037,2635.669922,9235.919922,1.7,2.97,250.792,3.8,15.97
5/3/2018,1310.699951,92.25099945,68.43000031,16.36199951,2629.72998,9743.860352,1.7,2.97,250.792,3.8,15.9
5/4/2018,1312.699951,92.40799713,69.72000122,16.43400002,2663.419922,9700.759766,1.7,2.97,250.792,3.8,14.77
5/7/2018,1312.199951,92.59200287,70.73000336,16.41300011,2672.629883,9373.009766,1.7,2.97,250.792,3.8,14.75
5/8/2018,1312.0,92.95800018,69.05999756,16.38800049,2671.919922,9234.820313,1.7,2.97,250.792,3.8,14.71
5/9/2018,1311.300049,92.88400269,71.13999939,16.45800018,2697.790039,9325.179688,1.7,2.97,250.792,3.8,13.42
5/10/2018,1320.800049,92.51599884,71.36000061,16.68000031,2723.070068,9043.94043,1.7,2.97,250.792,3.8,13.23
5/11/2018,1319.0,92.41100311,70.69999695,16.6760006,2727.719971,8441.490234,1.7,2.97,250.792,3.8,12.65
5/14/2018,1316.5,92.46199799,70.95999908,16.56999969,2730.129883,8716.790039,1.7,2.97,250.792,3.8,12.93
5/15/2018,1288.900024,93.09300232,71.30999756,16.19400024,2711.449951,8510.379883,1.7,2.97,250.792,3.8,14.63
5/16/2018,1290.199951,93.28099823,71.48999786,16.29700089,2722.459961,8368.830078,1.7,2.97,250.792,3.8,13.42
5/17/2018,1288.199951,93.375,71.48999786,16.41300011,2720.129883,8094.319824,1.7,2.97,250.792,3.8,13.43
5/18/2018,1290.199951,93.54399872,71.27999878,16.38699913,2712.969971,8250.969727,1.7,2.97,250.792,3.8,13.42
5/21/2018,1290.199951,93.58100128,72.23999786,16.45199966,2733.01001,8418.990234,1.7,2.97,250.792,3.8,13.08
5/22/2018,1291.699951,93.52600098,72.12999725,16.50799942,2724.439941,8041.779785,1.7,2.97,250.792,3.8,13.22
5/23/2018,1289.300049,93.91799927,71.83999634,16.33799934,2733.290039,7557.819824,1.7,2.97,250.792,3.8,12.58
5/24/2018,1303.699951,93.7009964,70.70999908,16.62100029,2727.76001,7587.339844,1.7,2.97,250.792,3.8,12.53
5/25/2018,1303.300049,94.12999725,67.87999725,16.4810009,2721.330078,7480.140137,1.7,2.97,250.792,3.8,13.22
5/29/2018,1298.699951,94.78900146,66.73000336,16.30500031,2689.860107,7472.589844,1.7,2.97,250.792,3.8,17.02
5/30/2018,1301.5,94.11499786,68.20999908,16.47900009,2724.01001,7406.52002,1.7,2.97,250.792,3.8,14.94
5/31/2018,1300.099976,93.95899963,67.04000092,16.40200043,2705.27002,7494.169922,1.7,2.97,250.792,3.8,15.43
6/1/2018,1294.800049,94.16899872,65.80999756,16.38800049,2734.620117,7541.450195,1.82,2.89,251.018,4.0,13.46
6/4/2018,1293.099976,93.98600006,64.75,16.37899971,2746.870117,7514.470215,1.82,2.89,251.018,4.0,12.74
6/5/2018,1297.5,93.8710022,65.51999664,16.49099922,2748.800049,7633.759766,1.82,2.89,251.018,4.0,12.4
6/6/2018,1297.099976,93.63400269,64.73000336,16.6420002,2772.350098,7653.97998,1.82,2.89,251.018,4.0,11.64
6/7/2018,1298.699951,93.37599945,65.94999695,16.76600075,2770.370117,7678.240234,1.82,2.89,251.018,4.0,12.13
6/8/2018,1298.099976,93.53700256,65.73999786,16.69400024,2779.030029,7624.919922,1.82,2.89,251.018,4.0,12.18
6/11/2018,1298.900024,93.55999756,66.09999847,16.90500069,2782.0,6906.919922,1.82,2.89,251.018,4.0,12.35
6/12/2018,1295.099976,93.8010025,66.36000061,16.84900093,2786.850098,6582.359863,1.82,2.89,251.018,4.0,12.34
6/13/2018,1296.900024,93.6989975,66.63999939,16.95299911,2775.629883,6349.899902,1.82,2.89,251.018,4.0,12.94
6/14/2018,1304.0,94.77600098,66.88999939,17.22599983,2782.48999,6675.350098,1.82,2.89,251.018,4.0,12.12
6/15/2018,1274.599976,94.78199768,65.05999756,16.45199966,2779.659912,6456.580078,1.82,2.89,251.018,4.0,11.98
6/18/2018,1276.199951,94.85800171,65.84999847,16.41200066,2773.75,6734.819824,1.82,2.89,251.018,4.0,12.31
6/19/2018,1275.599976,94.72899628,65.06999969,16.3029995,2762.590088,6769.939941,1.82,2.89,251.018,4.0,13.35
6/20/2018,1271.199951,94.71600342,66.22000122,16.28899956,2767.320068,6776.549805,1.82,2.89,251.018,4.0,12.79
6/21/2018,1267.199951,94.40399933,65.54000092,16.30599976,2749.76001,6729.740234,1.82,2.89,251.018,4.0,14.64
6/22/2018,1267.400024,94.18000031,68.58000183,16.43899918,2754.879883,6083.689941,1.82,2.89,251.018,4.0,13.77
6/25/2018,1265.599976,93.93900299,68.08000183,16.30800056,2717.070068,6249.180176,1.82,2.89,251.018,4.0,17.33
6/26/2018,1256.599976,94.34600067,70.52999878,16.23800087,2723.060059,6093.669922,1.82,2.89,251.018,4.0,15.92
6/27/2018,1252.800049,94.96900177,72.76000214,16.13899994,2699.629883,6157.129883,1.82,2.89,251.018,4.0,17.91
6/28/2018,1247.800049,95.09600067,73.44999695,15.95100021,2716.310059,5903.439941,1.82,2.89,251.018,4.0,16.85
6/29/2018,1251.300049,94.34899902,74.15000153,16.10400009,2718.370117,6218.299805,1.82,2.89,251.018,4.0,16.09
7/2/2018,1239.800049,94.77899933,73.94000244,15.74400043,2726.709961,6614.180176,1.91,2.89,251.214,3.8,15.6
7/3/2018,1251.599976,94.41200256,74.13999939,15.95199966,2713.219971,6529.589844,1.91,2.89,251.214,3.8,16.14
7/5/2018,1257.300049,94.22299957,72.94000244,16.00799942,2736.610107,6639.140137,1.91,2.89,251.214,3.8,14.97
7/6/2018,1254.300049,93.76899719,73.80000305,15.98099995,2759.820068,6673.5,1.91,2.89,251.214,3.8,13.37
7/9/2018,1258.099976,93.80699921,73.84999847,16.0529995,2784.169922,6741.75,1.91,2.89,251.214,3.8,12.69
7/10/2018,1253.800049,93.88899994,74.11000061,16.00300026,2793.840088,6329.950195,1.91,2.89,251.214,3.8,12.64
7/11/2018,1242.800049,94.48600006,70.37999725,15.73200035,2774.02002,6394.709961,1.91,2.89,251.214,3.8,13.63
7/12/2018,1245.0,94.56400299,70.33000183,15.89799976,2798.290039,6228.810059,1.91,2.89,251.214,3.8,12.58
7/13/2018,1239.599976,94.5,71.01000214,15.73900032,2801.310059,6238.049805,1.91,2.89,251.214,3.8,12.18
7/16/2018,1238.099976,94.27200317,68.05999756,15.73499966,2798.429932,6741.75,1.91,2.89,251.214,3.8,12.83
7/17/2018,1225.699951,94.70400238,68.08000183,15.54599953,2809.550049,7321.040039,1.91,2.89,251.214,3.8,12.06
7/18/2018,1226.300049,94.81099701,68.76000214,15.50300026,2815.620117,7370.779785,1.91,2.89,251.214,3.8,12.1
7/19/2018,1222.400024,94.94200134,69.45999908,15.34000015,2804.48999,7466.859863,1.91,2.89,251.214,3.8,12.87
7/20/2018,1229.5,94.22599792,70.45999908,15.48999977,2801.830078,7354.129883,1.91,2.89,251.214,3.8,12.86
7/23/2018,1224.0,94.44000244,67.88999939,15.36800003,2806.97998,7711.109863,1.91,2.89,251.214,3.8,12.62
7/24/2018,1223.900024,94.38800049,68.51999664,15.4630003,2820.399902,8424.269531,1.91,2.89,251.214,3.8,12.41
7/25/2018,1231.400024,94.1289978,69.30000305,15.53299999,2846.070068,8181.390137,1.91,2.89,251.214,3.8,12.29
7/26/2018,1225.300049,94.54399872,69.61000061,15.43799973,2837.439941,7951.580078,1.91,2.89,251.214,3.8,12.14
7/27/2018,1222.599976,94.45999908,68.69000244,15.43599987,2818.820068,8165.009766,1.91,2.89,251.214,3.8,13.03
7/30/2018,1221.300049,94.11100006,70.12999725,15.47500038,2802.600098,8180.47998,1.91,2.89,251.214,3.8,14.26
7/31/2018,1223.699951,94.27500153,68.76000214,15.5,2816.290039,7780.439941,1.91,2.89,251.214,3.8,12.83
8/1/2018,1217.900024,94.4280014,67.66000366,15.39400005,2813.360107,7624.910156,1.91,3.0,251.663,3.8,13.15
8/2/2018,1210.599976,94.98699951,68.95999908,15.32900047,2827.219971,7567.149902,1.91,3.0,251.663,3.8,12.19
8/3/2018,1214.199951,94.96099854,68.48999786,15.40600014,2840.350098,7434.390137,1.91,3.0,251.663,3.8,11.64
8/6/2018,1208.599976,95.18699646,69.01000214,15.29199982,2850.399902,6951.799805,1.91,3.0,251.663,3.8,11.27
8/7/2018,1209.599976,95.04599762,69.16999817,15.31700039,2858.449951,6753.120117,1.91,3.0,251.663,3.8,10.93
8/8/2018,1212.599976,94.88999939,66.94000244,15.3760004,2857.699951,6305.799805,1.91,3.0,251.663,3.8,10.85
8/9/2018,1211.900024,95.35500336,66.80999756,15.41899967,2853.580078,6568.22998,1.91,3.0,251.663,3.8,11.27
8/10/2018,1211.099976,96.21800232,67.62999725,15.26599979,2833.280029,6184.709961,1.91,3.0,251.663,3.8,13.16
8/13/2018,1191.300049,96.25099945,67.19999695,14.95300007,2821.929932,6297.569824,1.91,3.0,251.663,3.8,14.78
8/14/2018,1193.0,96.60500336,67.04000092,15.02499962,2839.959961,6199.709961,1.91,3.0,251.663,3.8,13.31
8/15/2018,1177.5,96.57700348,65.01000214,14.42099953,2818.370117,6308.52002,1.91,3.0,251.663,3.8,14.64
8/16/2018,1176.199951,96.53600311,65.45999908,14.69699955,2840.689941,6334.72998,1.91,3.0,251.663,3.8,13.45
8/17/2018,1176.5,95.98100281,65.91000366,14.61600018,2850.129883,6580.629883,1.91,3.0,251.663,3.8,12.64
8/20/2018,1186.800049,95.78900146,66.43000031,14.65499973,2857.050049,6308.529785,1.91,3.0,251.663,3.8,12.49
8/21/2018,1192.599976,95.15000153,67.34999847,14.7510004,2862.959961,6488.759766,1.91,3.0,251.663,3.8,12.86
8/22/2018,1196.300049,95.0510025,67.86000061,14.73499966,2861.820068,6376.709961,1.91,3.0,251.663,3.8,12.25
8/23/2018,1187.0,95.58300018,67.83000183,14.52700043,2856.97998,6534.879883,1.91,3.0,251.663,3.8,12.41
8/24/2018,1206.300049,95.06300354,68.72000122,14.77900028,2874.689941,6719.959961,1.91,3.0,251.663,3.8,11.99
8/27/2018,1209.0,94.68399811,68.87000275,14.84399986,2896.73999,6884.640137,1.91,3.0,251.663,3.8,12.16
8/28/2018,1207.400024,94.63500214,68.52999878,14.7670002,2897.52002,7096.279785,1.91,3.0,251.663,3.8,12.5
8/29/2018,1204.5,94.52200317,69.51000214,14.68799973,2914.040039,7047.160156,1.91,3.0,251.663,3.8,12.25
8/30/2018,1197.699951,94.67900085,70.25,14.47700024,2901.129883,6978.22998,1.91,3.0,251.663,3.8,13.53
8/31/2018,1200.300049,95.08300018,69.80000305,14.43799973,2901.52002,7037.580078,1.91,3.0,251.663,3.8,12.86
9/4/2018,1192.699951,95.37999725,69.87000275,14.06099987,2896.719971,7361.660156,1.95,3.0,252.182,3.7,13.16
9/5/2018,1194.900024,95.12400055,68.72000122,14.11800003,2888.600098,6792.830078,1.95,3.0,252.182,3.7,13.91
9/6/2018,1197.900024,94.98799896,67.76999664,14.07499981,2878.050049,6529.169922,1.95,3.0,252.182,3.7,14.65
9/7/2018,1193.599976,95.32900238,67.75,14.06700039,2871.679932,6467.069824,1.95,3.0,252.182,3.7,14.88
9/10/2018,1193.0,95.11000061,67.54000092,14.07900047,2877.129883,6329.700195,1.95,3.0,252.182,3.7,14.16
9/11/2018,1195.400024,95.22499847,69.25,14.05200005,2887.889893,6321.200195,1.95,3.0,252.182,3.7,13.22
9/12/2018,1204.699951,94.76799774,70.37000275,14.19200039,2888.919922,6351.799805,1.95,3.0,252.182,3.7,13.14
9/13/2018,1202.0,94.51699829,68.58999634,14.14299965,2904.179932,6517.310059,1.95,3.0,252.182,3.7,12.37
9/14/2018,1195.0,94.92500305,68.98999786,14.04199982,2904.97998,6512.709961,1.95,3.0,252.182,3.7,12.07
9/17/2018,1199.699951,94.48600006,68.91000366,14.12199974,2888.800049,6281.200195,1.95,3.0,252.182,3.7,13.68
9/18/2018,1196.800049,94.22699738,69.84999847,14.08399963,2904.310059,6371.299805,1.95,3.0,252.182,3.7,12.79
9/19/2018,1202.199951,94.1190033,71.12000275,14.18900013,2907.949951,6398.540039,1.95,3.0,252.182,3.7,11.75
9/20/2018,1206.199951,93.49099731,70.80000305,14.21500015,2930.75,6519.669922,1.95,3.0,252.182,3.7,11.8
9/21/2018,1196.199951,93.79799652,70.77999878,14.26900005,2929.669922,6734.950195,1.95,3.0,252.182,3.7,11.68
9/24/2018,1199.300049,93.77500153,72.08000183,14.2510004,2919.370117,6595.410156,1.95,3.0,252.182,3.7,12.2
9/25/2018,1200.0,93.71099854,72.27999878,14.39799976,2915.560059,6446.470215,1.95,3.0,252.182,3.7,12.42
9/26/2018,1194.0,93.77300262,71.56999969,14.30500031,2905.969971,6495.0,1.95,3.0,252.182,3.7,12.89
9/27/2018,1182.300049,94.52400208,72.12000275,14.20100021,2914.0,6676.75,1.95,3.0,252.182,3.7,12.41
9/28/2018,1191.5,94.73699951,73.25,14.62300014,2913.97998,6644.129883,1.95,3.0,252.182,3.7,12.12
10/1/2018,1187.099976,94.92900085,75.30000305,14.42199993,2924.590088,6589.620117,2.19,3.09,252.772,3.8,12.0
10/2/2018,1202.400024,95.13999939,75.23000336,14.60999966,2923.429932,6556.100098,2.19,3.09,252.772,3.8,12.05
10/3/2018,1198.300049,95.40599823,76.41000366,14.59000015,2925.51001,6502.589844,2.19,3.09,252.772,3.8,11.61
10/4/2018,1197.199951,95.41200256,74.33000183,14.51000023,2901.610107,6576.689941,2.19,3.09,252.772,3.8,14.22
10/5/2018,1201.199951,95.30500031,74.33999634,14.56900024,2885.570068,6622.47998,2.19,3.09,252.772,3.8,14.82
10/8/2018,1184.400024,95.43599701,74.29000092,14.25899982,2884.429932,6652.22998,2.19,3.09,252.772,3.8,15.69
10/9/2018,1187.199951,95.34600067,74.95999908,14.32900047,2880.340088,6642.640137,2.19,3.09,252.772,3.8,15.95
10/10/2018,1189.300049,95.17700195,73.16999817,14.25500011,2785.679932,6585.529785,2.19,3.09,252.772,3.8,22.96
10/11/2018,1223.5,94.70600128,70.97000122,14.53499985,2728.370117,6256.240234,2.19,3.09,252.772,3.8,24.98
10/12/2018,1218.099976,94.91100311,71.33999634,14.56400013,2767.129883,6274.580078,2.19,3.09,252.772,3.8,21.31
10/15/2018,1226.400024,94.7539978,71.77999878,14.65600014,2750.790039,6596.540039,2.19,3.09,252.772,3.8,21.3
10/16/2018,1227.300049,94.7480011,71.91999817,14.63000011,2809.919922,6596.109863,2.19,3.09,252.772,3.8,17.62
10/17/2018,1223.699951,95.29699707,69.75,14.59200001,2809.209961,6544.430176,2.19,3.09,252.772,3.8,17.4
10/18/2018,1226.5,95.63800049,68.65000153,14.53299999,2768.780029,6476.709961,2.19,3.09,252.772,3.8,20.06
10/19/2018,1225.300049,95.44300079,69.12000275,14.57900047,2767.780029,6465.410156,2.19,3.09,252.772,3.8,19.89
10/22/2018,1221.199951,95.74900055,69.16999817,14.52200031,2755.879883,6487.160156,2.19,3.09,252.772,3.8,19.64
10/23/2018,1233.400024,95.71299744,66.43000031,14.72799969,2740.689941,6475.740234,2.19,3.09,252.772,3.8,20.71
10/24/2018,1227.800049,96.18199921,66.81999969,14.61100006,2656.100098,6495.839844,2.19,3.09,252.772,3.8,25.23
10/25/2018,1229.099976,96.45500183,67.33000183,14.56499958,2705.570068,6476.290039,2.19,3.09,252.772,3.8,24.22
10/26/2018,1232.5,96.12799835,67.58999634,14.63500023,2658.689941,6474.75,2.19,3.09,252.772,3.8,24.16
10/29/2018,1224.5,96.34999847,67.04000092,14.37699986,2641.25,6332.629883,2.19,3.09,252.772,3.8,24.7
10/30/2018,1222.599976,96.79100037,66.18000031,14.40299988,2682.629883,6334.27002,2.19,3.09,252.772,3.8,23.35
10/31/2018,1212.300049,96.90100098,65.30999756,14.22900009,2711.73999,6317.609863,2.19,3.09,252.772,3.8,21.23
11/1/2018,1236.0,96.08100128,63.68999863,14.72900009,2740.370117,6377.779785,2.2,3.14,252.594,3.8,19.34
11/2/2018,1230.900024,96.34300232,63.13999939,14.70699978,2723.060059,6388.439941,2.2,3.14,252.594,3.8,19.51
11/5/2018,1229.800049,96.08300018,63.09999847,14.60400009,2738.310059,6419.660156,2.2,3.14,252.594,3.8,19.96
11/6/2018,1223.800049,96.11699677,62.20999908,14.45800018,2755.449951,6461.009766,2.2,3.14,252.594,3.8,19.91
11/7/2018,1226.199951,95.80699921,61.66999817,14.52799988,2813.889893,6530.140137,2.2,3.14,252.594,3.8,16.36
11/8/2018,1222.900024,96.55000305,60.66999817,14.38599968,2806.830078,6453.720215,2.2,3.14,252.594,3.8,16.72
11/9/2018,1206.400024,96.73400116,60.18999863,14.10299969,2781.01001,6385.620117,2.2,3.14,252.594,3.8,17.36
11/12/2018,1201.300049,97.38200378,59.93000031,13.97399998,2726.219971,6371.27002,2.2,3.14,252.594,3.8,20.45
11/13/2018,1199.199951,97.14399719,55.68999863,13.95199966,2722.179932,6359.490234,2.2,3.14,252.594,3.8,20.02
11/14/2018,1207.900024,96.65899658,56.25,14.05500031,2701.580078,5738.350098,2.2,3.14,252.594,3.8,21.25
11/15/2018,1212.800049,96.79100037,56.45999908,14.23700047,2730.199951,5648.029785,2.2,3.14,252.594,3.8,19.98
11/16/2018,1220.800049,96.33300018,56.45999908,14.3579998,2736.27002,5575.549805,2.2,3.14,252.594,3.8,18.14
11/19/2018,1223.099976,96.06600189,56.75999832,14.38099957,2690.72998,4871.490234,2.2,3.14,252.594,3.8,20.1
11/20/2018,1219.0,96.71600342,53.43000031,14.24699974,2641.889893,4451.870117,2.2,3.14,252.594,3.8,22.48
11/21/2018,1225.800049,96.58499908,54.63000107,14.47999954,2649.929932,4602.169922,2.2,3.14,252.594,3.8,20.8
11/23/2018,1221.0,96.82499695,50.41999817,14.22099972,2632.560059,4347.109863,2.2,3.14,252.594,3.8,21.52
11/26/2018,1220.199951,96.97899628,51.63000107,14.18299961,2673.449951,3779.129883,2.2,3.14,252.594,3.8,18.9
11/27/2018,1211.199951,97.27999878,51.56000137,14.06200027,2682.169922,3820.719971,2.2,3.14,252.594,3.8,19.02
11/28/2018,1221.400024,96.68099976,50.29000092,14.30300045,2743.790039,4257.419922,2.2,3.14,252.594,3.8,18.49
11/29/2018,1224.099976,96.6989975,51.45000076,14.27299976,2737.800049,4278.84668,2.2,3.14,252.594,3.8,18.79
11/30/2018,1220.199951,97.19599915,50.93000031,14.09399986,2760.169922,4017.268555,2.2,3.14,252.594,3.8,18.07
12/3/2018,1233.900024,96.96900177,52.95000076,14.38099957,2790.370117,3894.130859,2.27,3.14,252.767,3.9,16.44
12/4/2018,1241.099976,96.90200043,53.25,14.52099991,2700.060059,3956.893799,2.27,3.14,252.767,3.9,20.74
12/6/2018,1238.099976,96.76399994,51.49000168,14.39000034,2695.949951,3521.101807,2.27,3.14,252.767,3.9,21.19
12/7/2018,1246.800049,96.47599792,52.61000061,14.57199955,2633.080078,3419.937256,2.27,3.14,252.767,3.9,23.23
12/10/2018,1243.699951,97.18299866,51.0,14.47799969,2637.719971,3502.656006,2.27,3.14,252.767,3.9,22.64
12/11/2018,1241.900024,97.35800171,51.65000153,14.4989996,2636.780029,3424.588135,2.27,3.14,252.767,3.9,21.76
12/12/2018,1244.400024,97.01799774,51.15000153,14.72500038,2651.070068,3486.950195,2.27,3.14,252.767,3.9,21.46
12/13/2018,1242.699951,97.05599976,52.58000183,14.72900009,2650.540039,3313.677246,2.27,3.14,252.767,3.9,20.65
12/14/2018,1237.0,97.43000031,51.20000076,14.51299953,2599.949951,3242.484863,2.27,3.14,252.767,3.9,21.63
12/17/2018,1247.400024,97.17500305,49.88000107,14.63899994,2545.939941,3545.864746,2.27,3.14,252.767,3.9,24.52
12/18/2018,1249.199951,96.56999969,46.24000168,14.58500004,2546.159912,3696.059082,2.27,3.14,252.767,3.9,25.58
12/19/2018,1252.099976,96.48400116,47.20000076,14.70199966,2506.959961,3745.950684,2.27,3.14,252.767,3.9,25.58
12/20/2018,1263.599976,95.72799683,45.88000107,14.75300026,2467.419922,4134.441406,2.27,3.14,252.767,3.9,28.38
12/21/2018,1253.800049,96.45500183,45.59000015,14.58300018,2416.620117,3896.543701,2.27,3.14,252.767,3.9,30.11
12/24/2018,1267.5,96.00700378,42.52999878,14.70100021,2351.100098,4078.599121,2.27,3.14,252.767,3.9,36.07
12/26/2018,1269.199951,96.56800079,46.22000122,15.00399971,2467.699951,3857.297607,2.27,3.14,252.767,3.9,30.41
12/27/2018,1277.300049,96.00099945,44.61000061,15.19099998,2488.830078,3654.833496,2.27,3.14,252.767,3.9,29.96
12/28/2018,1279.900024,95.96499634,45.33000183,15.32600021,2485.73999,3923.918701,2.27,3.14,252.767,3.9,28.34
12/31/2018,1278.300049,95.73500061,45.40999985,15.43299961,2506.850098,3742.700439,2.27,3.14,252.767,3.9,25.42
1/2/2019,1281.0,96.42299652,46.54000092,15.54199982,2510.030029,3943.409424,2.4,3.14,252.561,4.0,23.22
1/3/2019,1291.800049,95.87799835,47.09000015,15.70600033,2447.889893,3836.741211,2.4,3.14,252.561,4.0,25.45
1/4/2019,1282.699951,95.75,47.95999908,15.69499969,2531.939941,3857.717529,2.4,3.14,252.561,4.0,21.38
1/7/2019,1286.800049,95.22799683,48.52000046,15.66899967,2549.689941,4025.248291,2.4,3.14,252.561,4.0,21.4
1/8/2019,1283.199951,95.47899628,49.77999878,15.6260004,2574.409912,4030.8479,2.4,3.14,252.561,4.0,20.47
1/9/2019,1289.300049,94.79000092,52.36000061,15.65299988,2584.959961,4035.296387,2.4,3.14,252.561,4.0,19.98
1/10/2019,1284.699951,95.12000275,52.59000015,15.56099987,2596.639893,3678.924561,2.4,3.14,252.561,4.0,19.5
1/11/2019,1287.099976,95.26599884,51.59000015,15.57699966,2596.26001,3687.365479,2.4,3.14,252.561,4.0,18.19
1/14/2019,1289.099976,95.20700073,50.50999832,15.60900021,2582.610107,3706.052246,2.4,3.14,252.561,4.0,19.07
1/15/2019,1286.199951,95.67500305,52.11000061,15.54599953,2610.300049,3630.675293,2.4,3.14,252.561,4.0,18.6
1/16/2019,1291.599976,95.67700195,52.31000137,15.56400013,2616.100098,3655.006836,2.4,3.14,252.561,4.0,19.04
1/17/2019,1291.0,95.71299744,52.06999969,15.46700001,2635.959961,3678.563965,2.4,3.14,252.561,4.0,18.06
1/18/2019,1281.300049,95.99299622,53.79999924,15.32999992,2670.709961,3657.839355,2.4,3.14,252.561,4.0,17.8
1/22/2019,1282.5,95.95899963,52.56999969,15.25899982,2632.899902,3604.577148,2.4,3.14,252.561,4.0,20.8
1/23/2019,1283.099976,95.77200317,52.61999893,15.31700039,2638.699951,3585.123047,2.4,3.14,252.561,4.0,19.52
1/24/2019,1279.099976,96.29699707,53.13000107,15.23799992,2642.330078,3600.865479,2.4,3.14,252.561,4.0,18.89
1/25/2019,1297.400024,95.46499634,53.68999863,15.63899994,2664.76001,3599.765869,2.4,3.14,252.561,4.0,17.42
1/28/2019,1302.400024,95.4240036,51.99000168,15.70899963,2643.850098,3470.450439,2.4,3.14,252.561,4.0,18.87
1/29/2019,1308.199951,95.51599884,53.31000137,15.78600025,2640.0,3448.116943,2.4,3.14,252.561,4.0,19.13
1/30/2019,1309.900024,95.03099823,54.22999954,15.88000011,2681.050049,3486.181641,2.4,3.14,252.561,4.0,17.66
1/31/2019,1319.699951,95.30400085,53.79000092,16.02199936,2704.100098,3457.792725,2.4,3.14,252.561,4.0,16.57
2/1/2019,1316.900024,95.30000305,55.25999832,15.88000011,2706.530029,3487.945313,2.4,2.7,253.319,3.8,16.14
2/4/2019,1314.300049,95.56999969,54.56000137,15.83699989,2724.870117,3459.154053,2.4,2.7,253.319,3.8,15.73
2/5/2019,1314.199951,95.81700134,53.65999985,15.78999996,2737.699951,3466.357422,2.4,2.7,253.319,3.8,15.57
2/6/2019,1309.5,96.15200043,54.00999832,15.65600014,2731.610107,3413.767822,2.4,2.7,253.319,3.8,15.38
2/7/2019,1309.400024,96.28900146,52.63999939,15.67500019,2706.050049,3399.47168,2.4,2.7,253.319,3.8,16.37
2/8/2019,1313.699951,96.41600037,52.72000122,15.77299976,2707.879883,3666.780273,2.4,2.7,253.319,3.8,15.72
2/11/2019,1307.0,96.85700226,52.40999985,15.65699959,2709.800049,3648.430664,2.4,2.7,253.319,3.8,15.97
2/12/2019,1309.199951,96.50299835,53.09999847,15.65999985,2744.72998,3653.528564,2.4,2.7,253.319,3.8,15.43
2/13/2019,1310.800049,96.93800354,53.90000153,15.6239996,2753.030029,3632.070557,2.4,2.7,253.319,3.8,15.65
2/14/2019,1309.800049,96.80500031,54.40999985,15.5,2745.72998,3616.880859,2.4,2.7,253.319,3.8,16.22
2/15/2019,1318.099976,96.73999786,55.59000015,15.72299957,2775.600098,3620.810791,2.4,2.7,253.319,3.8,14.91
2/19/2019,1340.099976,96.34899902,56.09000015,15.94699955,2779.76001,3947.094482,2.4,2.7,253.319,3.8,14.88
2/20/2019,1343.300049,96.29399872,56.91999817,16.15699959,2784.699951,3999.820557,2.4,2.7,253.319,3.8,14.02
2/21/2019,1323.5,96.46299744,56.95999908,15.79100037,2774.879883,3954.118164,2.4,2.7,253.319,3.8,14.46
2/22/2019,1329.199951,96.36699677,57.25999832,15.90799999,2792.669922,4005.526611,2.4,2.7,253.319,3.8,13.51
2/25/2019,1325.900024,96.27100372,55.47999954,15.82499981,2796.110107,3882.696289,2.4,2.7,253.319,3.8,14.85
2/26/2019,1325.099976,95.86499786,55.5,15.82699966,2793.899902,3854.35791,2.4,2.7,253.319,3.8,15.17
2/27/2019,1317.699951,96.03800201,56.93999863,15.67199993,2792.379883,3851.047363,2.4,2.7,253.319,3.8,14.7
2/28/2019,1312.800049,96.04299927,57.22000122,15.53800011,2784.48999,3854.7854,2.4,2.7,253.319,3.8,14.78
3/1/2019,1296.400024,96.44999695,55.79999924,15.16899967,2803.689941,3859.58374,2.41,2.76,254.277,3.8,13.57
3/4/2019,1284.800049,96.61000061,56.59000015,15.0170002,2792.810059,3761.557129,2.41,2.76,254.277,3.8,14.63
3/5/2019,1282.0,96.79499817,56.56000137,15.02000046,2789.649902,3896.375,2.41,2.76,254.277,3.8,14.74
3/6/2019,1284.900024,96.7990036,56.22000122,15.00300026,2771.449951,3903.942627,2.41,2.76,254.277,3.8,15.74
3/7/2019,1283.800049,97.62799835,56.65999985,14.96000004,2748.929932,3911.484375,2.41,2.76,254.277,3.8,16.59
3/8/2019,1297.0,97.26899719,56.06999969,15.27200031,2743.070068,3901.131592,2.41,2.76,254.277,3.8,16.05
3/11/2019,1288.800049,97.1740036,56.79000092,15.19699955,2783.300049,3905.227295,2.41,2.76,254.277,3.8,14.33
3/12/2019,1296.300049,96.89900208,56.86999893,15.3380003,2791.52002,3909.15625,2.41,2.76,254.277,3.8,13.77
3/13/2019,1307.5,96.51200104,58.25999832,15.38099957,2810.919922,3906.717285,2.41,2.76,254.277,3.8,13.41
3/14/2019,1293.400024,96.76899719,58.61000061,15.10099983,2808.47998,3924.369141,2.41,2.76,254.277,3.8,13.5
3/15/2019,1301.800049,96.58999634,58.52000046,15.25300026,2822.47998,3960.911133,2.41,2.76,254.277,3.8,12.88
3/18/2019,1300.300049,96.51599884,59.09000015,15.2510004,2832.939941,4032.507324,2.41,2.76,254.277,3.8,13.1
3/19/2019,1305.0,95.83100128,59.02999878,15.30099964,2832.570068,4071.190186,2.41,2.76,254.277,3.8,13.56
3/20/2019,1300.5,95.2009964,59.83000183,15.24499989,2824.22998,4087.476318,2.41,2.76,254.277,3.8,13.91
3/21/2019,1306.099976,95.98699951,59.97999954,15.37199974,2854.879883,4029.326904,2.41,2.76,254.277,3.8,13.63
3/22/2019,1311.599976,96.15100098,59.04000092,15.34500027,2800.709961,4023.968262,2.41,2.76,254.277,3.8,16.48
3/25/2019,1321.900024,96.06800079,58.81999969,15.50699997,2798.360107,3963.070557,2.41,2.76,254.277,3.8,16.33
3/26/2019,1314.300049,96.22499847,59.93999863,15.37100029,2818.459961,3985.080811,2.41,2.76,254.277,3.8,14.68
3/27/2019,1309.900024,96.28299713,59.40999985,15.23900032,2805.370117,4087.066162,2.41,2.76,254.277,3.8,15.15
3/28/2019,1289.800049,96.76399994,59.29999924,14.92099953,2815.439941,4069.107178,2.41,2.76,254.277,3.8,14.43
3/29/2019,1293.0,96.84500122,60.13999939,15.06000042,2834.399902,4098.374512,2.41,2.76,254.277,3.8,13.71
4/1/2019,1288.400024,96.7990036,61.59000015,15.05099964,2867.189941,4158.183105,2.42,2.49,255.233,3.7,13.4
4/2/2019,1290.0,96.92299652,62.58000183,15.01799965,2867.23999,4879.87793,2.42,2.49,255.233,3.7,13.36
4/3/2019,1289.900024,96.66200256,62.45999908,15.05900002,2873.399902,4973.021973,2.42,2.49,255.233,3.7,13.74
4/4/2019,1289.0,96.92500305,62.09999847,15.04100037,2879.389893,4922.798828,2.42,2.49,255.233,3.7,13.58
4/5/2019,1290.400024,97.0019989,63.08000183,15.04300022,2892.73999,5036.681152,2.42,2.49,255.233,3.7,12.82
4/8/2019,1297.099976,96.65000153,64.40000153,15.17300034,2895.77002,5289.770996,2.42,2.49,255.233,3.7,13.18
4/9/2019,1303.5,96.61100006,63.97999954,15.16800022,2878.199951,5204.958496,2.42,2.49,255.233,3.7,14.28
4/10/2019,1309.099976,96.55799866,64.61000061,15.20100021,2888.209961,5324.551758,2.42,2.49,255.233,3.7,13.3
4/11/2019,1288.599976,96.80899811,63.58000183,14.82400036,2888.320068,5064.487793,2.42,2.49,255.233,3.7,13.02
4/12/2019,1290.599976,96.59799957,63.88999939,14.92000008,2907.409912,5089.539063,2.42,2.49,255.233,3.7,12.01
4/15/2019,1286.800049,96.55599976,63.40000153,14.94799995,2905.580078,5067.108398,2.42,2.49,255.233,3.7,12.32
4/16/2019,1272.599976,96.65200043,64.05000305,14.89099979,2907.060059,5235.55957,2.42,2.49,255.233,3.7,12.18
4/17/2019,1272.199951,96.65799713,63.75999832,14.92099953,2900.449951,5251.937988,2.42,2.49,255.233,3.7,12.6
4/18/2019,1271.900024,97.15100098,64.0,14.93700027,2905.030029,5298.385742,2.42,2.49,255.233,3.7,12.09
4/22/2019,1273.5,96.95500183,65.69999695,14.95699978,2907.969971,5399.365234,2.42,2.49,255.233,3.7,12.42
4/23/2019,1269.300049,97.31999969,66.30000305,14.77299976,2933.679932,5572.362305,2.42,2.49,255.233,3.7,12.28
4/24/2019,1275.5,97.85500336,65.88999939,14.89799976,2927.25,5464.866699,2.42,2.49,255.233,3.7,13.14
4/25/2019,1275.800049,97.91899872,65.20999908,14.86100006,2926.169922,5210.515625,2.42,2.49,255.233,3.7,13.25
4/26/2019,1284.900024,97.72599792,63.29999924,15.00199986,2939.879883,5279.348145,2.42,2.49,255.233,3.7,12.73
4/29/2019,1278.599976,97.58100128,63.5,14.84399986,2943.030029,5247.352539,2.42,2.49,255.233,3.7,13.11
4/30/2019,1282.800049,97.2009964,63.90999985,14.89999962,2945.830078,5350.726563,2.42,2.49,255.233,3.7,13.12
5/1/2019,1281.400024,97.41000366,63.59999847,14.64500046,2923.72998,5402.697266,2.39,2.52,255.296,3.6,14.8
5/2/2019,1269.699951,97.58599854,61.81000137,14.53999996,2917.52002,5505.283691,2.39,2.52,255.296,3.6,14.42
5/3/2019,1279.199951,97.26000214,61.93999863,14.90699959,2945.639893,5768.289551,2.39,2.52,255.296,3.6,12.87
5/6/2019,1281.699951,97.26799774,62.25,14.85700035,2932.469971,5746.807129,2.39,2.52,255.296,3.6,15.44
5/7/2019,1283.5,97.39900208,61.40000153,14.85999966,2884.050049,5829.501465,2.39,2.52,255.296,3.6,19.32
5/8/2019,1279.400024,97.38800049,62.11999893,14.79199982,2879.419922,5982.45752,2.39,2.52,255.296,3.6,19.4
5/9/2019,1283.5,97.16400146,61.70000076,14.70699978,2870.719971,6174.528809,2.39,2.52,255.296,3.6,19.1
5/10/2019,1285.699951,97.125,61.65999985,14.72599983,2881.399902,6378.849121,2.39,2.52,255.296,3.6,16.04
5/13/2019,1300.099976,97.12000275,61.04000092,14.7130003,2811.870117,7814.915039,2.39,2.52,255.296,3.6,20.55
5/14/2019,1294.699951,97.3219986,61.77999878,14.75199986,2834.409912,7994.416016,2.39,2.52,255.296,3.6,18.06
5/15/2019,1296.300049,97.37599945,62.02000046,14.75199986,2850.959961,8205.167969,2.39,2.52,255.296,3.6,16.44
5/16/2019,1285.0,97.6780014,62.86999893,14.47900009,2876.320068,7884.90918,2.39,2.52,255.296,3.6,15.29
5/17/2019,1274.5,97.8239975,62.75999832,14.34799957,2859.530029,7343.895508,2.39,2.52,255.296,3.6,15.96
5/20/2019,1276.099976,97.76399994,63.09999847,14.4090004,2840.22998,7978.309082,2.39,2.52,255.296,3.6,16.31
5/21/2019,1272.0,97.89600372,62.99000168,14.37300014,2864.360107,7963.327637,2.39,2.52,255.296,3.6,14.95
5/22/2019,1273.599976,97.8809967,61.41999817,14.41399956,2856.27002,7680.066406,2.39,2.52,255.296,3.6,14.75
5/23/2019,1284.800049,97.72299957,57.90999985,14.57699966,2822.23999,7881.84668,2.39,2.52,255.296,3.6,16.92
5/24/2019,1283.0,97.47699738,58.63000107,14.52000046,2826.060059,7987.371582,2.39,2.52,255.296,3.6,15.85
5/28/2019,1276.5,97.84200287,59.13999939,14.28100014,2802.389893,8719.961914,2.39,2.52,255.296,3.6,17.5
5/29/2019,1280.599976,98.03500366,58.81000137,14.37199974,2783.02002,8659.487305,2.39,2.52,255.296,3.6,17.9
5/30/2019,1287.099976,98.0530014,56.59000015,14.46000004,2788.860107,8319.472656,2.39,2.52,255.296,3.6,17.3
5/31/2019,1305.800049,97.66600037,53.5,14.52999973,2752.060059,8574.501953,2.39,2.52,255.296,3.6,18.71
6/3/2019,1322.699951,97.05999756,53.25,14.70300007,2744.449951,8208.995117,2.38,2.52,255.213,3.6,18.86
6/4/2019,1323.400024,96.99900055,53.47999954,14.73200035,2803.27002,7707.770996,2.38,2.52,255.213,3.6,16.97
6/5/2019,1328.300049,97.25099945,51.68000031,14.75399971,2826.149902,7824.231445,2.38,2.52,255.213,3.6,16.09
6/6/2019,1337.599976,96.99700165,52.59000015,14.86800003,2843.48999,7822.023438,2.38,2.52,255.213,3.6,15.93
6/7/2019,1341.199951,96.48999786,53.99000168,14.99400043,2873.340088,8043.951172,2.38,2.52,255.213,3.6,16.3
6/10/2019,1324.699951,96.71099854,53.25999832,14.60499954,2886.72998,8000.32959,2.38,2.52,255.213,3.6,15.94
6/11/2019,1326.400024,96.64499664,53.27000046,14.70600033,2885.719971,7927.714355,2.38,2.52,255.213,3.6,15.99
6/12/2019,1331.900024,96.97000122,51.13999939,14.72200012,2879.840088,8145.857422,2.38,2.52,255.213,3.6,15.91
6/13/2019,1339.199951,96.99900055,52.27999878,14.87100029,2891.639893,8230.923828,2.38,2.52,255.213,3.6,15.82
6/14/2019,1340.099976,97.56999969,52.50999832,14.78199959,2886.97998,8693.833008,2.38,2.52,255.213,3.6,15.28
6/17/2019,1338.699951,97.39600372,51.93000031,14.81400013,2889.669922,9320.352539,2.38,2.52,255.213,3.6,15.35
6/18/2019,1346.599976,97.15299988,53.90000153,14.97999954,2917.75,9081.762695,2.38,2.52,255.213,3.6,15.15
6/19/2019,1344.599976,96.58200073,53.75999832,14.94499969,2926.459961,9273.521484,2.38,2.52,255.213,3.6,14.33
6/20/2019,1392.900024,96.13800049,56.65000153,15.46899986,2954.179932,9527.160156,2.38,2.52,255.213,3.6,14.75
6/21/2019,1396.199951,95.71800232,57.43000031,15.27299976,2950.459961,10144.55664,2.38,2.52,255.213,3.6,15.4
6/24/2019,1414.300049,95.48699951,57.90000153,15.36800003,2945.350098,11011.10254,2.38,2.52,255.213,3.6,15.26
6/25/2019,1414.900024,95.64800262,57.83000183,15.29100037,2917.379883,11790.91699,2.38,2.52,255.213,3.6,16.28
6/26/2019,1411.599976,95.72799683,59.38000107,15.28299999,2913.780029,13016.23145,2.38,2.52,255.213,3.6,16.21
6/27/2019,1408.400024,95.74199677,59.43000031,15.20499992,2924.919922,11182.80664,2.38,2.52,255.213,3.6,15.82
6/28/2019,1409.699951,95.66600037,58.47000122,15.25300026,2941.76001,12407.33203,2.38,2.52,255.213,3.6,15.08
7/1/2019,1385.599976,96.40899658,59.09000015,15.10599995,2964.330078,10583.13477,2.4,2.03,255.802,3.7,14.06
7/2/2019,1404.599976,96.27400208,56.25,15.15400028,2973.01001,10801.67773,2.4,2.03,255.802,3.7,12.93
7/3/2019,1417.699951,96.33100128,57.34000015,15.25199986,2995.820068,11961.26953,2.4,2.03,255.802,3.7,12.57
7/5/2019,1396.699951,96.88999939,57.50999832,14.91800022,2990.409912,10978.45996,2.4,2.03,255.802,3.7,13.28
7/8/2019,1397.0,96.98400116,57.65999985,14.97200012,2975.949951,12285.95801,2.4,2.03,255.802,3.7,13.96
7/9/2019,1397.5,97.09500122,57.83000183,15.06799984,2979.629883,12573.8125,2.4,2.03,255.802,3.7,14.09
7/10/2019,1410.099976,96.70300293,60.43000031,15.14700031,2993.070068,12156.5127,2.4,2.03,255.802,3.7,13.03
7/11/2019,1404.300049,96.66600037,60.20000076,15.06700039,2999.909912,11358.66211,2.4,2.03,255.802,3.7,12.93
7/12/2019,1409.900024,96.4240036,60.20999908,15.16100025,3013.77002,11815.98633,2.4,2.03,255.802,3.7,12.39
7/15/2019,1411.400024,96.54499817,59.58000183,15.28999996,3014.300049,10895.08984,2.4,2.03,255.802,3.7,12.68
7/16/2019,1409.199951,97.04100037,57.61999893,15.60000038,3004.040039,9477.641602,2.4,2.03,255.802,3.7,12.86
7/17/2019,1421.300049,96.85299683,56.77999878,15.89299965,2984.419922,9693.802734,2.4,2.03,255.802,3.7,13.97
7/18/2019,1426.099976,96.4489975,55.29999924,16.12000084,2995.110107,10666.48242,2.4,2.03,255.802,3.7,13.53
7/19/2019,1425.099976,96.81700134,55.63000107,16.11700058,2976.610107,10530.73242,2.4,2.03,255.802,3.7,14.45
7/22/2019,1425.300049,96.94000244,56.22000122,16.34000015,2985.030029,10343.10645,2.4,2.03,255.802,3.7,13.53
7/23/2019,1420.099976,97.41799927,56.77000046,16.40500069,3005.469971,9900.767578,2.4,2.03,255.802,3.7,12.61
7/24/2019,1422.800049,97.45200348,55.88000107,16.55400085,3019.560059,9811.925781,2.4,2.03,255.802,3.7,12.07
7/25/2019,1413.900024,97.55200195,56.02000046,16.3390007,3003.669922,9911.841797,2.4,2.03,255.802,3.7,12.74
7/26/2019,1418.5,97.75099945,56.20000076,16.32500076,3025.860107,9870.303711,2.4,2.03,255.802,3.7,12.16
7/29/2019,1419.599976,97.79599762,56.86999893,16.36800003,3020.969971,9519.145508,2.4,2.03,255.802,3.7,12.83
7/30/2019,1429.699951,97.80899811,58.04999924,16.49500084,3013.179932,9607.423828,2.4,2.03,255.802,3.7,13.94
7/31/2019,1426.099976,98.25800323,58.58000183,16.34600067,2980.379883,10085.62793,2.4,2.03,255.802,3.7,16.12
8/1/2019,1420.900024,98.14399719,53.95000076,16.12100029,2953.560059,10399.66895,2.13,1.9,256.036,3.6,17.87
8/2/2019,1445.599976,97.85199738,55.65999985,16.22200012,2932.050049,10518.1748,2.13,1.9,256.036,3.6,17.61
8/5/2019,1464.599976,97.30799866,54.68999863,16.34499931,2844.73999,11805.65332,2.13,1.9,256.036,3.6,24.59
8/6/2019,1472.400024,97.41699982,53.63000107,16.40500069,2881.77002,11478.16895,2.13,1.9,256.036,3.6,20.17
8/7/2019,1507.300049,97.34500122,51.09000015,17.15600014,2883.97998,11941.96875,2.13,1.9,256.036,3.6,19.49
8/8/2019,1497.699951,97.43399811,52.54000092,16.90099907,2938.090088,11966.40723,2.13,1.9,256.036,3.6,16.91
8/9/2019,1496.599976,97.3219986,54.5,16.89699936,2918.649902,11862.93652,2.13,1.9,256.036,3.6,17.97
8/12/2019,1505.300049,97.19799805,54.93000031,17.03899956,2882.699951,11382.61621,2.13,1.9,256.036,3.6,21.09
8/13/2019,1502.199951,97.6309967,57.09999847,16.95599937,2926.320068,10895.83008,2.13,1.9,256.036,3.6,17.52
8/14/2019,1515.900024,97.8259964,55.22999954,17.25300026,2840.600098,10051.7041,2.13,1.9,256.036,3.6,22.1
8/15/2019,1519.599976,98.00499725,54.47000122,17.18799973,2847.600098,10311.5459,2.13,1.9,256.036,3.6,21.18
8/16/2019,1512.5,98.00700378,54.86999893,17.09600067,2888.679932,10374.33887,2.13,1.9,256.036,3.6,18.47
8/19/2019,1500.400024,98.22100067,56.20999908,16.91399956,2923.649902,10916.05371,2.13,1.9,256.036,3.6,16.88
8/20/2019,1504.599976,98.06300354,56.34000015,17.12199974,2900.51001,10763.23242,2.13,1.9,256.036,3.6,17.5
8/21/2019,1504.599976,98.17900085,55.68000031,17.125,2924.429932,10138.0498,2.13,1.9,256.036,3.6,15.8
8/22/2019,1497.300049,98.06400299,55.34999847,17.01399994,2922.949951,10131.05566,2.13,1.9,256.036,3.6,16.68
8/23/2019,1526.599976,97.52999878,54.16999817,17.39500046,2847.110107,10407.96484,2.13,1.9,256.036,3.6,19.87
8/26/2019,1526.300049,97.98899841,53.63999939,17.62400055,2878.379883,10370.82031,2.13,1.9,256.036,3.6,19.32
8/27/2019,1541.0,97.90699768,54.93000031,18.13899994,2869.159912,10185.5,2.13,1.9,256.036,3.6,20.31
8/28/2019,1537.800049,98.12000275,55.77999878,18.30400085,2887.939941,9754.422852,2.13,1.9,256.036,3.6,19.35
8/29/2019,1526.5,98.45500183,56.70999908,18.16699982,2924.580078,9510.200195,2.13,1.9,256.036,3.6,17.88
8/30/2019,1519.099976,98.86000061,55.09999847,18.18499947,2926.459961,9598.173828,2.13,1.9,256.036,3.6,18.98
9/3/2019,1545.900024,98.9489975,53.93999863,19.07900047,2906.27002,10623.54004,2.04,1.9,256.43,3.5,19.66
9/4/2019,1550.300049,98.39299774,56.25999832,19.39100075,2937.780029,10594.49316,2.04,1.9,256.43,3.5,17.33
9/5/2019,1515.400024,98.38200378,56.29999924,18.65600014,2976.0,10575.5332,2.04,1.9,256.43,3.5,16.27
9/6/2019,1506.199951,98.36199951,56.52000046,17.96800041,2978.709961,10353.30273,2.04,1.9,256.43,3.5,15.0
9/9/2019,1502.199951,98.2480011,57.84999847,18.0189991,2978.429932,10334.97461,2.04,1.9,256.43,3.5,15.27
9/10/2019,1490.300049,98.30699921,57.40000153,18.04100037,2979.389893,10115.97559,2.04,1.9,256.43,3.5,15.2
9/11/2019,1494.400024,98.62799835,55.75,18.03100014,3000.929932,10178.37207,2.04,1.9,256.43,3.5,14.61
9/12/2019,1498.699951,98.30799866,55.09000015,18.04100037,3009.570068,10410.12695,2.04,1.9,256.43,3.5,14.22
9/13/2019,1490.900024,98.25499725,54.84999847,17.43600082,3007.389893,10360.54688,2.04,1.9,256.43,3.5,13.74
9/16/2019,1503.099976,98.6269989,62.90000153,17.90099907,2997.959961,10276.79395,2.04,1.9,256.43,3.5,14.67
9/17/2019,1505.099976,97.81900024,59.34000015,18.01600075,3005.699951,10241.27246,2.04,1.9,256.43,3.5,14.44
9/18/2019,1507.5,98.13400269,58.11000061,17.79500008,3006.72998,10198.24805,2.04,1.9,256.43,3.5,13.95
9/19/2019,1498.400024,97.84700012,58.13000107,17.77300072,3006.790039,10266.41504,2.04,1.9,256.43,3.5,14.05
9/20/2019,1507.300049,98.13600159,58.09000015,17.73800087,2992.070068,10181.6416,2.04,1.9,256.43,3.5,15.32
9/23/2019,1523.699951,98.22100067,58.63999939,18.60000038,2991.780029,9729.324219,2.04,1.9,256.43,3.5,14.91
9/24/2019,1532.099976,97.92700195,57.29000092,18.5170002,2966.600098,8620.566406,2.04,1.9,256.43,3.5,17.05
9/25/2019,1504.599976,98.65899658,56.49000168,17.96199989,2984.870117,8486.993164,2.04,1.9,256.43,3.5,15.96
9/26/2019,1507.5,98.76499939,56.40999985,17.8010006,2977.620117,8118.967773,2.04,1.9,256.43,3.5,16.07
9/27/2019,1499.099976,98.76100159,55.90999985,17.55200005,2961.790039,8251.845703,2.04,1.9,256.43,3.5,17.22
9/30/2019,1465.699951,99.02100372,54.06999969,16.89800072,2976.73999,8293.868164,2.04,1.9,256.43,3.5,16.24
10/1/2019,1482.0,98.77700043,53.61999893,17.20199966,2940.25,8343.276367,1.83,1.65,257.155,3.6,18.56
10/2/2019,1501.0,98.68900299,52.63999939,17.59199905,2887.610107,8393.041992,1.83,1.65,257.155,3.6,20.56
10/3/2019,1507.099976,98.54000092,52.45000076,17.58499908,2910.629883,8259.992188,1.83,1.65,257.155,3.6,19.12
10/4/2019,1506.199951,98.48799896,52.81000137,17.54000092,2952.01001,8205.939453,1.83,1.65,257.155,3.6,17.04
10/7/2019,1497.699951,98.66500092,52.75,17.45700073,2938.790039,8245.623047,1.83,1.65,257.155,3.6,17.86
10/8/2019,1497.199951,98.8219986,52.63000107,17.61700058,2893.060059,8228.783203,1.83,1.65,257.155,3.6,20.28
10/9/2019,1506.099976,98.81500244,52.59000015,17.72800064,2919.399902,8595.740234,1.83,1.65,257.155,3.6,18.64
10/10/2019,1494.800049,98.40599823,53.54999924,17.52000046,2938.129883,8586.473633,1.83,1.65,257.155,3.6,17.57
10/11/2019,1482.699951,98.00499725,54.70000076,17.46199989,2970.27002,8321.756836,1.83,1.65,257.155,3.6,15.58
10/14/2019,1491.699951,98.16999817,53.59000015,17.63400078,2966.149902,8374.686523,1.83,1.65,257.155,3.6,14.57
10/15/2019,1477.599976,98.00299835,52.81000137,17.30800056,2995.679932,8205.369141,1.83,1.65,257.155,3.6,13.54
10/16/2019,1488.0,97.72299957,53.36000061,17.35099983,2989.689941,8047.526855,1.83,1.65,257.155,3.6,13.68
10/17/2019,1492.300049,97.33499908,53.93000031,17.5359993,2997.949951,8103.911133,1.83,1.65,257.155,3.6,13.79
10/18/2019,1488.199951,97.00800323,53.77999878,17.50200081,2986.199951,7973.20752,1.83,1.65,257.155,3.6,14.25
10/21/2019,1482.400024,97.05000305,53.31000137,17.52599907,3006.719971,8243.720703,1.83,1.65,257.155,3.6,14.0
10/22/2019,1481.699951,97.2559967,54.15999985,17.43700027,2995.98999,8078.203125,1.83,1.65,257.155,3.6,14.46
10/23/2019,1489.900024,97.23600006,55.97000122,17.5170002,3004.52002,7514.671875,1.83,1.65,257.155,3.6,14.01
10/24/2019,1498.900024,97.40499878,56.22999954,17.73900032,3010.290039,7493.48877,1.83,1.65,257.155,3.6,13.71
10/25/2019,1499.5,97.59899902,56.65999985,17.86100006,3022.550049,8660.700195,1.83,1.65,257.155,3.6,12.65
10/28/2019,1490.0,97.52400208,55.81000137,17.81599998,3039.419922,9256.148438,1.83,1.65,257.155,3.6,13.11
10/29/2019,1487.0,97.46900177,55.54000092,17.77099991,3036.889893,9427.6875,1.83,1.65,257.155,3.6,13.2
10/30/2019,1493.199951,97.43900299,55.06000137,17.81500053,3046.77002,9205.726563,1.83,1.65,257.155,3.6,12.33
10/31/2019,1511.400024,97.15399933,54.18000031,18.01399994,3037.560059,9199.584961,1.83,1.65,257.155,3.6,13.22
11/1/2019,1508.0,97.04100037,56.20000076,18.00399971,3066.909912,9261.104492,1.55,1.73,257.879,3.6,12.3
11/4/2019,1508.0,97.36599731,56.54000092,18.01399994,3078.27002,9412.612305,1.55,1.73,257.879,3.6,12.83
11/5/2019,1480.800049,97.80500031,57.22999954,17.51600075,3074.620117,9342.527344,1.55,1.73,257.879,3.6,13.1
11/6/2019,1490.199951,97.76399994,56.34999847,17.55800056,3076.780029,9360.879883,1.55,1.73,257.879,3.6,12.62
11/7/2019,1464.199951,97.98899841,57.15000153,16.96999931,3085.179932,9267.561523,1.55,1.73,257.879,3.6,12.73
11/8/2019,1461.300049,98.2009964,57.24000168,16.78300095,3093.080078,8804.880859,1.55,1.73,257.879,3.6,12.07
11/11/2019,1455.5,98.03299713,56.86000061,16.76199913,3087.01001,8757.788086,1.55,1.73,257.879,3.6,12.69
11/12/2019,1452.099976,98.15100098,56.79999924,16.67700005,3091.840088,8815.662109,1.55,1.73,257.879,3.6,12.68
11/13/2019,1461.699951,98.23000336,57.11999893,16.89800072,3094.040039,8808.262695,1.55,1.73,257.879,3.6,13.0
11/14/2019,1471.800049,98.01899719,56.77000046,17.01300049,3096.629883,8708.094727,1.55,1.73,257.879,3.6,13.05
11/15/2019,1467.300049,97.8710022,57.72000122,16.93300056,3120.459961,8491.992188,1.55,1.73,257.879,3.6,12.05
11/18/2019,1470.900024,97.66300201,57.04999924,16.98500061,3122.030029,8309.286133,1.55,1.73,257.879,3.6,12.46
11/19/2019,1473.300049,97.74199677,55.20999908,17.10300064,3120.179932,8206.145508,1.55,1.73,257.879,3.6,12.86
11/20/2019,1473.300049,97.81400299,57.11000061,17.10000038,3108.459961,8027.268066,1.55,1.73,257.879,3.6,12.78
11/21/2019,1463.099976,97.89900208,58.58000183,17.04999924,3103.540039,7642.75,1.55,1.73,257.879,3.6,13.13
11/22/2019,1463.099976,98.1760025,57.77000046,16.98500061,3110.290039,7296.577637,1.55,1.73,257.879,3.6,12.34
11/25/2019,1456.599976,98.23799896,58.00999832,16.87100029,3133.639893,7146.133789,1.55,1.73,257.879,3.6,11.87
11/26/2019,1459.800049,98.16999817,58.40999985,17.03000069,3140.52002,7218.371094,1.55,1.73,257.879,3.6,11.54
11/27/2019,1453.400024,98.28800201,58.11000061,16.91200066,3153.629883,7531.663574,1.55,1.73,257.879,3.6,11.75
11/29/2019,1465.599976,98.20200348,55.16999817,16.96899986,3140.97998,7761.243652,1.55,1.73,257.879,3.6,12.62
12/2/2019,1462.300049,97.79100037,55.95999908,16.83600044,3113.870117,7321.988281,1.55,1.73,258.63,3.6,14.91
12/3/2019,1478.199951,97.68099976,56.09999847,17.125,3093.199951,7320.145508,1.55,1.73,258.63,3.6,15.96
12/4/2019,1474.0,97.60199738,58.43000031,16.79700089,3112.76001,7252.034668,1.55,1.73,258.63,3.6,14.8
12/5/2019,1476.900024,97.3710022,58.43000031,16.94199944,3117.429932,7448.307617,1.55,1.73,258.63,3.6,14.52
12/6/2019,1459.099976,97.66100311,59.20000076,16.4810009,3145.909912,7546.996582,1.55,1.73,258.63,3.6,13.62
12/9/2019,1459.300049,97.60900116,59.02000046,16.53199959,3135.959961,7400.899414,1.55,1.73,258.63,3.6,15.86
12/10/2019,1462.599976,97.38500214,59.24000168,16.59600067,3132.52002,7278.119629,1.55,1.73,258.63,3.6,15.68
12/11/2019,1469.400024,97.05599976,58.75999832,16.74399948,3141.629883,7217.427246,1.55,1.73,258.63,3.6,14.99
12/12/2019,1466.699951,97.38400269,59.18000031,16.84499931,3168.570068,7243.134277,1.55,1.73,258.63,3.6,13.94
12/13/2019,1475.599976,97.17099762,60.06999969,16.91200066,3168.800049,7269.68457,1.55,1.73,258.63,3.6,12.63
12/16/2019,1475.0,96.96499634,60.20999908,17.0189991,3191.449951,6932.480469,1.55,1.73,258.63,3.6,12.14
12/17/2019,1474.599976,96.77700043,60.93999863,16.97800064,3192.52002,6640.515137,1.55,1.73,258.63,3.6,12.29
12/18/2019,1472.599976,96.96299744,60.93000031,16.95299911,3191.139893,7276.802734,1.55,1.73,258.63,3.6,12.58
12/19/2019,1478.199951,96.95500183,61.22000122,17.05800056,3205.370117,7202.844238,1.55,1.73,258.63,3.6,12.5
12/20/2019,1474.699951,97.27400208,60.43999863,17.12800026,3221.219971,7218.816406,1.55,1.73,258.63,3.6,12.51
12/23/2019,1482.5,97.23500061,60.52000046,17.40299988,3224.01001,7355.628418,1.55,1.73,258.63,3.6,12.61
12/24/2019,1499.099976,97.25099945,61.11000061,17.75699997,3223.379883,7322.532227,1.55,1.73,258.63,3.6,12.67
12/26/2019,1509.300049,97.11499786,61.68000031,17.8939991,3239.909912,7238.966797,1.55,1.73,258.63,3.6,12.65
12/27/2019,1513.800049,96.54599762,61.72000122,17.84900093,3240.02002,7290.088379,1.55,1.73,258.63,3.6,13.43
12/30/2019,1514.5,96.40699768,61.68000031,17.90800095,3221.290039,7292.995117,1.55,1.73,258.63,3.6,14.82
12/31/2019,1519.5,96.05799866,61.06000137,17.82799911,3230.780029,7193.599121,1.55,1.73,258.63,3.6,13.78
1/2/2020,1524.5,96.52500153,61.18000031,17.9659996,3257.850098,6985.470215,1.55,1.73,259.127,3.6,12.47
1/3/2020,1549.199951,96.52100372,63.04999924,18.06800079,3234.850098,7344.884277,1.55,1.73,259.127,3.6,14.02
1/6/2020,1566.199951,96.34999847,63.27000046,18.09700012,3246.280029,7769.219238,1.55,1.73,259.127,3.6,13.85
1/7/2020,1571.800049,96.70200348,62.70000076,18.31599998,3237.179932,8163.692383,1.55,1.73,259.127,3.6,13.79
1/8/2020,1557.400024,96.9960022,59.61000061,18.08799934,3253.050049,8079.862793,1.55,1.73,259.127,3.6,13.45
1/9/2020,1551.699951,97.16200256,59.56000137,17.86000061,3274.699951,7879.071289,1.55,1.73,259.127,3.6,12.54
1/10/2020,1557.5,97.07800293,59.04000092,18.03300095,3265.350098,8166.554199,1.55,1.73,259.127,3.6,12.56
1/13/2020,1548.400024,97.05999756,58.08000183,17.9260006,3288.129883,8144.194336,1.55,1.73,259.127,3.6,12.32
1/14/2020,1542.400024,97.09400177,58.22999954,17.67399979,3283.149902,8827.764648,1.55,1.73,259.127,3.6,12.39
1/15/2020,1552.099976,96.95999908,57.81000137,17.92300034,3289.290039,8807.010742,1.55,1.73,259.127,3.6,12.42
1/16/2020,1549.0,97.06199646,58.52000046,17.875,3316.810059,8723.786133,1.55,1.73,259.127,3.6,12.32
1/17/2020,1558.800049,97.35900116,58.54000092,18.01300049,3329.620117,8929.038086,1.55,1.73,259.127,3.6,12.1
1/21/2020,1556.400024,97.29399872,58.34000015,17.75099945,3320.790039,8745.894531,1.55,1.73,259.127,3.6,12.85
1/22/2020,1555.300049,97.29499817,56.74000168,17.77099991,3321.75,8680.875977,1.55,1.73,259.127,3.6,12.91
1/23/2020,1564.599976,97.48400116,55.59000015,17.77300072,3325.540039,8406.515625,1.55,1.73,259.127,3.6,12.98
1/24/2020,1571.099976,97.65000153,54.18999863,18.05699921,3295.469971,8445.43457,1.55,1.73,259.127,3.6,14.56
1/27/2020,1576.800049,97.76699829,53.13999939,18.0,3243.629883,8909.819336,1.55,1.73,259.127,3.6,18.23
1/28/2020,1569.199951,97.83499908,53.47999954,17.40200043,3276.23999,9358.589844,1.55,1.73,259.127,3.6,16.28
1/29/2020,1569.800049,97.81900024,53.33000183,17.43099976,3273.399902,9316.629883,1.55,1.73,259.127,3.6,16.39
1/30/2020,1583.5,97.70600128,52.13999939,17.95199966,3283.659912,9508.993164,1.55,1.73,259.127,3.6,15.49
1/31/2020,1582.900024,97.21299744,51.56000137,17.97200012,3225.52002,9350.529297,1.55,1.73,259.127,3.6,18.84
2/3/2020,1577.199951,97.625,50.11000061,17.63999939,3248.919922,9293.521484,1.58,1.73,259.25,3.5,17.97
2/4/2020,1550.400024,97.80899811,49.61000061,17.52799988,3297.590088,9180.962891,1.58,1.73,259.25,3.5,16.05
2/5/2020,1557.800049,98.15799713,50.75,17.56900024,3334.689941,9613.423828,1.58,1.73,259.25,3.5,15.15
2/6/2020,1565.099976,98.3809967,50.95000076,17.78899956,3345.780029,9729.801758,1.58,1.73,259.25,3.5,14.96
2/7/2020,1568.599976,98.57099915,50.31999969,17.66500092,3327.709961,9795.943359,1.58,1.73,259.25,3.5,15.47
2/10/2020,1574.699951,98.71399689,49.56999969,17.75799942,3352.090088,9856.611328,1.58,1.73,259.25,3.5,15.04
2/11/2020,1565.599976,98.59400177,49.93999863,17.57299995,3357.75,10208.23633,1.58,1.73,259.25,3.5,15.18
2/12/2020,1567.400024,98.92199707,51.16999817,17.47800064,3379.449951,10326.05469,1.58,1.73,259.25,3.5,13.74
2/13/2020,1575.099976,98.95800018,51.41999817,17.60000038,3373.939941,10214.37988,1.58,1.73,259.25,3.5,14.15
2/14/2020,1582.699951,99.00299835,52.04999924,17.71500015,3380.159912,10312.11621,1.58,1.73,259.25,3.5,13.68
2/18/2020,1600.0,99.33300018,52.04999924,18.13100052,3370.290039,10141.99609,1.58,1.73,259.25,3.5,14.83
2/19/2020,1607.5,99.59700012,53.29000092,18.29199982,3386.149902,9633.386719,1.58,1.73,259.25,3.5,14.38
2/20/2020,1616.599976,99.77600098,53.77999878,18.30900002,3373.22998,9608.475586,1.58,1.73,259.25,3.5,15.56
2/21/2020,1644.599976,99.18800354,53.38000107,18.52099991,3337.75,9686.441406,1.58,1.73,259.25,3.5,17.08
2/24/2020,1672.400024,99.28399658,51.43000031,18.86800003,3225.889893,9650.174805,1.58,1.73,259.25,3.5,25.03
2/25/2020,1646.900024,98.90100098,49.90000153,18.18300056,3128.209961,9341.705078,1.58,1.73,259.25,3.5,27.85
2/26/2020,1640.0,98.93800354,48.72999954,17.82600021,3116.389893,8820.522461,1.58,1.73,259.25,3.5,27.56
2/27/2020,1640.0,98.46099854,47.09000015,17.65800095,2978.76001,8784.494141,1.58,1.73,259.25,3.5,39.16
2/28/2020,1564.099976,98.08100128,44.75999832,16.38699913,2954.219971,8672.455078,1.58,1.73,259.25,3.5,40.11
3/2/2020,1592.300049,97.31900024,46.75,16.67900085,3090.22998,8869.669922,0.65,1.73,258.076,4.4,33.42
3/3/2020,1642.099976,97.12200165,47.18000031,17.12899971,3003.370117,8787.786133,0.65,1.73,258.076,4.4,36.82
3/4/2020,1641.099976,97.30699921,46.77999878,17.18700027,3130.120117,8755.246094,0.65,1.73,258.076,4.4,31.99
3/5/2020,1666.400024,96.79000092,45.90000153,17.34199905,3023.939941,9078.762695,0.65,1.73,258.076,4.4,39.62
3/6/2020,1670.800049,95.93399811,41.27999878,17.2140007,2972.370117,9122.545898,0.65,1.73,258.076,4.4,41.94
3/9/2020,1674.5,94.87000275,31.12999916,17.00099945,2746.560059,7923.644531,0.65,1.73,258.076,4.4,54.46
3/10/2020,1659.099976,96.38899994,34.36000061,16.90600014,2882.22998,7909.729492,0.65,1.73,258.076,4.4,47.3
3/11/2020,1641.400024,96.49199677,32.97999954,16.72900009,2741.379883,7911.430176,0.65,1.73,258.076,4.4,53.9
3/12/2020,1589.300049,97.46399689,31.5,15.96100044,2480.639893,4970.788086,0.65,1.73,258.076,4.4,75.47
3/13/2020,1515.699951,98.76399994,31.72999954,14.45600033,2711.02002,5563.707031,0.65,1.73,258.076,4.4,57.83
3/16/2020,1485.900024,98.23999786,28.70000076,12.77200031,2386.129883,5014.47998,0.65,1.73,258.076,4.4,82.69
3/17/2020,1524.900024,99.80400085,26.95000076,12.46899986,2529.189941,5225.629395,0.65,1.73,258.076,4.4,75.91
3/18/2020,1477.300049,101.5429993,20.37000084,11.73499966,2398.100098,5238.438477,0.65,1.73,258.076,4.4,76.45
3/19/2020,1478.599976,103.6050034,25.21999931,12.09700012,2409.389893,6191.192871,0.65,1.73,258.076,4.4,72.0
3/20/2020,1484.0,103.5019989,22.43000031,12.34899998,2304.919922,6198.77832,0.65,1.73,258.076,4.4,66.04
3/23/2020,1567.0,103.2399979,23.36000061,13.22500038,2237.399902,6416.314941,0.65,1.73,258.076,4.4,61.59
3/24/2020,1660.199951,102.2470016,24.01000023,14.22900009,2447.330078,6734.803711,0.65,1.73,258.076,4.4,61.67
3/25/2020,1632.300049,100.9970016,24.48999977,14.83699989,2475.560059,6681.062988,0.65,1.73,258.076,4.4,63.95
3/26/2020,1650.099976,99.45300293,22.60000038,14.64000034,2630.070068,6716.44043,0.65,1.73,258.076,4.4,61.0
3/27/2020,1623.900024,98.53700256,21.51000023,14.49800014,2541.469971,6469.79834,0.65,1.73,258.076,4.4,65.54
3/30/2020,1622.0,99.28099823,20.09000015,14.07400036,2626.649902,6429.841797,0.65,1.73,258.076,4.4,57.08
3/31/2020,1583.400024,99.09200287,20.47999954,14.09799957,2584.590088,6438.644531,0.65,1.73,258.076,4.4,53.54
4/1/2020,1578.199951,99.75299835,20.30999947,13.92599964,2470.5,6606.776367,0.05,0.62,256.032,14.8,57.06
4/2/2020,1625.699951,100.2710037,25.31999969,14.59599972,2526.899902,6793.624512,0.05,0.62,256.032,14.8,50.91
4/3/2020,1633.699951,100.677002,28.34000015,14.43599987,2488.649902,6733.387207,0.05,0.62,256.032,14.8,46.8
4/6/2020,1677.0,100.7549973,26.07999992,15.11100006,2663.679932,7271.78125,0.05,0.62,256.032,14.8,45.24
4/7/2020,1664.800049,99.91400146,23.62999916,15.42199993,2659.409912,7176.414551,0.05,0.62,256.032,14.8,46.7
4/8/2020,1665.400024,100.1699982,25.09000015,15.14700031,2749.97998,7334.098633,0.05,0.62,256.032,14.8,43.35
4/9/2020,1736.199951,99.5039978,22.76000023,15.99499989,2789.820068,7302.089355,0.05,0.62,256.032,14.8,41.67
4/13/2020,1744.800049,99.33599854,22.40999985,15.47900009,2761.629883,6845.037598,0.05,0.62,256.032,14.8,41.17
4/14/2020,1756.699951,98.88500214,20.11000061,16.0720005,2846.060059,6842.427734,0.05,0.62,256.032,14.8,37.76
4/15/2020,1727.199951,99.48600006,19.87000084,15.44699955,2783.360107,6642.109863,0.05,0.62,256.032,14.8,40.84
4/16/2020,1720.400024,100.0999985,19.87000084,15.56400013,2799.550049,7116.804199,0.05,0.62,256.032,14.8,40.11
4/17/2020,1689.199951,99.83599854,18.27000046,15.23700047,2874.560059,7096.18457,0.05,0.62,256.032,14.8,38.15
4/20/2020,1701.599976,100.0579987,-37.63000107,15.55599976,2823.159912,6881.958496,0.05,0.62,256.032,14.8,43.83
4/21/2020,1678.199951,100.3740005,10.01000023,14.81799984,2736.560059,6880.323242,0.05,0.62,256.032,14.8,45.41
4/22/2020,1728.699951,100.5279999,13.77999973,15.27700043,2799.310059,7117.20752,0.05,0.62,256.032,14.8,41.98
4/23/2020,1733.300049,100.5350037,16.5,15.34799957,2797.800049,7429.724609,0.05,0.62,256.032,14.8,41.38
4/24/2020,1723.5,100.4339981,16.94000053,15.25399971,2836.73999,7550.900879,0.05,0.62,256.032,14.8,35.93
4/27/2020,1711.900024,100.0970001,12.77999973,15.20100021,2878.47998,7795.601074,0.05,0.62,256.032,14.8,33.29
4/28/2020,1710.5,99.93399811,12.34000015,15.1619997,2863.389893,7807.058594,0.05,0.62,256.032,14.8,33.57
4/29/2020,1703.400024,99.64399719,15.06000042,15.15999985,2939.51001,8801.038086,0.05,0.62,256.032,14.8,31.23
4/30/2020,1684.199951,99.02799988,18.84000015,14.89799976,2912.429932,8658.553711,0.05,0.62,256.032,14.8,34.15
5/1/2020,1694.5,99.09999847,19.78000069,14.86299992,2830.709961,8864.766602,0.05,0.64,255.802,13.2,37.19
5/4/2020,1706.900024,99.56700134,20.38999939,14.72200012,2842.73999,8912.654297,0.05,0.64,255.802,13.2,35.97
5/5/2020,1704.400024,99.76200104,24.55999947,15.05700016,2868.439941,9003.070313,0.05,0.64,255.802,13.2,33.61
5/6/2020,1684.199951,100.1360016,23.98999977,14.98700047,2848.419922,9268.761719,0.05,0.64,255.802,13.2,34.12
5/7/2020,1721.800049,99.90599823,23.54999924,15.56200027,2881.189941,9951.518555,0.05,0.64,255.802,13.2,31.44
5/8/2020,1709.900024,99.76899719,24.73999977,15.73999977,2929.800049,9842.666016,0.05,0.64,255.802,13.2,27.98
5/11/2020,1695.300049,100.2699966,24.13999939,15.63599968,2930.189941,8601.795898,0.05,0.64,255.802,13.2,27.57
5/12/2020,1704.400024,99.95600128,25.78000069,15.68700027,2870.120117,8804.477539,0.05,0.64,255.802,13.2,33.04
5/13/2020,1713.900024,100.2910004,25.29000092,15.66300011,2820.0,9269.987305,0.05,0.64,255.802,13.2,35.28
5/14/2020,1738.099976,100.5070038,27.55999947,16.13599968,2852.5,9733.72168,0.05,0.64,255.802,13.2,32.61
5/15/2020,1753.400024,100.4339981,29.43000031,17.04599953,2863.699951,9328.197266,0.05,0.64,255.802,13.2,31.89
5/18/2020,1731.800049,99.68099976,31.81999969,17.4640007,2953.909912,9726.575195,0.05,0.64,255.802,13.2,29.3
5/19/2020,1744.199951,99.36599731,32.5,17.8920002,2922.939941,9729.038086,0.05,0.64,255.802,13.2,30.53
5/20/2020,1750.599976,99.13500214,33.49000168,18.00200081,2971.610107,9522.981445,0.05,0.64,255.802,13.2,27.99
5/21/2020,1720.5,99.40299988,33.91999817,17.33499908,2948.51001,9081.761719,0.05,0.64,255.802,13.2,29.53
5/22/2020,1734.599976,99.88800049,33.25,17.66399956,2955.449951,9182.577148,0.05,0.64,255.802,13.2,28.16
5/26/2020,1704.800049,98.90599823,34.34999847,17.56500053,2991.77002,8835.052734,0.05,0.64,255.802,13.2,28.01
5/27/2020,1710.300049,99.05799866,32.81000137,17.68600082,3036.129883,9181.017578,0.05,0.64,255.802,13.2,27.62
5/28/2020,1713.300049,98.37200165,33.70999908,17.89500046,3029.72998,9525.750977,0.05,0.64,255.802,13.2,28.59
5/29/2020,1736.900024,98.34100342,35.49000168,18.44000053,3044.310059,9439.124023,0.05,0.64,255.802,13.2,27.51
6/1/2020,1737.800049,97.81999969,35.43999863,18.76799965,3055.72998,10167.26855,0.08,0.66,257.042,11.0,28.23
6/2/2020,1725.199951,97.65899658,36.81000137,18.20700073,3080.820068,9529.803711,0.08,0.66,257.042,11.0,26.84
6/3/2020,1697.800049,97.25900269,37.29000092,17.92099953,3122.870117,9656.717773,0.08,0.66,257.042,11.0,25.66
6/4/2020,1718.900024,96.65699768,37.40999985,18.02400017,3112.350098,9800.636719,0.08,0.66,257.042,11.0,25.81
6/5/2020,1676.199951,96.92199707,39.54999924,17.44300079,3193.929932,9665.533203,0.08,0.66,257.042,11.0,24.52
6/8/2020,1698.300049,96.60800171,38.18999863,17.86800003,3232.389893,9771.489258,0.08,0.66,257.042,11.0,25.81
6/9/2020,1714.699951,96.32099915,38.93999863,17.77400017,3207.179932,9795.700195,0.08,0.66,257.042,11.0,27.57
6/10/2020,1713.300049,95.94999695,39.59999847,17.77599907,3190.139893,9870.094727,0.08,0.66,257.042,11.0,27.57
6/11/2020,1732.0,96.73899841,36.34000015,17.86899948,3002.100098,9321.78125,0.08,0.66,257.042,11.0,40.79
6/12/2020,1729.300049,97.30500031,36.25999832,17.46199989,3041.310059,9480.84375,0.08,0.66,257.042,11.0,36.09
6/15/2020,1720.300049,96.97799683,37.11999893,17.37899971,3066.590088,9450.702148,0.08,0.66,257.042,11.0,34.4
6/16/2020,1729.599976,96.93299866,38.38000107,17.63199997,3124.73999,9538.024414,0.08,0.66,257.042,11.0,33.67
6/17/2020,1729.199951,97.14399719,37.95999908,17.75699997,3113.48999,9480.254883,0.08,0.66,257.042,11.0,33.47
6/18/2020,1724.800049,97.40000153,38.84000015,17.49300003,3115.340088,9411.84082,0.08,0.66,257.042,11.0,32.94
6/19/2020,1745.900024,97.57700348,39.75,17.83200073,3097.73999,9288.018555,0.08,0.66,257.042,11.0,35.12
6/22/2020,1756.699951,96.98500061,40.45999908,17.88699913,3117.860107,9648.717773,0.08,0.66,257.042,11.0,31.77
6/23/2020,1772.099976,96.60800171,40.36999893,18.0510006,3131.290039,9629.658203,0.08,0.66,257.042,11.0,31.37
6/24/2020,1765.800049,97.1289978,38.00999832,17.65800095,3050.330078,9313.610352,0.08,0.66,257.042,11.0,33.84
6/25/2020,1762.099976,97.38800049,38.72000122,17.88299942,3083.76001,9264.813477,0.08,0.66,257.042,11.0,32.22
6/26/2020,1772.5,97.40399933,38.49000168,18.02300072,3009.050049,9162.917969,0.08,0.66,257.042,11.0,34.73
6/29/2020,1774.800049,97.50099945,39.70000076,17.97999954,3053.23999,9190.854492,0.08,0.66,257.042,11.0,31.78
6/30/2020,1793.0,97.34899902,39.27000046,18.54100037,3100.290039,9137.993164,0.08,0.66,257.042,11.0,30.43
7/1/2020,1773.199951,97.15499878,39.81999969,18.13299942,3115.860107,9228.325195,0.09,0.69,258.352,10.2,28.62
7/2/2020,1784.0,97.3010025,40.65000153,18.24399948,3130.01001,9123.410156,0.09,0.69,258.352,10.2,27.68
7/6/2020,1788.5,96.68199921,40.63000107,18.50399971,3179.719971,9375.474609,0.09,0.69,258.352,10.2,27.94
7/7/2020,1804.199951,96.83899689,40.61999893,18.62800026,3145.320068,9252.277344,0.09,0.69,258.352,10.2,29.43
7/8/2020,1815.5,96.36799622,40.90000153,19.08099937,3169.939941,9428.333008,0.09,0.69,258.352,10.2,28.08
7/9/2020,1799.199951,96.67299652,39.61999893,18.88199997,3152.050049,9277.967773,0.09,0.69,258.352,10.2,29.26
7/10/2020,1798.199951,96.61399841,40.54999924,18.9829998,3185.040039,9278.807617,0.09,0.69,258.352,10.2,27.29
7/13/2020,1811.0,96.40699768,40.09999847,19.70899963,3155.219971,9243.614258,0.09,0.69,258.352,10.2,32.19
7/14/2020,1810.599976,96.20700073,40.29000092,19.45100021,3197.52002,9243.213867,0.09,0.69,258.352,10.2,29.52
7/15/2020,1811.400024,96.03900146,41.20000076,19.68499947,3226.560059,9192.836914,0.09,0.69,258.352,10.2,27.76
7/16/2020,1798.699951,96.31900024,40.75,19.49699974,3215.570068,9132.227539,0.09,0.69,258.352,10.2,28.0
7/17/2020,1808.300049,95.88899994,40.59000015,19.68499947,3224.72998,9151.392578,0.09,0.69,258.352,10.2,25.68
7/20/2020,1815.900024,95.77200317,40.81000137,20.12400055,3251.840088,9164.231445,0.09,0.69,258.352,10.2,24.46
7/21/2020,1842.400024,95.05999756,41.95999908,21.49699974,3257.300049,9374.887695,0.09,0.69,258.352,10.2,24.84
7/22/2020,1864.099976,94.93000031,41.90000153,23.08300018,3276.02002,9525.363281,0.09,0.69,258.352,10.2,24.32
7/23/2020,1889.099976,94.64900208,41.06999969,22.94499969,3235.659912,9581.072266,0.09,0.69,258.352,10.2,26.08
7/24/2020,1897.300049,94.37999725,41.29000092,22.80800056,3215.629883,9536.892578,0.09,0.69,258.352,10.2,25.84
7/27/2020,1931.0,93.61499786,41.59999847,24.47599983,3239.409912,10990.87305,0.09,0.69,258.352,10.2,24.74
7/28/2020,1944.699951,93.64700317,41.04000092,24.26600075,3218.439941,10912.82324,0.09,0.69,258.352,10.2,25.44
7/29/2020,1953.5,93.43199921,41.27000046,24.29299927,3258.439941,11100.46777,0.09,0.69,258.352,10.2,24.1
7/30/2020,1942.300049,93.00900269,39.91999817,23.34000015,3246.219971,11111.21387,0.09,0.69,258.352,10.2,24.76
7/31/2020,1962.800049,93.32099915,40.27000046,24.18899918,3271.120117,11323.4668,0.09,0.69,258.352,10.2,24.46
8/3/2020,1966.0,93.50700378,41.00999832,24.38999939,3294.610107,11246.34863,0.1,0.69,259.316,8.4,24.28
8/4/2020,2001.199951,93.37799835,41.70000076,26.01199913,3306.51001,11205.89258,0.1,0.69,259.316,8.4,23.76
8/5/2020,2031.099976,92.84999847,42.18999863,26.87700081,3327.77002,11747.02246,0.1,0.69,259.316,8.4,22.99
8/6/2020,2051.5,92.76799774,41.95000076,28.38699913,3349.159912,11779.77344,0.1,0.69,259.316,8.4,22.65
8/7/2020,2010.099976,93.41200256,41.22000122,27.53300095,3351.280029,11601.47266,0.1,0.69,259.316,8.4,22.21
8/10/2020,2024.400024,93.56900024,41.93999863,29.24900055,3360.469971,11878.11133,0.1,0.69,259.316,8.4,22.13
8/11/2020,1932.599976,93.59999847,41.61000061,26.03700066,3333.689941,11410.52539,0.1,0.69,259.316,8.4,24.03
8/12/2020,1934.900024,93.40799713,42.66999817,25.95499992,3380.350098,11584.93457,0.1,0.69,259.316,8.4,22.28
8/13/2020,1956.699951,93.31700134,42.24000168,27.69400024,3373.429932,11784.1377,0.1,0.69,259.316,8.4,22.13
8/14/2020,1937.0,93.08499908,42.00999832,26.06500053,3372.850098,11768.87109,0.1,0.69,259.316,8.4,22.05
8/17/2020,1985.0,92.84700012,42.88999939,27.64299965,3381.98999,12254.40234,0.1,0.69,259.316,8.4,21.35
8/18/2020,1999.400024,92.25900269,42.88999939,28.04899979,3389.780029,11991.2334,0.1,0.69,259.316,8.4,21.51
8/19/2020,1958.699951,92.87999725,42.93000031,27.31500053,3374.850098,11758.2832,0.1,0.69,259.316,8.4,22.54
8/20/2020,1933.800049,92.77799988,42.58000183,27.12199974,3385.51001,11878.37207,0.1,0.69,259.316,8.4,22.72
8/21/2020,1934.599976,93.23999786,42.34000015,26.70700073,3397.159912,11592.48926,0.1,0.69,259.316,8.4,22.54
8/24/2020,1927.699951,93.28900146,42.61999893,26.58799934,3431.280029,11774.5957,0.1,0.69,259.316,8.4,22.37
8/25/2020,1911.800049,93.01899719,43.34999847,26.25399971,3443.620117,11366.13477,0.1,0.69,259.316,8.4,22.03
8/26/2020,1940.699951,92.9960022,43.38999939,27.43000031,3478.72998,11488.36328,0.1,0.69,259.316,8.4,23.27
8/27/2020,1921.599976,92.99099731,43.04000092,27.01000023,3484.550049,11323.39746,0.1,0.69,259.316,8.4,24.47
8/28/2020,1964.599976,92.3789978,42.97000122,27.61000061,3508.01001,11542.5,0.1,0.69,259.316,8.4,22.96
8/31/2020,1967.599976,92.1309967,42.61000061,28.43700027,3500.310059,11680.82031,0.1,0.69,259.316,8.4,26.41
9/1/2020,1968.199951,92.33699799,42.75999832,28.48600006,3526.649902,11970.47852,0.09,0.68,259.997,7.8,26.12
9/2/2020,1934.400024,92.83399963,41.50999832,27.24900055,3580.840088,11414.03418,0.09,0.68,259.997,7.8,26.57
9/3/2020,1927.599976,92.73300171,41.36999893,26.73500061,3455.060059,10245.29688,0.09,0.68,259.997,7.8,33.6
9/4/2020,1923.900024,92.71900177,39.77000046,26.57600021,3426.959961,10511.81348,0.09,0.68,259.997,7.8,30.75
9/8/2020,1933.0,93.44100189,36.75999832,26.86400032,3331.840088,10131.5166,0.09,0.68,259.997,7.8,31.46
9/9/2020,1944.699951,93.25800323,38.04999924,26.95499992,3398.959961,10242.34766,0.09,0.68,259.997,7.8,28.81
9/10/2020,1954.199951,93.33100128,37.29999924,27.16300011,3339.189941,10363.13867,0.09,0.68,259.997,7.8,29.71
9/11/2020,1937.800049,93.31999969,37.33000183,26.73900032,3340.969971,10400.91504,0.09,0.68,259.997,7.8,26.87
9/14/2020,1953.099976,92.91200256,37.25999832,27.22900009,3383.540039,10680.83789,0.09,0.68,259.997,7.8,25.85
9/15/2020,1956.300049,93.08499908,38.27999878,27.34600067,3401.199951,10796.95117,0.09,0.68,259.997,7.8,25.59
9/16/2020,1960.199951,93.23100281,40.15999985,27.35499954,3385.48999,10974.90527,0.09,0.68,259.997,7.8,26.04
9/17/2020,1940.0,92.96900177,40.97000122,26.98500061,3357.01001,10948.99023,0.09,0.68,259.997,7.8,26.46
9/18/2020,1952.099976,92.95200348,41.11000061,27.02799988,3319.469971,10944.58594,0.09,0.68,259.997,7.8,25.83
9/21/2020,1901.199951,93.68399811,39.31000137,24.29899979,3281.060059,10462.25977,0.09,0.68,259.997,7.8,27.78
9/22/2020,1898.599976,94.01799774,39.59999847,24.44199944,3315.570068,10538.45996,0.09,0.68,259.997,7.8,26.86
9/23/2020,1859.900024,94.44300079,39.93000031,23.01399994,3236.919922,10246.18652,0.09,0.68,259.997,7.8,28.58
9/24/2020,1868.300049,94.39399719,40.31000137,23.11800003,3246.590088,10760.06641,0.09,0.68,259.997,7.8,28.51
9/25/2020,1857.699951,94.68199921,40.25,23.0170002,3298.459961,10692.7168,0.09,0.68,259.997,7.8,26.38
9/28/2020,1872.800049,94.30200195,40.59999847,23.52799988,3351.600098,10709.65234,0.09,0.68,259.997,7.8,26.19
9/29/2020,1894.300049,93.92700195,39.29000092,24.37999916,3335.469971,10844.64063,0.09,0.68,259.997,7.8,26.27
9/30/2020,1887.5,93.92700195,40.22000122,23.43300056,3363.0,10784.49121,0.09,0.68,259.997,7.8,26.37
10/1/2020,1908.400024,93.76200104,38.72000122,24.19300079,3380.800049,10619.45215,0.09,0.68,260.319,6.9,26.7
10/2/2020,1900.199951,93.90899658,37.04999924,23.97100067,3348.419922,10575.97461,0.09,0.68,260.319,6.9,27.63
10/5/2020,1912.5,93.54499817,39.22000122,24.50200081,3408.600098,10793.33984,0.09,0.68,260.319,6.9,27.96
10/6/2020,1901.099976,93.7440033,40.66999817,23.87000084,3360.969971,10604.40625,0.09,0.68,260.319,6.9,29.48
10/7/2020,1883.599976,93.6780014,39.95000076,23.84799957,3419.439941,10668.96875,0.09,0.68,260.319,6.9,28.06
10/8/2020,1888.599976,93.64800262,41.18999863,23.83699989,3446.830078,10915.68555,0.09,0.68,260.319,6.9,26.36
10/9/2020,1919.5,93.06500244,40.59999847,25.06900024,3477.139893,11064.45801,0.09,0.68,260.319,6.9,25.0
10/12/2020,1922.5,93.10399628,39.43000031,25.22599983,3534.219971,11555.36328,0.09,0.68,260.319,6.9,25.07
10/13/2020,1888.5,93.53600311,40.20000076,24.08600044,3511.929932,11425.89941,0.09,0.68,260.319,6.9,26.07
10/14/2020,1901.300049,93.36599731,41.04000092,24.36400032,3488.669922,11429.50684,0.09,0.68,260.319,6.9,26.4
10/15/2020,1903.199951,93.86399841,40.95999908,24.19300079,3483.340088,11495.34961,0.09,0.68,260.319,6.9,26.97
10/16/2020,1900.800049,93.67900085,40.88000107,24.36899948,3483.810059,11322.12305,0.09,0.68,260.319,6.9,27.41
10/19/2020,1906.400024,93.42900085,40.83000183,24.65699959,3426.919922,11742.03711,0.09,0.68,260.319,6.9,29.18
10/20/2020,1910.400024,93.0510025,41.45999908,24.93700027,3443.120117,11916.33496,0.09,0.68,260.319,6.9,29.35
10/21/2020,1924.599976,92.59899902,40.02999878,25.1970005,3435.560059,12823.68945,0.09,0.68,260.319,6.9,28.65
10/22/2020,1901.099976,92.96399689,40.63999939,24.66500092,3453.48999,12965.8916,0.09,0.68,260.319,6.9,28.11
10/23/2020,1902.0,92.76499939,39.84999847,24.62700081,3465.389893,12931.53906,0.09,0.68,260.319,6.9,27.55
10/26/2020,1902.699951,93.04399872,38.56000137,24.37599945,3400.969971,13075.24805,0.09,0.68,260.319,6.9,32.46
10/27/2020,1908.800049,92.92700195,39.56999969,24.52599907,3390.679932,13654.21875,0.09,0.68,260.319,6.9,33.35
10/28/2020,1876.199951,93.40899658,37.38999939,23.3239994,3271.030029,13271.28516,0.09,0.68,260.319,6.9,40.28
10/29/2020,1865.599976,93.97699738,36.16999817,23.3390007,3310.110107,13437.88281,0.09,0.68,260.319,6.9,37.59
10/30/2020,1877.400024,94.04199982,35.79000092,23.61700058,3269.959961,13546.52246,0.09,0.68,260.319,6.9,38.02
11/2/2020,1890.400024,94.14499664,36.81000137,24.00600052,3310.23999,13550.48926,0.09,0.68,260.911,6.7,37.13
11/3/2020,1908.5,93.55999756,37.65999985,24.30500031,3369.159912,13950.30078,0.09,0.68,260.911,6.7,35.55
11/4/2020,1894.599976,93.41100311,39.15000153,23.86400032,3443.439941,14133.70703,0.09,0.68,260.911,6.7,29.57
11/5/2020,1945.300049,92.51599884,38.79000092,25.17099953,3510.449951,15579.84863,0.09,0.68,260.911,6.7,27.58
11/6/2020,1950.300049,92.22499847,37.13999939,25.64599991,3509.439941,15565.88086,0.09,0.68,260.911,6.7,24.86
11/9/2020,1853.199951,92.71499634,40.29000092,23.68499947,3550.5,15332.31543,0.09,0.68,260.911,6.7,25.75
11/10/2020,1875.400024,92.73600006,41.36000061,24.44599915,3545.530029,15290.90234,0.09,0.68,260.911,6.7,24.8
11/11/2020,1860.699951,93.02400208,41.45000076,24.25099945,3572.659912,15701.33984,0.09,0.68,260.911,6.7,23.45
11/12/2020,1872.599976,92.95600128,41.11999893,24.29000092,3537.01001,16276.34375,0.09,0.68,260.911,6.7,25.35
11/13/2020,1885.699951,92.75,40.13000107,24.75900078,3585.149902,16317.80859,0.09,0.68,260.911,6.7,23.1
11/16/2020,1887.300049,92.62999725,41.34000015,24.7859993,3626.909912,16716.11133,0.09,0.68,260.911,6.7,22.45
11/17/2020,1884.5,92.39800262,41.43000031,24.63500023,3609.530029,17645.40625,0.09,0.68,260.911,6.7,22.71
11/18/2020,1873.5,92.31099701,41.81999969,24.43300056,3567.790039,17804.00586,0.09,0.68,260.911,6.7,23.84
11/19/2020,1861.099976,92.28399658,41.74000168,24.03300095,3581.870117,17817.08984,0.09,0.68,260.911,6.7,23.11
11/20/2020,1872.599976,92.39499664,42.15000153,24.34799957,3557.540039,18621.31445,0.09,0.68,260.911,6.7,23.7
11/23/2020,1837.800049,92.4940033,43.06000137,23.62400055,3577.590088,18364.12109,0.09,0.68,260.911,6.7,22.66
11/24/2020,1804.800049,92.22000122,44.90999985,23.29199982,3635.409912,19107.46484,0.09,0.68,260.911,6.7,21.64
11/25/2020,1805.699951,91.96600342,45.70999908,23.3560009,3629.649902,18732.12109,0.09,0.68,260.911,6.7,21.25
11/27/2020,1781.900024,91.8010025,45.52999878,22.5529995,3638.350098,17108.40234,0.09,0.68,260.911,6.7,20.84
11/30/2020,1775.699951,91.85800171,45.34000015,22.5340004,3621.629883,19625.83594,0.09,0.68,260.911,6.7,20.57
12/1/2020,1814.099976,91.29699707,44.54999924,24.03300095,3662.449951,18802.99805,0.09,0.92,262.045,6.7,20.77
12/2/2020,1825.699951,91.11499786,45.27999878,24.02499962,3669.01001,19201.0918,0.09,0.92,262.045,6.7,21.17
12/3/2020,1836.800049,90.71800232,45.63999939,24.08699989,3666.719971,19445.39844,0.09,0.92,262.045,6.7,21.28
12/4/2020,1835.900024,90.69400024,46.25999832,24.20299911,3699.120117,18699.76563,0.09,0.92,262.045,6.7,20.79
12/7/2020,1861.800049,90.78900146,45.75999832,24.74099922,3691.959961,19191.63086,0.09,0.92,262.045,6.7,21.3
12/8/2020,1870.800049,90.96800232,45.59999847,24.68400002,3702.25,18321.14453,0.09,0.92,262.045,6.7,20.68
12/9/2020,1834.599976,91.08300018,45.52000046,23.93000031,3672.820068,18553.91602,0.09,0.92,262.045,6.7,22.27
12/10/2020,1833.599976,90.81999969,46.77999878,24.03100014,3668.100098,18264.99219,0.09,0.92,262.045,6.7,22.52
12/11/2020,1839.800049,90.97000122,46.56999969,24.03199959,3663.459961,18058.9043,0.09,0.92,262.045,6.7,23.31
12/14/2020,1828.699951,90.73100281,46.99000168,23.98500061,3647.48999,19246.64453,0.09,0.92,262.045,6.7,24.72
12/15/2020,1852.300049,90.40899658,47.61999893,24.58099937,3694.620117,19417.07617,0.09,0.92,262.045,6.7,22.89
12/16/2020,1856.099976,90.35900116,47.81999969,24.98500061,3701.169922,21310.59766,0.09,0.92,262.045,6.7,22.5
12/17/2020,1887.199951,89.74099731,48.36000061,26.10000038,3722.47998,22805.16211,0.09,0.92,262.045,6.7,21.93
12/18/2020,1885.699951,89.95300293,49.09999847,25.9489994,3709.409912,23137.96094,0.09,0.92,262.045,6.7,21.57
12/21/2020,1879.199951,89.9489975,47.74000168,26.27799988,3694.919922,22803.08203,0.09,0.92,262.045,6.7,25.16
12/22/2020,1866.599976,90.54599762,47.02000046,25.43400002,3687.26001,23783.0293,0.09,0.92,262.045,6.7,24.23
12/23/2020,1874.699951,90.33999634,48.11999893,25.8239994,3690.01001,23241.3457,0.09,0.92,262.045,6.7,23.31
12/24/2020,1879.900024,90.25,48.22999954,25.81100082,3703.060059,23735.94922,0.09,0.92,262.045,6.7,21.53
12/28/2020,1877.199951,90.27500153,47.61999893,26.45999908,3735.360107,27084.80859,0.09,0.92,262.045,6.7,21.7
12/29/2020,1879.699951,89.91799927,48.0,26.13800049,3727.040039,27362.4375,0.09,0.92,262.045,6.7,23.08
12/30/2020,1891.0,89.64900208,48.40000153,26.48800087,3732.040039,28840.95313,0.09,0.92,262.045,6.7,22.77
12/31/2020,1893.099976,89.89399719,48.52000046,26.33200073,3756.070068,29001.7207,0.09,0.92,262.045,6.7,22.75
1/4/2021,1944.699951,89.84500122,47.61999893,27.2840004,3700.649902,31971.91406,0.09,0.92,262.639,6.4,26.97
1/5/2021,1952.699951,89.40899658,49.93000031,27.57099915,3726.860107,33992.42969,0.09,0.92,262.639,6.4,25.34
1/6/2021,1906.900024,89.5019989,50.63000107,26.97299957,3748.139893,36824.36328,0.09,0.92,262.639,6.4,25.07
1/7/2021,1912.300049,89.79100037,50.83000183,27.20000076,3803.790039,39371.04297,0.09,0.92,262.639,6.4,22.37
1/8/2021,1834.099976,90.06800079,52.24000168,24.58200073,3824.679932,40797.60938,0.09,0.92,262.639,6.4,21.56
1/11/2021,1849.599976,90.44200134,52.25,25.23900032,3799.610107,35566.65625,0.09,0.92,262.639,6.4,24.08
1/12/2021,1842.900024,90.06400299,53.20999908,25.38400078,3801.189941,33922.96094,0.09,0.92,262.639,6.4,23.33
1/13/2021,1853.599976,90.33399963,52.90999985,25.52000046,3809.840088,37316.35938,0.09,0.92,262.639,6.4,22.21
1/14/2021,1850.300049,90.21499634,53.56999969,25.74600029,3795.540039,39187.32813,0.09,0.92,262.639,6.4,23.25
1/15/2021,1829.300049,90.7539978,52.36000061,24.82500076,3768.25,36825.36719,0.09,0.92,262.639,6.4,24.34
1/19/2021,1839.5,90.47599792,52.97999954,25.27899933,3798.909912,36069.80469,0.09,0.92,262.639,6.4,23.24
1/20/2021,1865.900024,90.46900177,53.24000168,25.73399925,3851.850098,35547.75,0.09,0.92,262.639,6.4,21.58
1/21/2021,1865.300049,90.1269989,53.13000107,25.8220005,3853.070068,30825.69922,0.09,0.92,262.639,6.4,21.32
1/22/2021,1855.699951,90.21199799,52.27000046,25.52400017,3841.469971,33005.76172,0.09,0.92,262.639,6.4,21.91
1/25/2021,1854.900024,90.3730011,52.77000046,25.45499992,3855.360107,32366.39258,0.09,0.92,262.639,6.4,23.19
1/26/2021,1850.699951,90.14800262,52.61000061,25.52899933,3849.620117,32569.84961,0.09,0.92,262.639,6.4,23.02
1/27/2021,1844.900024,90.63999939,52.84999847,25.37599945,3750.77002,30432.54688,0.09,0.92,262.639,6.4,37.21
1/28/2021,1837.900024,90.42700195,52.34000015,25.9090004,3787.379883,33466.09766,0.09,0.92,262.639,6.4,30.21
1/29/2021,1847.300049,90.56900024,52.20000076,26.89999962,3714.23999,34316.38672,0.09,0.92,262.639,6.4,33.09
2/1/2021,1860.800049,90.97499847,53.54999924,29.39800072,3773.860107,33537.17578,0.08,1.09,263.573,6.2,30.24
2/2/2021,1830.5,91.18900299,54.75999832,26.38400078,3826.310059,35510.28906,0.08,1.09,263.573,6.2,25.56
2/3/2021,1832.199951,91.14800262,55.68999863,26.87800026,3830.169922,37472.08984,0.08,1.09,263.573,6.2,22.91
2/4/2021,1788.900024,91.51999664,56.22999954,26.22299957,3871.73999,36926.06641,0.08,1.09,263.573,6.2,21.77
2/5/2021,1810.900024,91.03199768,56.84999847,27.01399994,3886.830078,38144.30859,0.08,1.09,263.573,6.2,20.87
2/8/2021,1831.900024,90.91899872,57.97000122,27.56999969,3915.590088,46196.46484,0.08,1.09,263.573,6.2,21.24
2/9/2021,1835.300049,90.42900085,58.36000061,27.39599991,3911.22998,46481.10547,0.08,1.09,263.573,6.2,21.63
2/10/2021,1840.599976,90.36299896,58.68000031,27.0739994,3909.879883,44918.18359,0.08,1.09,263.573,6.2,21.99
2/11/2021,1824.900024,90.41300201,58.24000168,27.04199982,3916.379883,47909.33203,0.08,1.09,263.573,6.2,21.25
2/12/2021,1821.599976,90.47000122,59.47000122,27.32299995,3934.830078,47504.85156,0.08,1.09,263.573,6.2,19.97
2/16/2021,1797.199951,90.50299835,60.04999924,27.31900024,3932.590088,49199.87109,0.08,1.09,263.573,6.2,21.46
2/17/2021,1771.099976,90.9489975,61.13999939,27.31399918,3931.330078,52149.00781,0.08,1.09,263.573,6.2,21.5
2/18/2021,1773.400024,90.59999847,60.52000046,27.07699966,3913.969971,51679.79688,0.08,1.09,263.573,6.2,22.49
2/19/2021,1775.800049,90.36299896,59.24000168,27.25200081,3906.709961,55888.13281,0.08,1.09,263.573,6.2,22.05
2/22/2021,1806.699951,89.99900055,61.49000168,28.08300018,3876.5,54207.32031,0.08,1.09,263.573,6.2,23.45
2/23/2021,1804.400024,90.16699982,61.66999817,27.68600082,3881.370117,48824.42578,0.08,1.09,263.573,6.2,23.11
2/24/2021,1796.400024,90.16999817,63.22000122,27.85700035,3925.429932,49705.33203,0.08,1.09,263.573,6.2,21.34
2/25/2021,1774.400024,90.13500214,63.52999878,27.63699913,3829.340088,47093.85156,0.08,1.09,263.573,6.2,28.89
2/26/2021,1728.099976,90.88200378,61.5,26.40200043,3811.149902,46339.76172,0.08,1.09,263.573,6.2,27.95
3/1/2021,1722.5,91.03600311,60.63999939,26.64699936,3901.820068,49631.24219,0.07,1.45,264.847,6.1,23.35
3/2/2021,1733.099976,90.79000092,59.75,26.85000038,3870.290039,48378.98828,0.07,1.45,264.847,6.1,24.1
3/3/2021,1715.300049,90.94200134,61.27999878,26.35700035,3819.719971,50538.24219,0.07,1.45,264.847,6.1,26.67
3/4/2021,1700.199951,91.64399719,63.83000183,25.43400002,3768.469971,48561.16797,0.07,1.45,264.847,6.1,28.57
3/5/2021,1698.0,91.98999786,66.08999634,25.25699997,3841.939941,48927.30469,0.07,1.45,264.847,6.1,24.66
3/8/2021,1677.699951,92.33399963,65.05000305,25.23999977,3821.350098,52246.52344,0.07,1.45,264.847,6.1,25.47
3/9/2021,1716.599976,91.96399689,64.01000214,26.14800072,3875.439941,54824.11719,0.07,1.45,264.847,6.1,24.03
3/10/2021,1721.5,91.82800293,64.44000244,26.10199928,3898.810059,56008.55078,0.07,1.45,264.847,6.1,22.56
3/11/2021,1722.300049,91.41799927,66.01999664,26.16200066,3939.340088,57805.12109,0.07,1.45,264.847,6.1,21.91
3/12/2021,1719.5,91.6780014,65.61000061,25.87999916,3943.340088,57332.08984,0.07,1.45,264.847,6.1,20.69
3/15/2021,1728.900024,91.85199738,65.38999939,26.25300026,3968.939941,55907.19922,0.07,1.45,264.847,6.1,20.03
3/16/2021,1730.599976,91.87999725,64.80000305,25.97400093,3962.709961,56804.90234,0.07,1.45,264.847,6.1,19.79
3/17/2021,1726.800049,91.43499756,64.59999847,26.03000069,3974.120117,58870.89453,0.07,1.45,264.847,6.1,19.23
3/18/2021,1732.199951,91.87000275,60.0,26.32099915,3915.459961,57858.92188,0.07,1.45,264.847,6.1,21.58
3/19/2021,1741.400024,91.92500305,61.41999817,26.29199982,3913.100098,58346.65234,0.07,1.45,264.847,6.1,20.95
3/22/2021,1737.800049,91.74099731,61.54999924,25.74099922,3940.590088,54529.14453,0.07,1.45,264.847,6.1,18.88
3/23/2021,1724.699951,92.34700012,57.75999832,25.20000076,3910.52002,54738.94531,0.07,1.45,264.847,6.1,20.3
3/24/2021,1732.900024,92.52999878,61.18000031,25.20100021,3889.139893,52774.26563,0.07,1.45,264.847,6.1,21.2
3/25/2021,1724.900024,92.8259964,58.56000137,25.02199936,3909.52002,51704.16016,0.07,1.45,264.847,6.1,19.81
3/26/2021,1732.199951,92.77500153,60.97000122,25.09199905,3974.540039,55137.3125,0.07,1.45,264.847,6.1,18.86
3/29/2021,1712.099976,92.95600128,61.56000137,24.74699974,3971.090088,57750.19922,0.07,1.45,264.847,6.1,20.74
3/30/2021,1683.900024,93.32099915,60.54999924,24.12100029,3958.550049,58917.69141,0.07,1.45,264.847,6.1,19.61
3/31/2021,1713.800049,93.23600006,59.15999985,24.5170002,3972.889893,58918.83203,0.07,1.45,264.847,6.1,19.4
4/1/2021,1726.5,92.9469986,61.45000076,24.93499947,4019.870117,59095.80859,0.07,1.69,266.625,6.1,17.33
4/5/2021,1727.0,93.0510025,58.65000153,24.76300049,4077.909912,59057.87891,0.07,1.69,266.625,6.1,17.91
4/6/2021,1741.5,92.34799957,59.33000183,25.21199989,4073.939941,58192.35938,0.07,1.69,266.625,6.1,18.12
4/7/2021,1740.099976,92.47200012,59.77000046,25.2329998,4079.949951,56048.9375,0.07,1.69,266.625,6.1,17.16
4/8/2021,1756.800049,92.06900024,59.59999847,25.56900024,4097.169922,58323.95313,0.07,1.69,266.625,6.1,16.95
4/9/2021,1743.300049,92.16000366,59.31999969,25.31100082,4128.799805,58245.00391,0.07,1.69,266.625,6.1,16.69
4/12/2021,1731.199951,92.14399719,59.70000076,24.85300064,4127.990234,59893.45313,0.07,1.69,266.625,6.1,16.91
4/13/2021,1746.199951,91.84400177,60.18000031,25.41699982,4141.589844,63503.45703,0.07,1.69,266.625,6.1,16.65
4/14/2021,1734.900024,91.6740036,63.15000153,25.51499939,4124.660156,63109.69531,0.07,1.69,266.625,6.1,16.99
4/15/2021,1765.400024,91.61799622,63.45999908,25.95599937,4170.419922,63314.01172,0.07,1.69,266.625,6.1,16.57
4/16/2021,1779.0,91.54399872,63.13000107,26.09900093,4185.470215,61572.78906,0.07,1.69,266.625,6.1,16.25
4/19/2021,1769.400024,91.05000305,63.38000107,25.83099937,4163.259766,55724.26563,0.07,1.69,266.625,6.1,17.29
4/20/2021,1777.300049,91.22699738,62.43999863,25.83499908,4134.939941,56473.03125,0.07,1.69,266.625,6.1,18.68
4/21/2021,1792.300049,91.1289978,61.34999847,26.56500053,4173.419922,53906.08984,0.07,1.69,266.625,6.1,17.5
4/22/2021,1781.199951,91.32099915,61.43000031,26.17399979,4134.97998,51762.27344,0.07,1.69,266.625,6.1,18.71
4/23/2021,1777.0,90.83899689,62.13999939,26.07699966,4180.169922,51093.65234,0.07,1.69,266.625,6.1,17.33
4/26/2021,1779.199951,90.77999878,61.90999985,26.21100044,4187.620117,54021.75391,0.07,1.69,266.625,6.1,17.64
4/27/2021,1778.0,90.89199829,62.93999863,26.41200066,4186.720215,55033.11719,0.07,1.69,266.625,6.1,17.56
4/28/2021,1773.199951,90.59300232,63.86000061,26.08099937,4183.180176,54824.70313,0.07,1.69,266.625,6.1,17.28
4/29/2021,1768.099976,90.59300232,65.01000214,26.0529995,4211.470215,53555.10938,0.07,1.69,266.625,6.1,17.61
4/30/2021,1767.300049,91.26999664,63.58000183,25.85300064,4181.169922,57750.17578,0.07,1.69,266.625,6.1,18.61
5/3/2021,1791.400024,90.92700195,64.48999786,26.94300079,4192.660156,57200.29297,0.06,1.69,268.404,5.8,18.31
5/4/2021,1775.800049,91.27500153,65.69000244,26.53899956,4164.660156,53333.53906,0.06,1.69,268.404,5.8,19.48
5/5/2021,1784.099976,91.29299927,65.62999725,26.50200081,4167.589844,57424.00781,0.06,1.69,268.404,5.8,19.15
5/6/2021,1815.5,90.93599701,64.70999908,27.46199989,4201.620117,56396.51563,0.06,1.69,268.404,5.8,18.39
5/7/2021,1831.099976,90.21600342,64.90000153,27.46199989,4232.600098,57356.40234,0.06,1.69,268.404,5.8,16.69
5/10/2021,1837.5,90.18499756,64.91999817,27.47900009,4188.430176,55859.79688,0.06,1.69,268.404,5.8,19.66
5/11/2021,1835.900024,90.12400055,65.27999878,27.65699959,4152.100098,56704.57422,0.06,1.69,268.404,5.8,21.84
5/12/2021,1822.599976,90.68599701,66.08000183,27.2310009,4063.040039,49150.53516,0.06,1.69,268.404,5.8,27.59
5/13/2021,1823.800049,90.73500061,63.81999969,27.04400063,4112.5,49716.19141,0.06,1.69,268.404,5.8,23.13
5/14/2021,1837.900024,90.31800079,65.37000275,27.35300064,4173.850098,49880.53516,0.06,1.69,268.404,5.8,18.81
5/17/2021,1867.5,90.14199829,66.26999664,28.26000023,4163.290039,43537.51172,0.06,1.69,268.404,5.8,19.72
5/18/2021,1867.800049,89.73400116,65.48999786,28.31399918,4127.830078,42909.40234,0.06,1.69,268.404,5.8,21.34
5/19/2021,1881.300049,90.19100189,63.36000061,28.00799942,4115.680176,37002.44141,0.06,1.69,268.404,5.8,22.18
5/20/2021,1881.800049,89.79499817,62.04999924,28.05200005,4159.120117,40782.73828,0.06,1.69,268.404,5.8,20.67
5/21/2021,1876.699951,90.00499725,63.58000183,27.47299957,4155.859863,37304.69141,0.06,1.69,268.404,5.8,20.15
5/24/2021,1884.599976,89.83799744,66.05000305,27.88699913,4197.049805,38705.98047,0.06,1.69,268.404,5.8,18.4
5/25/2021,1898.099976,89.62799835,66.06999969,28.03700066,4188.129883,38402.22266,0.06,1.69,268.404,5.8,18.84
5/26/2021,1901.300049,90.02999878,66.20999908,27.85300064,4195.990234,39294.19922,0.06,1.69,268.404,5.8,17.36
5/27/2021,1895.699951,89.95899963,66.84999847,27.91900063,4200.879883,38436.96875,0.06,1.69,268.404,5.8,16.74
5/28/2021,1902.5,89.99299622,66.31999969,27.99300003,4204.109863,35697.60547,0.06,1.69,268.404,5.8,16.76
6/1/2021,1902.900024,89.81900024,67.72000122,28.08300018,4202.040039,36684.92578,0.08,1.62,270.71,5.9,17.9
6/2/2021,1907.5,89.90100098,68.83000183,28.18600082,4208.120117,37575.17969,0.08,1.62,270.71,5.9,17.48
6/3/2021,1871.199951,90.50099945,68.80999756,27.45999908,4192.850098,39208.76563,0.08,1.62,270.71,5.9,18.04
6/4/2021,1889.800049,90.13300323,69.62000275,27.87899971,4229.890137,36894.40625,0.08,1.62,270.71,5.9,16.42
6/7/2021,1896.800049,89.94599915,69.23000336,28.00099945,4226.52002,33560.70703,0.08,1.62,270.71,5.9,16.42
6/8/2021,1892.199951,90.0759964,70.05000305,27.71500015,4227.259766,33472.63281,0.08,1.62,270.71,5.9,17.07
6/9/2021,1893.199951,90.1210022,69.95999908,27.98500061,4219.549805,37345.12109,0.08,1.62,270.71,5.9,17.89
6/10/2021,1894.199951,90.07800293,70.29000092,28.01499939,4239.180176,36702.59766,0.08,1.62,270.71,5.9,16.1
6/11/2021,1877.400024,90.55000305,70.91000366,28.13100052,4247.439941,37334.39844,0.08,1.62,270.71,5.9,15.65
6/14/2021,1864.0,90.47499847,70.87999725,28.02400017,4255.149902,40218.47656,0.08,1.62,270.71,5.9,16.39
6/15/2021,1854.5,90.5019989,72.12000275,27.67900085,4246.589844,40406.26953,0.08,1.62,270.71,5.9,17.02
6/16/2021,1859.5,91.20800018,72.15000153,27.79999924,4223.700195,38347.0625,0.08,1.62,270.71,5.9,18.15
6/17/2021,1773.800049,91.8730011,71.04000092,25.84399986,4221.859863,38053.50391,0.08,1.62,270.71,5.9,17.75
6/18/2021,1767.900024,92.20899963,71.63999939,25.95800018,4166.450195,35787.24609,0.08,1.62,270.71,5.9,20.7
6/21/2021,1781.800049,91.8809967,73.66000366,26.01499939,4224.790039,31676.69336,0.08,1.62,270.71,5.9,17.89
6/22/2021,1776.300049,91.75099945,73.05999756,25.84799957,4246.439941,32505.66016,0.08,1.62,270.71,5.9,16.66
6/23/2021,1782.300049,91.78500366,73.08000183,26.1079998,4241.839844,33723.02734,0.08,1.62,270.71,5.9,16.32
6/24/2021,1775.599976,91.79499817,73.30000305,26.04700089,4266.490234,34662.4375,0.08,1.62,270.71,5.9,15.97
6/25/2021,1776.599976,91.84400177,74.05000305,26.08200073,4280.700195,31637.7793,0.08,1.62,270.71,5.9,15.62
6/28/2021,1779.599976,91.87599945,72.91000366,26.21800041,4290.609863,34434.33594,0.08,1.62,270.71,5.9,15.76
6/29/2021,1762.800049,92.04100037,72.98000336,25.87199974,4291.799805,35867.77734,0.08,1.62,270.71,5.9,16.02
6/30/2021,1770.800049,92.43099976,73.47000122,26.16500092,4297.5,35040.83594,0.08,1.62,270.71,5.9,15.83
7/1/2021,1775.900024,92.59400177,75.23000336,26.07500076,4319.939941,33572.11719,0.1,1.48,271.965,5.4,15.48
7/2/2021,1782.599976,92.41300201,75.16000366,26.4810009,4352.339844,33897.04688,0.1,1.48,271.965,5.4,15.07
7/6/2021,1793.5,92.54299927,73.37000275,26.15399933,4343.540039,34235.19531,0.1,1.48,271.965,5.4,16.44
7/7/2021,1801.5,92.64499664,72.19999695,26.11000061,4358.129883,33855.32813,0.1,1.48,271.965,5.4,16.2
7/8/2021,1799.599976,92.40599823,72.94000244,25.96699905,4320.819824,32877.37109,0.1,1.48,271.965,5.4,19.0
7/9/2021,1810.0,92.11599731,74.55999756,26.21100044,4369.549805,33798.01172,0.1,1.48,271.965,5.4,16.18
7/12/2021,1805.5,92.2559967,74.09999847,26.21699905,4384.629883,33155.84766,0.1,1.48,271.965,5.4,16.17
7/13/2021,1809.400024,92.75900269,75.25,26.11499977,4369.209961,32702.02539,0.1,1.48,271.965,5.4,17.12
7/14/2021,1824.300049,92.40499878,73.12999725,26.24600029,4374.299805,32822.34766,0.1,1.48,271.965,5.4,16.33
7/15/2021,1828.400024,92.6309967,71.65000153,26.375,4360.029785,31780.73047,0.1,1.48,271.965,5.4,17.01
7/16/2021,1814.5,92.68699646,71.80999756,25.77700043,4327.160156,31421.53906,0.1,1.48,271.965,5.4,18.45
7/19/2021,1808.699951,92.90000153,66.41999817,25.12599945,4258.490234,30817.83203,0.1,1.48,271.965,5.4,22.5
7/20/2021,1810.900024,92.97899628,67.41999817,24.97699928,4323.060059,29807.34766,0.1,1.48,271.965,5.4,19.73
7/21/2021,1802.900024,92.75900269,70.30000305,25.23800087,4358.689941,32110.69336,0.1,1.48,271.965,5.4,17.91
7/22/2021,1805.0,92.83000183,71.91000366,25.36499977,4367.47998,32313.10547,0.1,1.48,271.965,5.4,17.69
7/23/2021,1801.400024,92.9280014,72.06999969,25.21800041,4411.790039,33581.55078,0.1,1.48,271.965,5.4,17.2
7/26/2021,1798.699951,92.65100098,71.91000366,25.29500008,4422.299805,37337.53516,0.1,1.48,271.965,5.4,17.58
7/27/2021,1799.5,92.43599701,71.65000153,24.63199997,4401.459961,39406.94141,0.1,1.48,271.965,5.4,19.36
7/28/2021,1799.5,92.31700134,72.38999939,24.8560009,4400.640137,39995.90625,0.1,1.48,271.965,5.4,18.31
7/29/2021,1831.199951,91.8710022,73.62000275,25.76399994,4419.149902,40008.42188,0.1,1.48,271.965,5.4,17.7
7/30/2021,1812.599976,92.18800354,73.94999695,25.52799988,4395.259766,42235.54688,0.1,1.48,271.965,5.4,18.24
8/2/2021,1818.099976,92.06500244,71.26000214,25.55699921,4387.160156,39201.94531,0.09,1.48,272.752,5.1,19.46
8/3/2021,1810.099976,92.08799744,70.55999756,25.56599998,4423.149902,38152.98047,0.09,1.48,272.752,5.1,18.04
8/4/2021,1810.5,92.27400208,68.15000153,25.44599915,4402.660156,39747.50391,0.09,1.48,272.752,5.1,17.97
8/5/2021,1805.099976,92.2519989,69.08999634,25.27700043,4429.100098,40869.55469,0.09,1.48,272.752,5.1,17.28
8/6/2021,1760.0,92.80000305,68.27999878,24.31200027,4436.52002,42816.5,0.09,1.48,272.752,5.1,16.15
8/9/2021,1723.400024,92.93800354,66.48000336,23.25499916,4432.350098,46365.40234,0.09,1.48,272.752,5.1,16.72
8/10/2021,1728.800049,93.05500031,68.29000092,23.37700081,4436.75,45585.03125,0.09,1.48,272.752,5.1,16.79
8/11/2021,1750.400024,92.91799927,69.25,23.47400093,4442.410156,45593.63672,0.09,1.48,272.752,5.1,16.06
8/12/2021,1749.0,93.03800201,69.08999634,23.10499954,4460.830078,44428.28906,0.09,1.48,272.752,5.1,15.59
8/13/2021,1775.199951,92.51200104,68.44000244,23.76799965,4468.0,47793.32031,0.09,1.48,272.752,5.1,15.45
8/16/2021,1786.900024,92.6190033,67.29000092,23.78000069,4479.709961,46004.48438,0.09,1.48,272.752,5.1,16.12
8/17/2021,1785.0,93.14499664,66.58999634,23.64800072,4448.080078,44695.35938,0.09,1.48,272.752,5.1,17.91
8/18/2021,1781.599976,93.14399719,65.45999908,23.41200066,4400.27002,44801.1875,0.09,1.48,272.752,5.1,21.57
8/19/2021,1780.199951,93.58799744,63.68999863,23.21999931,4405.799805,46717.57813,0.09,1.48,272.752,5.1,21.67
8/20/2021,1781.0,93.50800323,62.31999969,23.10499954,4441.669922,49339.17578,0.09,1.48,272.752,5.1,18.56
8/23/2021,1803.199951,92.97100067,65.63999939,23.64900017,4479.529785,49546.14844,0.09,1.48,272.752,5.1,17.15
8/24/2021,1805.599976,92.90100098,67.54000092,23.88999939,4486.22998,47706.11719,0.09,1.48,272.752,5.1,17.22
8/25/2021,1788.199951,92.83200073,68.36000061,23.77099991,4496.189941,48960.78906,0.09,1.48,272.752,5.1,16.79
8/26/2021,1792.199951,93.07800293,67.41999817,23.54599953,4470.0,46942.21875,0.09,1.48,272.752,5.1,18.84
8/27/2021,1816.599976,92.69400024,68.73999786,24.05999947,4509.370117,49058.66797,0.09,1.48,272.752,5.1,16.39
8/30/2021,1809.0,92.65200043,69.20999908,23.95999908,4528.790039,47054.98438,0.09,1.48,272.752,5.1,16.19
8/31/2021,1815.0,92.63500214,68.5,23.95999908,4522.680176,47166.6875,0.09,1.48,272.752,5.1,16.48
9/1/2021,1813.099976,92.4489975,68.58999634,24.17700005,4524.089844,48847.02734,0.08,1.31,273.942,4.7,16.11
9/2/2021,1808.699951,92.22799683,69.98999786,23.875,4536.950195,49327.72266,0.08,1.31,273.942,4.7,16.41
9/3/2021,1830.900024,92.03299713,69.29000092,24.76199913,4535.430176,50025.375,0.08,1.31,273.942,4.7,16.41
9/7/2021,1795.900024,92.51399994,68.34999847,24.33399963,4520.029785,46811.12891,0.08,1.31,273.942,4.7,18.14
9/8/2021,1790.699951,92.65000153,69.30000305,24.01199913,4514.069824,46091.39063,0.08,1.31,273.942,4.7,17.96
9/9/2021,1797.400024,92.48000336,68.13999939,24.13299942,4493.279785,46391.42188,0.08,1.31,273.942,4.7,18.8
9/10/2021,1789.599976,92.58999634,69.72000122,23.85499954,4458.580078,44883.91016,0.08,1.31,273.942,4.7,20.95
9/13/2021,1792.0,92.65200043,70.44999695,23.75300026,4468.72998,44963.07422,0.08,1.31,273.942,4.7,19.37
9/14/2021,1804.699951,92.61399841,70.45999908,23.84199905,4443.049805,47092.49219,0.08,1.31,273.942,4.7,19.46
9/15/2021,1792.400024,92.53399658,72.61000061,23.75900078,4480.700195,48176.34766,0.08,1.31,273.942,4.7,18.18
9/16/2021,1754.599976,92.91899872,72.61000061,22.75200081,4473.75,47783.35938,0.08,1.31,273.942,4.7,18.69
9/17/2021,1749.400024,93.1760025,71.97000122,22.29500008,4432.990234,47267.51953,0.08,1.31,273.942,4.7,20.81
9/20/2021,1761.800049,93.2559967,70.29000092,22.16300011,4357.72998,42843.80078,0.08,1.31,273.942,4.7,25.71
9/21/2021,1776.0,93.19999695,70.55999756,22.57299995,4354.189941,40693.67578,0.08,1.31,273.942,4.7,24.36
9/22/2021,1776.699951,93.45999908,72.23000336,22.86899948,4395.640137,43574.50781,0.08,1.31,273.942,4.7,20.87
9/23/2021,1747.699951,93.02999878,73.30000305,22.6420002,4448.97998,44895.09766,0.08,1.31,273.942,4.7,18.63
9/24/2021,1749.699951,93.33499908,73.98000336,22.38800049,4455.47998,42839.75,0.08,1.31,273.942,4.7,17.75
9/27/2021,1750.0,93.3809967,75.44999695,22.65699959,4443.109863,42235.73047,0.08,1.31,273.942,4.7,18.76
9/28/2021,1735.800049,93.77999878,75.29000092,22.43000031,4352.629883,41034.54297,0.08,1.31,273.942,4.7,23.25
9/29/2021,1721.5,94.35299683,74.83000183,21.45899963,4359.459961,41564.36328,0.08,1.31,273.942,4.7,22.56
9/30/2021,1755.300049,94.23999786,75.02999878,22.02099991,4307.540039,43790.89453,0.08,1.31,273.942,4.7,23.14
10/1/2021,1757.0,94.04699707,75.87999725,22.51000023,4357.040039,48116.94141,0.08,1.48,276.528,4.5,21.15
10/4/2021,1766.199951,93.77999878,77.62000275,22.61800003,4300.459961,49112.90234,0.08,1.48,276.528,4.5,22.96
10/5/2021,1759.599976,93.96700287,78.93000031,22.58200073,4345.720215,51514.8125,0.08,1.48,276.528,4.5,21.3
10/6/2021,1760.5,94.27200317,77.43000031,22.50600052,4363.549805,55361.44922,0.08,1.48,276.528,4.5,21.0
10/7/2021,1757.900024,94.22100067,78.30000305,22.63199997,4399.759766,53805.98438,0.08,1.48,276.528,4.5,19.54
10/8/2021,1756.300049,94.07900238,79.34999847,22.67900085,4391.339844,53967.84766,0.08,1.48,276.528,4.5,18.77
10/11/2021,1754.599976,94.3259964,80.51999664,22.63999939,4361.189941,57484.78906,0.08,1.48,276.528,4.5,20.0
10/12/2021,1758.300049,94.51899719,80.63999939,22.49099922,4350.649902,56041.05859,0.08,1.48,276.528,4.5,19.85
10/13/2021,1793.699951,94.08000183,80.44000244,23.14900017,4363.799805,57401.09766,0.08,1.48,276.528,4.5,18.64
10/14/2021,1796.699951,93.96099854,81.30999756,23.45599937,4438.259766,57321.52344,0.08,1.48,276.528,4.5,16.86
10/15/2021,1767.199951,93.93800354,82.27999878,23.32799911,4471.370117,61593.94922,0.08,1.48,276.528,4.5,16.3
10/18/2021,1764.800049,93.94499969,82.44000244,23.24300003,4486.459961,62026.07813,0.08,1.48,276.528,4.5,16.31
10/19/2021,1769.699951,93.72799683,82.95999908,23.86199951,4519.629883,64261.99219,0.08,1.48,276.528,4.5,15.7
10/20/2021,1784.099976,93.53500366,83.87000275,24.42399979,4536.189941,65992.83594,0.08,1.48,276.528,4.5,15.49
10/21/2021,1781.199951,93.75800323,82.5,24.14999962,4549.779785,62210.17188,0.08,1.48,276.528,4.5,15.01
10/22/2021,1795.5,93.625,83.76000214,24.42900085,4544.899902,60692.26563,0.08,1.48,276.528,4.5,15.43
10/25/2021,1806.0,93.80899811,83.76000214,24.5720005,4566.47998,63039.82422,0.08,1.48,276.528,4.5,15.24
10/26/2021,1792.699951,93.94100189,84.65000153,24.08600044,4574.790039,60363.79297,0.08,1.48,276.528,4.5,15.98
10/27/2021,1797.900024,93.79799652,82.66000366,24.18899918,4551.680176,58482.38672,0.08,1.48,276.528,4.5,16.98
10/28/2021,1801.599976,93.3259964,82.80999756,24.11700058,4596.419922,60622.13672,0.08,1.48,276.528,4.5,16.53
10/29/2021,1783.0,94.1210022,83.56999969,23.94499969,4605.379883,62227.96484,0.08,1.48,276.528,4.5,16.26
11/1/2021,1795.099976,93.8789978,84.05000305,24.06399918,4613.669922,61004.40625,0.08,1.58,278.824,4.2,16.41
11/2/2021,1788.699951,94.07900238,83.91000366,23.5,4630.649902,63226.40234,0.08,1.58,278.824,4.2,16.03
11/3/2021,1763.599976,93.85299683,80.86000061,23.22599983,4660.569824,62970.04688,0.08,1.58,278.824,4.2,15.1
11/4/2021,1793.0,94.34100342,78.80999756,23.90600014,4680.060059,61452.23047,0.08,1.58,278.824,4.2,15.44
11/5/2021,1816.400024,94.31700134,81.26999664,24.15200043,4697.529785,61125.67578,0.08,1.58,278.824,4.2,16.48
11/8/2021,1827.400024,94.04199982,81.93000031,24.53700066,4701.700195,67566.82813,0.08,1.58,278.824,4.2,17.22
11/9/2021,1830.199951,93.95600128,84.15000153,24.31299973,4685.25,66971.82813,0.08,1.58,278.824,4.2,17.78
11/10/2021,1847.599976,94.83799744,81.33999634,24.7670002,4646.709961,64995.23047,0.08,1.58,278.824,4.2,18.73
11/11/2021,1863.199951,95.17500305,81.58999634,25.3010006,4649.27002,64949.96094,0.08,1.58,278.824,4.2,17.66
11/12/2021,1867.900024,95.12799835,80.79000092,25.34399986,4682.850098,64155.94141,0.08,1.58,278.824,4.2,16.29
11/15/2021,1866.099976,95.40499878,80.87999725,25.10700035,4682.799805,63557.87109,0.08,1.58,278.824,4.2,16.49
11/16/2021,1853.599976,95.91100311,80.76000214,24.94400024,4700.899902,60161.24609,0.08,1.58,278.824,4.2,16.37
11/17/2021,1869.699951,95.82900238,78.36000061,25.16699982,4688.669922,60368.01172,0.08,1.58,278.824,4.2,17.11
11/18/2021,1861.0,95.54199982,79.01000214,24.90099907,4704.540039,56942.13672,0.08,1.58,278.824,4.2,17.59
11/19/2021,1851.199951,96.02799988,76.09999847,24.78000069,4697.959961,58119.57813,0.08,1.58,278.824,4.2,17.91
11/22/2021,1806.0,96.54399872,76.75,24.29700089,4682.939941,56289.28906,0.08,1.58,278.824,4.2,19.17
11/23/2021,1783.5,96.4940033,78.5,23.43499947,4690.700195,57569.07422,0.08,1.58,278.824,4.2,19.38
11/24/2021,1784.099976,96.87200165,78.38999939,23.49600029,4701.459961,56280.42578,0.08,1.58,278.824,4.2,18.58
11/26/2021,1785.300049,96.10399628,68.15000153,23.10700035,4594.620117,53569.76563,0.08,1.58,278.824,4.2,28.62
11/29/2021,1782.300049,96.33799744,69.94999695,22.79899979,4655.27002,57806.56641,0.08,1.58,278.824,4.2,22.96
11/30/2021,1773.599976,96.00700378,66.18000031,22.76499939,4567.0,57005.42578,0.08,1.58,278.824,4.2,27.19
12/1/2021,1781.599976,96.02400208,65.56999969,22.29899979,4513.040039,57229.82813,0.08,1.43,280.806,3.9,31.12
12/2/2021,1760.699951,96.15799713,66.5,22.28000069,4577.100098,56477.81641,0.08,1.43,280.806,3.9,27.95
12/3/2021,1782.0,96.11399841,66.26000214,22.44499969,4538.430176,53598.24609,0.08,1.43,280.806,3.9,30.67
12/6/2021,1777.5,96.33000183,69.48999786,22.22800064,4591.669922,50582.625,0.08,1.43,280.806,3.9,27.18
12/7/2021,1782.599976,96.37000275,72.05000305,22.48699951,4686.75,50700.08594,0.08,1.43,280.806,3.9,21.89
12/8/2021,1783.400024,95.8809967,72.36000061,22.38999939,4701.209961,50504.79688,0.08,1.43,280.806,3.9,19.9
12/9/2021,1774.599976,96.2519989,70.94000244,21.97400093,4667.450195,47672.12109,0.08,1.43,280.806,3.9,21.58
12/10/2021,1782.900024,96.09999847,71.66999817,22.15999985,4712.02002,47243.30469,0.08,1.43,280.806,3.9,18.69
12/13/2021,1786.300049,96.34500122,71.29000092,22.29000092,4668.970215,46737.48047,0.08,1.43,280.806,3.9,20.31
12/14/2021,1770.400024,96.53800201,70.73000336,21.88699913,4634.089844,46612.63281,0.08,1.43,280.806,3.9,21.89
12/15/2021,1762.599976,96.48200226,70.87000275,21.50799942,4709.850098,48896.72266,0.08,1.43,280.806,3.9,19.29
12/16/2021,1796.599976,96.01499939,72.37999725,22.45499992,4668.669922,47665.42578,0.08,1.43,280.806,3.9,20.57
12/17/2021,1803.800049,96.54799652,70.86000061,22.50699997,4620.640137,46202.14453,0.08,1.43,280.806,3.9,21.57
12/20/2021,1793.699951,96.54499817,68.23000336,22.27499962,4568.02002,46880.27734,0.08,1.43,280.806,3.9,22.87
12/21/2021,1787.900024,96.48899841,71.12000275,22.50200081,4649.22998,48936.61328,0.08,1.43,280.806,3.9,21.01
12/22/2021,1801.599976,96.05899811,72.76000214,22.79199982,4696.560059,48628.51172,0.08,1.43,280.806,3.9,18.63
12/23/2021,1811.199951,95.98500061,73.79000092,22.93099976,4725.790039,50784.53906,0.08,1.43,280.806,3.9,17.96
12/27/2021,1808.099976,96.08599854,75.56999969,22.97900009,4791.189941,50640.41797,0.08,1.43,280.806,3.9,17.68
12/28/2021,1810.199951,96.20300293,75.98000336,23.11100006,4786.350098,47588.85547,0.08,1.43,280.806,3.9,17.54
12/29/2021,1805.099976,95.9260025,76.55999756,22.84799957,4793.060059,46444.71094,0.08,1.43,280.806,3.9,16.95
12/30/2021,1812.699951,95.96399689,76.98999786,23.02799988,4778.72998,47178.125,0.08,1.43,280.806,3.9,17.33
12/31/2021,1827.5,95.59300232,75.20999908,23.32799911,4766.180176,46306.44531,0.08,1.43,280.806,3.9,17.22
1/3/2022,1799.400024,96.21099854,76.08000183,22.79000092,4796.560059,46458.11719,0.08,1.43,282.542,4.0,16.6
1/4/2022,1814.0,96.27400208,76.98999786,23.03800011,4793.540039,45897.57422,0.08,1.43,282.542,4.0,16.91
1/5/2022,1824.599976,96.18199921,77.84999847,23.14999962,4700.580078,43569.00391,0.08,1.43,282.542,4.0,19.73
1/6/2022,1788.699951,96.3259964,79.45999908,22.17399979,4696.049805,43160.92969,0.08,1.43,282.542,4.0,19.61
1/7/2022,1797.0,95.72200012,78.90000153,22.3939991,4677.029785,41557.90234,0.08,1.43,282.542,4.0,18.76
1/10/2022,1798.400024,95.98999786,78.23000336,22.44599915,4670.290039,41821.26172,0.08,1.43,282.542,4.0,19.4
1/11/2022,1818.599976,95.625,81.22000122,22.80599976,4713.069824,42735.85547,0.08,1.43,282.542,4.0,18.41
1/12/2022,1827.199951,94.90100098,82.63999939,23.20000076,4726.350098,43949.10156,0.08,1.43,282.542,4.0,17.62
1/13/2022,1821.199951,94.77500153,82.12000275,23.15500069,4659.029785,42591.57031,0.08,1.43,282.542,4.0,20.31
1/14/2022,1816.5,95.16100311,83.81999969,22.9109993,4662.850098,43099.69922,0.08,1.43,282.542,4.0,19.19
1/18/2022,1812.300049,95.72299957,85.43000031,23.48699951,4577.109863,42375.63281,0.08,1.43,282.542,4.0,22.79
1/19/2022,1843.099976,95.5,86.95999908,24.22599983,4532.759766,41744.32813,0.08,1.43,282.542,4.0,23.85
1/20/2022,1842.5,95.72499847,86.90000153,24.71100044,4482.72998,40680.41797,0.08,1.43,282.542,4.0,25.59
1/21/2022,1831.800049,95.63600159,85.13999939,24.31399918,4397.939941,36457.31641,0.08,1.43,282.542,4.0,28.85
1/24/2022,1841.699951,95.90100098,83.30999756,23.79500008,4410.129883,36654.32813,0.08,1.43,282.542,4.0,29.9
1/25/2022,1852.699951,95.9280014,85.59999847,23.89599991,4356.450195,36954.00391,0.08,1.43,282.542,4.0,31.16
1/26/2022,1829.900024,96.40000153,87.34999847,23.80699921,4349.930176,36852.12109,0.08,1.43,282.542,4.0,31.96
1/27/2022,1793.300049,97.24199677,86.61000061,22.67300034,4326.509766,37138.23438,0.08,1.43,282.542,4.0,30.49
1/28/2022,1784.900024,97.26599884,86.81999969,22.30200005,4431.850098,37784.33203,0.08,1.43,282.542,4.0,27.66
1/31/2022,1795.0,96.53700256,88.15000153,22.39500046,4515.549805,38483.125,0.08,1.43,282.542,4.0,24.83
2/1/2022,1800.300049,96.375,88.19999695,22.59600067,4546.540039,38743.27344,0.08,1.81,284.525,3.8,21.96
2/2/2022,1809.199951,95.93499756,88.26000214,22.71100044,4589.379883,36952.98438,0.08,1.81,284.525,3.8,22.09
2/3/2022,1803.0,95.3789978,90.26999664,22.375,4477.439941,37154.60156,0.08,1.81,284.525,3.8,24.35
2/4/2022,1806.599976,95.48000336,92.30999756,22.47500038,4500.529785,41500.875,0.08,1.81,284.525,3.8,23.22
2/7/2022,1820.599976,95.39199829,91.31999969,23.07600021,4483.870117,43840.28516,0.08,1.81,284.525,3.8,22.86
2/8/2022,1826.599976,95.64099884,89.36000061,23.19499969,4521.540039,44118.44531,0.08,1.81,284.525,3.8,21.44
2/9/2022,1835.199951,95.4940033,89.66000366,23.33600044,4587.180176,44338.79688,0.08,1.81,284.525,3.8,19.96
2/10/2022,1836.199951,95.54799652,89.87999725,23.5189991,4504.080078,43565.11328,0.08,1.81,284.525,3.8,23.91
2/11/2022,1840.800049,96.07299805,93.09999847,23.36599922,4418.640137,42407.9375,0.08,1.81,284.525,3.8,27.36
2/14/2022,1868.0,96.35600281,95.45999908,23.84499931,4401.669922,42586.91797,0.08,1.81,284.525,3.8,28.33
2/15/2022,1854.800049,95.99299622,92.06999969,23.33799934,4471.069824,44575.20313,0.08,1.81,284.525,3.8,25.7
2/16/2022,1870.199951,95.6969986,93.66000366,23.60099983,4475.009766,43961.85938,0.08,1.81,284.525,3.8,24.29
2/17/2022,1900.699951,95.8030014,91.76000214,23.87400055,4380.259766,40538.01172,0.08,1.81,284.525,3.8,28.11
2/18/2022,1898.599976,96.02200317,91.06999969,23.99099922,4348.870117,40030.97656,0.08,1.81,284.525,3.8,27.75
2/22/2022,1906.099976,96.01100159,92.34999847,24.31100082,4304.759766,38286.02734,0.08,1.81,284.525,3.8,28.81
2/23/2022,1909.199951,96.18800354,92.09999847,24.55500031,4225.5,37296.57031,0.08,1.81,284.525,3.8,31.02
2/24/2022,1925.099976,97.11799622,92.80999756,24.68600082,4288.700195,38332.60938,0.08,1.81,284.525,3.8,30.32
2/25/2022,1886.5,96.6190033,91.58999634,23.99699974,4384.649902,39214.21875,0.08,1.81,284.525,3.8,27.59
2/28/2022,1899.400024,96.69400024,95.72000122,24.36100006,4373.939941,43193.23438,0.08,1.81,284.525,3.8,30.15
3/1/2022,1942.400024,97.40599823,103.4100037,25.5340004,4306.259766,44354.63672,0.2,1.72,287.467,3.7,33.32
3/2/2022,1920.900024,97.41400146,110.5999985,25.18300056,4386.540039,43924.11719,0.2,1.72,287.467,3.7,30.74
3/3/2022,1934.400024,97.79100037,107.6699982,25.20499992,4363.490234,42451.78906,0.2,1.72,287.467,3.7,30.48
3/4/2022,1965.099976,98.67099762,115.6800003,25.78199959,4328.870117,39137.60547,0.2,1.72,287.467,3.7,31.98
3/7/2022,1993.900024,99.29499817,119.4000015,25.71299934,4201.089844,38062.03906,0.2,1.72,287.467,3.7,36.45
3/8/2022,2040.099976,99.08000183,123.6999969,26.88800049,4170.700195,38737.26953,0.2,1.72,287.467,3.7,35.13
3/9/2022,1985.900024,97.95300293,108.6999969,25.75699997,4277.879883,41982.92578,0.2,1.72,287.467,3.7,32.45
3/10/2022,1998.099976,98.5039978,106.0199966,26.20199966,4259.52002,39437.46094,0.2,1.72,287.467,3.7,30.23
3/11/2022,1982.699951,99.12999725,109.3300018,26.1060009,4204.310059,38794.97266,0.2,1.72,287.467,3.7,30.75
3/14/2022,1959.599976,98.8789978,103.0100021,25.24399948,4173.109863,39666.75391,0.2,1.72,287.467,3.7,31.77
3/15/2022,1928.5,99.06400299,96.44000244,25.12299919,4262.450195,39338.78516,0.2,1.72,287.467,3.7,29.83
3/16/2022,1908.0,98.6210022,95.04000092,24.67000008,4357.859863,41143.92969,0.2,1.72,287.467,3.7,26.67
3/17/2022,1942.099976,97.97499847,102.9800034,25.58399963,4411.669922,40951.37891,0.2,1.72,287.467,3.7,25.67
3/18/2022,1928.199951,98.22699738,104.6999969,25.05500031,4463.120117,41801.15625,0.2,1.72,287.467,3.7,23.87
3/21/2022,1928.599976,98.49900055,112.1200027,25.28199959,4461.180176,41077.99609,0.2,1.72,287.467,3.7,23.53
3/22/2022,1920.699951,98.52300262,111.7600021,24.88500023,4511.609863,42358.80859,0.2,1.72,287.467,3.7,22.94
3/23/2022,1936.599976,98.61499786,114.9300003,25.17000008,4456.240234,42892.95703,0.2,1.72,287.467,3.7,23.57
3/24/2022,1961.599976,98.80000305,112.3399963,25.89999962,4520.160156,43960.93359,0.2,1.72,287.467,3.7,21.67
3/25/2022,1953.800049,98.8219986,113.9000015,25.59499931,4543.060059,44348.73047,0.2,1.72,287.467,3.7,20.81
3/28/2022,1939.599976,99.05500031,105.9599991,25.1760006,4575.52002,47128.00391,0.2,1.72,287.467,3.7,19.63
3/29/2022,1912.0,98.44100189,104.2399979,24.7159996,4631.600098,47465.73047,0.2,1.72,287.467,3.7,18.9
3/30/2022,1933.5,97.875,107.8199997,25.10300064,4602.450195,47062.66406,0.2,1.72,287.467,3.7,19.33
3/31/2022,1949.199951,98.36000061,100.2799988,25.12100029,4530.410156,45538.67578,0.2,1.72,287.467,3.7,20.56
4/1/2022,1919.099976,98.6269989,99.26999664,24.6420002,4545.859863,46281.64453,0.33,2.39,288.582,3.7,19.63
4/4/2022,1929.199951,98.97399902,103.2799988,24.58399963,4582.640137,46622.67578,0.33,2.39,288.582,3.7,18.57
4/5/2022,1922.900024,99.4280014,101.9599991,24.52799988,4525.120117,45555.99219,0.33,2.39,288.582,3.7,21.03
4/6/2022,1918.400024,99.61499786,96.23000336,24.45499992,4481.149902,43206.73828,0.33,2.39,288.582,3.7,22.1
4/7/2022,1933.800049,99.76000214,96.02999878,24.7329998,4500.209961,43503.84766,0.33,2.39,288.582,3.7,21.55
4/8/2022,1941.599976,99.75299835,98.26000214,24.81900024,4488.279785,42287.66406,0.33,2.39,288.582,3.7,21.16
4/11/2022,1944.300049,99.9240036,94.29000092,24.97800064,4412.529785,39521.90234,0.33,2.39,288.582,3.7,24.37
4/12/2022,1972.099976,100.2919998,100.5999985,25.72500038,4397.450195,40127.18359,0.33,2.39,288.582,3.7,24.26
4/13/2022,1981.0,99.91300201,104.25,26.02000046,4446.589844,41166.73047,0.33,2.39,288.582,3.7,21.82
4/14/2022,1970.900024,100.3259964,106.9499969,25.69000053,4392.589844,39935.51563,0.33,2.39,288.582,3.7,22.7
4/18/2022,1982.900024,100.7659988,108.2099991,26.13999939,4391.689941,40826.21484,0.33,2.39,288.582,3.7,22.17
4/19/2022,1955.699951,100.9639969,102.5599976,25.39100075,4462.209961,41502.75,0.33,2.39,288.582,3.7,21.37
4/20/2022,1952.300049,100.4169998,102.75,25.27000046,4459.450195,41374.37891,0.33,2.39,288.582,3.7,20.32
4/21/2022,1944.900024,100.6139984,103.7900009,24.62100029,4393.660156,40527.36328,0.33,2.39,288.582,3.7,22.68
4/22/2022,1931.0,101.2129974,102.0699997,24.25699997,4271.779785,39740.32031,0.33,2.39,288.582,3.7,28.21
4/25/2022,1893.199951,101.7689972,98.54000092,23.66799927,4296.120117,40458.30859,0.33,2.39,288.582,3.7,27.02
4/26/2022,1901.400024,102.3180008,101.6999969,23.54199982,4175.200195,38117.46094,0.33,2.39,288.582,3.7,33.52
4/27/2022,1885.900024,102.9629974,102.0199966,23.45800018,4183.959961,39241.12109,0.33,2.39,288.582,3.7,31.6
4/28/2022,1888.699951,103.6589966,105.3600006,23.12899971,4287.5,39773.82813,0.33,2.39,288.582,3.7,29.99
4/29/2022,1909.300049,102.9629974,104.6900024,23.04000092,4131.930176,38609.82422,0.33,2.39,288.582,3.7,33.4
5/2/2022,1861.800049,103.7659988,105.1699982,22.54400063,4155.379883,38529.32813,0.77,2.39,291.299,3.6,32.34
5/3/2022,1868.800049,103.4960022,102.4100037,22.62100029,4175.47998,37750.45313,0.77,2.39,291.299,3.6,29.25
5/4/2022,1867.0,102.5940018,107.8099976,22.36199951,4300.169922,39698.37109,0.77,2.39,291.299,3.6,25.42
5/5/2022,1874.0,103.802002,108.2600021,22.39999962,4146.870117,36575.14063,0.77,2.39,291.299,3.6,31.2
5/6/2022,1881.199951,103.6940002,109.7699966,22.32500076,4123.339844,36040.92188,0.77,2.39,291.299,3.6,30.19
5/9/2022,1857.099976,103.689003,103.0899963,21.78199959,3991.23999,30296.95313,0.77,2.39,291.299,3.6,34.75
5/10/2022,1839.900024,103.9430008,99.76000214,21.38999939,4001.050049,31022.90625,0.77,2.39,291.299,3.6,32.99
5/11/2022,1852.599976,103.8740005,105.7099991,21.54999924,3935.179932,28936.35547,0.77,2.39,291.299,3.6,32.56
5/12/2022,1823.800049,104.8970032,106.1299973,20.75699997,3930.080078,29047.75195,0.77,2.39,291.299,3.6,31.77
5/13/2022,1807.400024,104.6210022,110.4899979,20.98399925,4023.889893,29283.10352,0.77,2.39,291.299,3.6,28.87
5/16/2022,1813.5,104.1999969,114.1999969,21.53499985,4008.01001,29862.91797,0.77,2.39,291.299,3.6,27.47
5/17/2022,1818.199951,103.4069977,112.4000015,21.73699951,4088.850098,30425.85742,0.77,2.39,291.299,3.6,26.1
5/18/2022,1815.900024,103.8619995,109.5899963,21.53300095,3923.679932,28720.27148,0.77,2.39,291.299,3.6,30.96
5/19/2022,1841.199951,102.7509995,112.2099991,21.89800072,3900.790039,30314.33398,0.77,2.39,291.299,3.6,29.35
5/20/2022,1841.800049,103.1729965,113.2300034,21.66900063,3901.360107,29200.74023,0.77,2.39,291.299,3.6,29.43
5/23/2022,1847.800049,102.0970001,110.2900009,21.72299957,3973.75,29098.91016,0.77,2.39,291.299,3.6,28.48
5/24/2022,1865.099976,101.8700027,109.7699966,22.06299973,3941.47998,29655.58594,0.77,2.39,291.299,3.6,29.45
5/25/2022,1846.199951,102.0770035,110.3300018,21.86000061,3978.72998,29562.36133,0.77,2.39,291.299,3.6,28.37
5/26/2022,1847.400024,101.8580017,114.0899963,21.94099998,4057.840088,29267.22461,0.77,2.39,291.299,3.6,27.5
5/27/2022,1851.300049,101.697998,115.0699997,22.05999947,4158.240234,28627.57422,0.77,2.39,291.299,3.6,25.72
5/31/2022,1842.699951,101.7659988,114.6699982,21.65099907,4132.149902,31792.31055,0.77,2.39,291.299,3.6,26.19
6/1/2022,1843.300049,102.5289993,115.2600021,21.88400078,4101.22998,29799.08008,1.21,2.94,295.072,3.6,25.69
6/2/2022,1866.5,101.8320007,116.8700027,22.25399971,4176.819824,30467.48828,1.21,2.94,295.072,3.6,24.72
6/3/2022,1845.400024,102.1600037,118.8700027,21.88999939,4108.540039,29704.39063,1.21,2.94,295.072,3.6,24.79
6/6/2022,1839.199951,102.4469986,118.5,22.0739994,4121.430176,31370.67188,1.21,2.94,295.072,3.6,25.07
6/7/2022,1847.5,102.3249969,119.4100037,22.1590004,4160.680176,31155.47852,1.21,2.94,295.072,3.6,24.02
6/8/2022,1851.900024,102.5459976,122.1100006,22.0739994,4115.77002,30214.35547,1.21,2.94,295.072,3.6,23.96
6/9/2022,1848.800049,103.2180023,121.5100021,21.79700089,4017.820068,30111.99805,1.21,2.94,295.072,3.6,26.09
6/10/2022,1871.5,104.151001,120.6699982,21.91300011,3900.860107,29083.80469,1.21,2.94,295.072,3.6,27.75
6/13/2022,1828.0,104.9469986,120.9300003,21.23600006,3749.629883,22487.38867,1.21,2.94,295.072,3.6,34.02
6/14/2022,1809.5,105.3420029,118.9300003,20.93600082,3735.47998,22206.79297,1.21,2.94,295.072,3.6,32.69
6/15/2022,1815.300049,104.9349976,115.3099976,21.40200043,3789.98999,22572.83984,1.21,2.94,295.072,3.6,29.62
6/16/2022,1845.699951,103.4169998,117.5899963,21.86700058,3666.77002,20381.65039,1.21,2.94,295.072,3.6,32.95
6/17/2022,1835.599976,104.487999,109.5599976,21.57299995,3674.840088,20471.48242,1.21,2.94,295.072,3.6,31.13
6/21/2022,1834.599976,104.2109985,110.6500015,21.75399971,3764.790039,20710.59766,1.21,2.94,295.072,3.6,30.19
6/22/2022,1834.300049,103.9810028,106.1900024,21.40699959,3759.889893,19987.0293,1.21,2.94,295.072,3.6,28.95
6/23/2022,1825.699951,104.1920013,104.2699966,21.03199959,3795.72998,21085.87695,1.21,2.94,295.072,3.6,29.05
6/24/2022,1826.5,103.9589996,107.6200027,21.11599922,3911.73999,21231.65625,1.21,2.94,295.072,3.6,27.23
6/27/2022,1820.900024,103.6780014,109.5699997,21.1590004,3900.110107,20735.47852,1.21,2.94,295.072,3.6,26.95
6/28/2022,1817.5,104.2610016,111.7600021,20.79700089,3821.550049,20280.63477,1.21,2.94,295.072,3.6,28.36
6/29/2022,1813.699951,104.848999,109.7799988,20.66799927,3818.830078,20104.02344,1.21,2.94,295.072,3.6,28.16
6/30/2022,1804.099976,104.4639969,105.7600021,20.28199959,3785.379883,19784.72656,1.21,2.94,295.072,3.6,28.71
7/1/2022,1798.900024,104.9089966,108.4300003,19.59700012,3825.330078,19269.36719,1.68,2.88,294.94,3.5,26.7
7/5/2022,1761.800049,106.3199997,99.5,19.05200005,3831.389893,20190.11523,1.68,2.88,294.94,3.5,27.54
7/6/2022,1734.900024,106.8980026,98.52999878,19.08499908,3845.080078,20548.24609,1.68,2.88,294.94,3.5,26.73
7/7/2022,1737.900024,106.9589996,102.7300034,19.12199974,3902.620117,21637.58789,1.68,2.88,294.94,3.5,26.08
7/8/2022,1740.599976,106.8209991,104.7900009,19.16699982,3899.379883,21731.11719,1.68,2.88,294.94,3.5,24.64
7/11/2022,1730.0,107.8290024,104.0899963,19.06699944,3854.429932,19970.55664,1.68,2.88,294.94,3.5,26.17
7/12/2022,1723.300049,107.9120026,95.83999634,18.89900017,3818.800049,19323.91406,1.68,2.88,294.94,3.5,27.29
7/13/2022,1734.199951,107.7559967,96.30000305,19.13800049,3801.780029,20212.07422,1.68,2.88,294.94,3.5,26.82
7/14/2022,1704.5,108.4069977,95.77999878,18.16900063,3790.379883,20569.91992,1.68,2.88,294.94,3.5,26.4
7/15/2022,1702.400024,107.9110031,97.58999634,18.54800034,3863.159912,20836.32813,1.68,2.88,294.94,3.5,24.23
7/18/2022,1709.199951,107.2310028,102.5999985,18.79100037,3830.850098,22485.68945,1.68,2.88,294.94,3.5,25.3
7/19/2022,1710.0,106.5500031,104.2200012,18.67000008,3936.689941,23389.43359,1.68,2.88,294.94,3.5,24.5
7/20/2022,1699.5,106.9530029,102.2600021,18.63899994,3959.899902,23231.73242,1.68,2.88,294.94,3.5,23.88
7/21/2022,1712.699951,106.8040009,96.34999847,18.68700027,3998.949951,23164.62891,1.68,2.88,294.94,3.5,23.11
7/22/2022,1727.099976,106.6210022,94.69999695,18.58499908,3961.629883,22714.97852,1.68,2.88,294.94,3.5,23.03
7/25/2022,1719.0,106.3550034,96.69999695,18.29400063,3966.840088,21361.70117,1.68,2.88,294.94,3.5,23.36
7/26/2022,1717.699951,107.0439987,94.98000336,18.48699951,3921.050049,21239.75391,1.68,2.88,294.94,3.5,24.69
7/27/2022,1719.099976,106.3310013,97.26000214,18.5529995,4023.610107,22930.54883,1.68,2.88,294.94,3.5,23.24
7/28/2022,1750.300049,106.2360001,96.41999817,19.82699966,4072.429932,23843.88672,1.68,2.88,294.94,3.5,22.33
7/29/2022,1762.900024,105.7789993,98.62000275,20.15600014,4130.290039,23804.63281,1.68,2.88,294.94,3.5,21.33
8/1/2022,1769.0,105.3359985,93.88999939,20.3220005,4118.629883,23314.19922,2.33,2.6,295.162,3.6,22.84
8/2/2022,1771.099976,106.1039963,94.41999817,20.10499954,4091.189941,22978.11719,2.33,2.6,295.162,3.6,23.93
8/3/2022,1758.0,106.3769989,90.66000366,19.86499977,4155.169922,22846.50781,2.33,2.6,295.162,3.6,21.95
8/4/2022,1788.5,105.5660019,88.54000092,20.09900093,4151.939941,22630.95703,2.33,2.6,295.162,3.6,21.44
8/5/2022,1772.900024,106.4899979,89.01000214,19.81900024,4145.189941,23289.31445,2.33,2.6,295.162,3.6,21.15
8/8/2022,1786.800049,106.322998,90.76000214,20.59199905,4140.060059,23809.48633,2.33,2.6,295.162,3.6,21.29
8/9/2022,1794.0,106.2519989,90.5,20.45800018,4122.470215,23164.31836,2.33,2.6,295.162,3.6,21.77
8/10/2022,1795.599976,105.0800018,91.93000031,20.71800041,4210.240234,23947.64258,2.33,2.6,295.162,3.6,19.74
8/11/2022,1789.699951,104.9940033,94.33999634,20.32600021,4207.27002,23957.5293,2.33,2.6,295.162,3.6,20.2
8/12/2022,1798.599976,105.5100021,92.08999634,20.67700005,4280.149902,24402.81836,2.33,2.6,295.162,3.6,19.53
8/15/2022,1781.400024,106.4329987,89.41000366,20.25099945,4297.140137,24136.97266,2.33,2.6,295.162,3.6,19.95
8/16/2022,1773.199951,106.3880005,86.52999878,20.06500053,4305.200195,23883.29102,2.33,2.6,295.162,3.6,19.69
8/17/2022,1760.300049,106.4860001,88.11000061,19.71100044,4274.040039,23335.99805,2.33,2.6,295.162,3.6,19.9
8/18/2022,1755.300049,107.4150009,90.5,19.44799995,4283.740234,23212.73828,2.33,2.6,295.162,3.6,19.56
8/19/2022,1747.599976,108.0979996,90.76999664,19.05800056,4228.47998,20877.55273,2.33,2.6,295.162,3.6,20.6
8/22/2022,1734.0,108.9810028,90.23000336,18.87299919,4137.990234,21398.9082,2.33,2.6,295.162,3.6,23.8
8/23/2022,1746.800049,108.5540009,93.73999786,19.01199913,4128.72998,21528.08789,2.33,2.6,295.162,3.6,24.11
8/24/2022,1747.800049,108.6159973,94.88999939,18.89500046,4140.77002,21395.01953,2.33,2.6,295.162,3.6,22.82
8/25/2022,1757.699951,108.4329987,92.51999664,19.11100006,4199.120117,21600.9043,2.33,2.6,295.162,3.6,21.78
8/26/2022,1736.099976,108.7509995,93.05999756,18.73999977,4057.659912,20260.01953,2.33,2.6,295.162,3.6,25.56
8/29/2022,1736.599976,108.7900009,97.01000214,18.55500031,4030.610107,20297.99414,2.33,2.6,295.162,3.6,26.21
8/30/2022,1723.199951,108.7490005,91.63999939,18.1590004,3986.159912,19796.80859,2.33,2.6,295.162,3.6,26.21
8/31/2022,1712.800049,108.6650009,89.55000305,17.76199913,3955.0,20049.76367,2.33,2.6,295.162,3.6,25.87
9/1/2022,1696.599976,109.6780014,86.61000061,17.5510006,3966.850098,20127.14063,2.56,3.26,296.421,3.5,25.56
9/2/2022,1709.800049,109.5100021,86.87000275,17.77599907,3924.26001,19969.77148,2.56,3.26,296.421,3.5,25.47
9/6/2022,1700.400024,110.2040024,86.87999725,17.79500008,3908.189941,18837.66797,2.56,3.26,296.421,3.5,26.91
9/7/2022,1715.300049,109.8320007,81.94000244,18.13699913,3979.870117,19290.32422,2.56,3.26,296.421,3.5,24.64
9/8/2022,1708.0,109.7129974,83.54000092,18.32999992,4006.179932,19329.83398,2.56,3.26,296.421,3.5,23.61
9/9/2022,1716.199951,108.9970016,86.79000092,18.65800095,4067.360107,21381.15234,2.56,3.26,296.421,3.5,22.79
9/12/2022,1728.099976,108.3160019,87.77999878,19.75499916,4110.410156,22370.44922,2.56,3.26,296.421,3.5,23.87
9/13/2022,1705.0,109.8089981,87.30999756,19.38999939,3932.689941,20296.70703,2.56,3.26,296.421,3.5,27.27
9/14/2022,1696.5,109.6309967,88.48000336,19.47100067,3946.01001,20241.08984,2.56,3.26,296.421,3.5,26.16
9/15/2022,1665.400024,109.7109985,85.09999847,19.17499924,3901.350098,19701.21094,2.56,3.26,296.421,3.5,26.27
9/16/2022,1671.699951,109.7360001,85.11000061,19.29599953,3873.330078,19772.58398,2.56,3.26,296.421,3.5,26.3
9/19/2022,1666.199951,109.9820023,85.73000336,19.27300072,3899.889893,19544.12891,2.56,3.26,296.421,3.5,25.76
9/20/2022,1659.699951,109.9420013,84.44999695,19.10199928,3855.929932,18890.78906,2.56,3.26,296.421,3.5,27.16
9/21/2022,1664.599976,110.3460007,82.94000244,19.4109993,3789.929932,18547.40039,2.56,3.26,296.421,3.5,27.99
9/22/2022,1670.800049,111.1050034,83.48999786,19.54800034,3757.98999,19413.55078,2.56,3.26,296.421,3.5,27.35
9/23/2022,1645.300049,112.961998,78.73999786,18.8409996,3693.22998,19297.63867,2.56,3.26,296.421,3.5,29.92
9/26/2022,1623.300049,114.0199966,76.70999908,18.40600014,3655.040039,19222.67188,2.56,3.26,296.421,3.5,32.26
9/27/2022,1626.699951,114.0469971,78.5,18.25699997,3647.290039,19110.54688,2.56,3.26,296.421,3.5,32.6
9/28/2022,1660.400024,112.5080032,82.15000153,18.79599953,3719.040039,19426.7207,2.56,3.26,296.421,3.5,30.18
9/29/2022,1658.5,112.2020035,81.23000336,18.61100006,3640.469971,19573.05078,2.56,3.26,296.421,3.5,31.84
9/30/2022,1662.400024,112.0839996,79.48999786,18.95999908,3585.620117,19431.78906,2.56,3.26,296.421,3.5,31.62
10/3/2022,1692.900024,111.6559982,83.62999725,20.5189991,3678.429932,19623.58008,3.08,3.26,297.979,3.6,30.1
10/4/2022,1721.099976,109.9810028,86.51999664,21.03700066,3790.929932,20336.84375,3.08,3.26,297.979,3.6,29.07
10/5/2022,1711.400024,111.0110016,87.76000214,20.47900009,3783.280029,20160.7168,3.08,3.26,297.979,3.6,28.55
10/6/2022,1711.699951,112.1829987,88.44999695,20.59499931,3744.52002,19955.44336,3.08,3.26,297.979,3.6,30.52
10/7/2022,1700.5,112.6829987,92.63999939,20.19199944,3639.659912,19546.84961,3.08,3.26,297.979,3.6,31.36
10/10/2022,1667.300049,113.0709991,91.12999725,19.55599976,3612.389893,19141.48438,3.08,3.26,297.979,3.6,32.45
10/11/2022,1678.699951,113.1279984,89.34999847,19.42700005,3588.840088,19051.41797,3.08,3.26,297.979,3.6,33.63
10/12/2022,1670.300049,113.223999,87.26999664,18.87800026,3577.030029,19157.44531,3.08,3.26,297.979,3.6,33.57
10/13/2022,1670.0,112.2529984,89.11000061,18.8579998,3669.909912,19382.9043,3.08,3.26,297.979,3.6,31.94
10/14/2022,1641.699951,113.2020035,85.61000061,18.01499939,3583.070068,19185.65625,3.08,3.26,297.979,3.6,32.02
10/17/2022,1657.0,111.9079971,85.45999908,18.67399979,3677.949951,19550.75781,3.08,3.26,297.979,3.6,31.37
10/18/2022,1649.0,111.9940033,82.81999969,18.57099915,3719.97998,19334.41602,3.08,3.26,297.979,3.6,30.5
10/19/2022,1627.5,112.8789978,85.55000305,18.33600044,3695.159912,19139.53516,3.08,3.26,297.979,3.6,30.76
10/20/2022,1630.800049,112.8180008,85.98000336,18.66600037,3665.780029,19053.74023,3.08,3.26,297.979,3.6,29.98
10/21/2022,1651.0,111.9800034,85.05000305,19.04299927,3752.75,19172.46875,3.08,3.26,297.979,3.6,29.69
10/24/2022,1648.699951,111.9089966,84.58000183,19.17399979,3797.340088,19345.57227,3.08,3.26,297.979,3.6,29.85
10/25/2022,1652.800049,110.8300018,85.31999969,19.3390007,3859.110107,20095.85742,3.08,3.26,297.979,3.6,28.46
10/26/2022,1664.0,109.552002,87.91000366,19.47999954,3830.600098,20770.44141,3.08,3.26,297.979,3.6,27.28
10/27/2022,1660.699951,110.4530029,89.08000183,19.47800064,3807.300049,20285.83594,3.08,3.26,297.979,3.6,27.39
10/28/2022,1639.599976,110.6060028,87.90000153,19.14699936,3901.060059,20595.35156,3.08,3.26,297.979,3.6,25.75
10/31/2022,1635.900024,111.4199982,86.52999878,19.125,3871.97998,20495.77344,3.08,3.26,297.979,3.6,25.88
11/1/2022,1645.0,111.3590012,88.37000275,19.67300034,3856.100098,20485.27344,3.78,4.07,298.708,3.6,25.81
11/2/2022,1645.699951,111.2259979,90.0,19.60000038,3759.689941,20159.50391,3.78,4.07,298.708,3.6,25.86
11/3/2022,1627.300049,112.8040009,88.16999817,19.43600082,3719.889893,20209.98828,3.78,4.07,298.708,3.6,25.3
11/4/2022,1672.5,110.7740021,92.61000061,20.79000092,3770.550049,21147.23047,3.78,4.07,298.708,3.6,24.55
11/7/2022,1676.5,109.9929962,91.79000092,20.89800072,3806.800049,20602.81641,3.78,4.07,298.708,3.6,24.35
11/8/2022,1712.099976,109.5419998,88.91000366,21.47699928,3828.110107,18541.27148,3.78,4.07,298.708,3.6,25.54
11/9/2022,1710.099976,110.4599991,85.83000183,21.29800034,3748.570068,15880.78027,3.78,4.07,298.708,3.6,26.09
11/10/2022,1750.300049,108.0920029,86.47000122,21.67700005,3956.370117,17586.77148,3.78,4.07,298.708,3.6,23.53
11/11/2022,1766.0,106.1640015,88.95999908,21.64599991,3992.929932,17034.29297,3.78,4.07,298.708,3.6,22.52
11/14/2022,1773.599976,106.5309982,85.87000275,22.09199905,3957.25,16618.19922,3.78,4.07,298.708,3.6,23.73
11/15/2022,1773.800049,106.2949982,86.91999817,21.49900055,3991.72998,16884.61328,3.78,4.07,298.708,3.6,24.54
11/16/2022,1773.0,106.1520004,85.58999634,21.50399971,3958.790039,16669.43945,3.78,4.07,298.708,3.6,24.11
11/17/2022,1760.800049,106.5920029,81.63999939,20.95499992,3946.560059,16687.51758,3.78,4.07,298.708,3.6,23.93
11/18/2022,1751.900024,106.8259964,80.08000183,20.97599983,3965.340088,16697.77734,3.78,4.07,298.708,3.6,23.12
11/21/2022,1737.400024,107.7320023,79.73000336,20.84900093,3949.939941,15787.28418,3.78,4.07,298.708,3.6,22.36
11/22/2022,1738.300049,107.1149979,80.94999695,21.0340004,4003.580078,16189.76953,3.78,4.07,298.708,3.6,21.29
11/23/2022,1744.900024,105.9670029,77.94000244,21.35700035,4027.26001,16610.70703,3.78,4.07,298.708,3.6,20.35
11/25/2022,1753.300049,105.9169998,76.27999878,21.42499924,4026.120117,16521.8418,3.78,4.07,298.708,3.6,20.5
11/28/2022,1740.099976,106.6320038,77.23999786,20.90999985,3963.939941,16217.32227,3.78,4.07,298.708,3.6,22.21
11/29/2022,1748.400024,106.7679977,78.19999695,21.20400047,3957.629883,16444.98242,3.78,4.07,298.708,3.6,21.89
11/30/2022,1746.0,105.8970032,80.55000305,21.54999924,4080.110107,17168.56641,3.78,4.07,298.708,3.6,20.58
12/1/2022,1801.099976,104.689003,81.22000122,22.63699913,4076.570068,16967.13281,4.1,3.53,298.808,3.5,19.84
12/2/2022,1795.900024,104.5,79.98000336,23.03800011,4071.699951,17088.66016,4.1,3.53,298.808,3.5,19.06
12/5/2022,1767.400024,105.2389984,76.93000031,22.1989994,3998.840088,16974.82617,4.1,3.53,298.808,3.5,20.75
12/6/2022,1769.300049,105.5419998,74.25,22.12299919,3941.26001,17089.50391,4.1,3.53,298.808,3.5,22.17
12/7/2022,1785.5,105.0559998,72.01000214,22.70999908,3933.919922,16848.12695,4.1,3.53,298.808,3.5,22.68
12/8/2022,1788.699951,104.7559967,71.45999908,23.06299973,3963.51001,17233.47461,4.1,3.53,298.808,3.5,22.29
12/9/2022,1798.099976,104.7990036,71.01999664,23.53499985,3934.379883,17133.15234,4.1,3.53,298.808,3.5,22.83
12/12/2022,1780.5,105.1039963,73.16999817,23.21999931,3990.560059,17206.4375,4.1,3.53,298.808,3.5,25.0
12/13/2022,1813.900024,103.9430008,75.38999939,23.8010006,4019.649902,17781.31836,4.1,3.53,298.808,3.5,22.55
12/14/2022,1807.5,103.7389984,77.27999878,23.94599915,3995.320068,17815.65039,4.1,3.53,298.808,3.5,21.14
12/15/2022,1777.199951,104.5319977,76.11000061,23.12800026,3895.75,17364.86523,4.1,3.53,298.808,3.5,22.83
12/16/2022,1790.0,104.6610031,74.29000092,23.15099907,3852.360107,16647.48438,4.1,3.53,298.808,3.5,22.62
12/19/2022,1787.699951,104.5950012,75.19000244,23.02899933,3817.659912,16439.67969,4.1,3.53,298.808,3.5,22.42
12/20/2022,1815.900024,103.6060028,76.08999634,24.09399986,3821.620117,16906.30469,4.1,3.53,298.808,3.5,21.48
12/21/2022,1815.900024,103.8470001,78.29000092,24.03499985,3878.439941,16817.53516,4.1,3.53,298.808,3.5,20.07
12/22/2022,1787.0,104.1269989,77.48999786,23.47599983,3822.389893,16830.3418,4.1,3.53,298.808,3.5,21.97
12/23/2022,1795.900024,104.0100021,79.55999756,23.76399994,3844.820068,16796.95313,4.1,3.53,298.808,3.5,20.87
12/27/2022,1814.800049,103.8929977,79.52999878,24.04000092,3829.25,16717.17383,4.1,3.53,298.808,3.5,21.65
12/28/2022,1807.900024,104.1819992,78.95999908,23.66300011,3783.219971,16552.57227,4.1,3.53,298.808,3.5,22.14
12/29/2022,1819.5,103.5859985,78.40000153,24.07799911,3849.280029,16642.3418,4.1,3.53,298.808,3.5,21.44
12/30/2022,1819.699951,103.2689972,80.26000214,23.86199951,3839.5,16602.58594,4.1,3.53,298.808,3.5,21.67
1/3/2023,1839.699951,104.3119965,76.93000031,24.05900002,3824.139893,16679.85742,4.33,3.53,300.456,3.5,22.9
1/4/2023,1852.800049,104.0210037,72.83999634,23.79199982,3852.969971,16863.23828,4.33,3.53,300.456,3.5,22.01
1/5/2023,1834.800049,104.8280029,73.66999817,23.25799942,3808.100098,16836.73633,4.33,3.53,300.456,3.5,22.46
1/6/2023,1864.199951,103.6460037,73.76999664,23.8220005,3895.080078,16951.96875,4.33,3.53,300.456,3.5,21.13
1/9/2023,1872.699951,102.7429962,74.62999725,23.71199989,3892.090088,17196.55469,4.33,3.53,300.456,3.5,21.97
1/10/2023,1871.599976,102.9800034,75.12000275,23.50699997,3919.25,17446.29297,4.33,3.53,300.456,3.5,20.58
1/11/2023,1874.599976,102.9280014,77.41000366,23.32699966,3969.610107,17934.89648,4.33,3.53,300.456,3.5,21.09
1/12/2023,1895.5,101.9950027,78.38999939,23.86300087,3983.169922,18869.58789,4.33,3.53,300.456,3.5,18.83
1/13/2023,1918.400024,101.9459991,79.86000061,24.2310009,3999.090088,19909.57422,4.33,3.53,300.456,3.5,18.35
1/17/2023,1907.199951,102.1409988,80.18000031,23.94400024,3990.969971,21161.51953,4.33,3.53,300.456,3.5,19.36
1/18/2023,1904.400024,102.1070023,79.48000336,23.53000069,3928.860107,20688.78125,4.33,3.53,300.456,3.5,20.34
1/19/2023,1922.099976,101.8310013,80.33000183,23.75399971,3898.850098,21086.79297,4.33,3.53,300.456,3.5,20.52
1/20/2023,1926.400024,101.7809982,81.30999756,23.82999992,3972.610107,22676.55273,4.33,3.53,300.456,3.5,19.85
1/23/2023,1927.099976,101.9160004,81.62000275,23.45199966,4019.810059,22934.43164,4.33,3.53,300.456,3.5,19.81
1/24/2023,1933.900024,101.6750031,80.12999725,23.64900017,4016.949951,22636.46875,4.33,3.53,300.456,3.5,19.2
1/25/2023,1941.199951,101.4160004,80.15000153,23.8390007,4016.219971,23117.85938,4.33,3.53,300.456,3.5,19.08
1/26/2023,1929.099976,101.6380005,81.01000214,23.93000031,4060.429932,23032.77734,4.33,3.53,300.456,3.5,18.73
1/27/2023,1928.599976,101.7210007,79.68000031,23.52700043,4070.560059,23078.72852,4.33,3.53,300.456,3.5,18.51
1/30/2023,1922.900024,102.0859985,77.90000153,23.64500046,4017.77002,22840.13867,4.33,3.53,300.456,3.5,19.94
1/31/2023,1929.5,101.9150009,78.87000275,23.74799919,4076.600098,23139.2832,4.33,3.53,300.456,3.5,19.4
2/1/2023,1927.800049,101.0279999,76.41000366,23.52099991,4119.209961,23723.76953,4.57,3.39,301.476,3.6,17.87
2/2/2023,1916.300049,101.5749969,75.87999725,23.5340004,4179.759766,23471.87109,4.57,3.39,301.476,3.6,18.73
2/3/2023,1862.900024,102.7549973,73.38999939,22.33399963,4136.47998,23449.32227,4.57,3.39,301.476,3.6,18.33
2/6/2023,1866.199951,103.4980011,74.11000061,22.17700005,4111.080078,22760.10938,4.57,3.39,301.476,3.6,19.43
2/7/2023,1871.699951,103.2979965,77.13999939,22.11700058,4164.0,23264.29102,4.57,3.39,301.476,3.6,18.66
2/8/2023,1877.400024,103.2720032,78.47000122,22.36700058,4117.859863,22939.39844,4.57,3.39,301.476,3.6,19.63
2/9/2023,1866.199951,103.1060028,78.05999756,22.09700012,4081.5,21819.03906,4.57,3.39,301.476,3.6,20.71
2/10/2023,1862.800049,103.5350037,79.72000122,22.0340004,4090.459961,21651.18359,4.57,3.39,301.476,3.6,20.53
2/13/2023,1851.900024,103.2480011,80.13999939,21.81800079,4137.290039,21808.10156,4.57,3.39,301.476,3.6,20.34
2/14/2023,1854.0,103.1230011,79.05999756,21.84199905,4136.129883,22220.80469,4.57,3.39,301.476,3.6,18.91
2/15/2023,1834.199951,103.8389969,78.58999634,21.54599953,4147.600098,24307.8418,4.57,3.39,301.476,3.6,18.23
2/16/2023,1842.0,103.7910004,78.48999786,21.68400002,4090.409912,23623.47461,4.57,3.39,301.476,3.6,20.17
2/17/2023,1840.400024,103.7799988,76.33999634,21.69400024,4079.090088,24565.60156,4.57,3.39,301.476,3.6,20.02
2/21/2023,1833.0,104.1119995,76.16000366,21.86899948,3997.340088,24436.35352,4.57,3.39,301.476,3.6,22.87
2/22/2023,1832.0,104.5230026,73.94999695,21.6609993,3991.050049,24188.84375,4.57,3.39,301.476,3.6,22.29
2/23/2023,1818.0,104.5390015,75.38999939,21.29899979,4012.320068,23947.49219,4.57,3.39,301.476,3.6,21.14
2/24/2023,1808.800049,105.1579971,76.31999969,20.80599976,3970.040039,23198.12695,4.57,3.39,301.476,3.6,21.67
2/27/2023,1817.0,104.6240005,75.68000031,20.67000008,3982.23999,23522.87109,4.57,3.39,301.476,3.6,20.95
2/28/2023,1828.900024,104.8249969,77.05000305,20.96100044,3970.149902,23147.35352,4.57,3.39,301.476,3.6,20.7
3/1/2023,1837.699951,104.4319992,77.69000244,20.95899963,3951.389893,23646.55078,4.65,4.01,301.643,3.5,20.58
3/2/2023,1833.5,104.9950027,78.16000366,20.76600075,3981.350098,23475.4668,4.65,4.01,301.643,3.5,19.59
3/3/2023,1847.699951,104.487999,79.68000031,21.09300041,4045.639893,22362.67969,4.65,4.01,301.643,3.5,18.49
3/6/2023,1847.900024,104.3249969,80.45999908,20.98399925,4048.419922,22429.75781,4.65,4.01,301.643,3.5,18.61
3/7/2023,1813.900024,105.5920029,77.58000183,20.05400085,3986.370117,22219.76953,4.65,4.01,301.643,3.5,19.59
3/8/2023,1812.699951,105.6340027,76.66000366,20.00499916,3992.01001,21718.08008,4.65,4.01,301.643,3.5,19.11
3/9/2023,1829.300049,105.3050003,75.72000122,20.02499962,3918.320068,20363.02148,4.65,4.01,301.643,3.5,22.61
3/10/2023,1862.0,104.552002,76.68000031,20.375,3861.590088,20187.24414,4.65,4.01,301.643,3.5,24.8
3/13/2023,1911.699951,103.7129974,74.80000305,21.79299927,3855.76001,24197.5332,4.65,4.01,301.643,3.5,26.52
3/14/2023,1906.199951,103.2149963,71.33000183,21.92900085,3919.290039,24746.07422,4.65,4.01,301.643,3.5,23.73
3/15/2023,1926.599976,104.276001,67.61000061,21.77400017,3891.929932,24375.96094,4.65,4.01,301.643,3.5,26.14
3/16/2023,1919.0,104.0920029,68.34999847,21.58799934,3960.280029,25052.78906,4.65,4.01,301.643,3.5,22.99
3/17/2023,1969.800049,103.3600006,66.73999786,22.35099983,3916.639893,27423.92969,4.65,4.01,301.643,3.5,25.51
3/20/2023,1979.199951,102.9329987,67.63999939,22.53300095,3951.570068,27767.23633,4.65,4.01,301.643,3.5,24.15
3/21/2023,1938.0,102.8970032,69.33000183,22.3239994,4002.870117,28175.81641,4.65,4.01,301.643,3.5,21.38
3/22/2023,1946.800049,101.9720001,70.90000153,22.67499924,3936.969971,27307.4375,4.65,4.01,301.643,3.5,22.26
3/23/2023,1993.800049,102.2070007,69.95999908,23.1439991,3948.719971,28333.97266,4.65,4.01,301.643,3.5,22.61
3/24/2023,1982.099976,102.7639999,69.26000214,23.24699974,3970.98999,27493.28516,4.65,4.01,301.643,3.5,21.74
3/27/2023,1952.400024,102.5179977,72.80999756,23.05400085,3977.530029,27139.88867,4.65,4.01,301.643,3.5,20.6
3/28/2023,1972.400024,102.1060028,73.19999695,23.3239994,3971.27002,27268.13086,4.65,4.01,301.643,3.5,19.97
3/29/2023,1966.099976,102.2979965,72.97000122,23.37599945,4027.810059,28348.44141,4.65,4.01,301.643,3.5,19.12
3/30/2023,1980.300049,101.8209991,74.37000275,23.90200043,4050.830078,28033.5625,4.65,4.01,301.643,3.5,19.02
3/31/2023,1969.0,102.185997,75.66999817,24.07600021,4109.310059,28478.48438,4.65,4.01,301.643,3.5,18.7
4/3/2023,1983.900024,101.7870026,80.41999817,23.94099998,4124.509766,27790.2207,4.83,4.01,302.858,3.4,18.55
4/4/2023,2022.199951,101.2669983,80.70999908,25.02199936,4100.600098,28168.08984,4.83,4.01,302.858,3.4,19.0
4/5/2023,2020.900024,101.5449982,80.61000061,24.96299934,4090.379883,28177.98438,4.83,4.01,302.858,3.4,19.08
4/6/2023,2011.900024,101.5189972,80.69999695,25.02499962,4105.02002,28044.14063,4.83,4.01,302.858,3.4,18.4
4/10/2023,1989.099976,101.7300034,79.73999786,24.84600067,4109.109863,29652.98047,4.83,4.01,302.858,3.4,18.97
4/11/2023,2004.800049,101.8840027,81.52999878,25.13100052,4108.939941,30235.05859,4.83,4.01,302.858,3.4,19.1
4/12/2023,2010.900024,101.1709976,83.26000214,25.40399933,4091.949951,30139.05273,4.83,4.01,302.858,3.4,19.09
4/13/2023,2041.300049,100.6999969,82.16000366,25.87400055,4146.220215,30399.06641,4.83,4.01,302.858,3.4,17.8
4/14/2023,2002.199951,101.2450027,82.51999664,25.42399979,4137.640137,30485.69922,4.83,4.01,302.858,3.4,17.07
4/17/2023,1994.199951,101.7959976,80.83000183,25.0529995,4151.319824,29445.04492,4.83,4.01,302.858,3.4,16.95
4/18/2023,2007.400024,101.447998,80.86000061,25.24799919,4154.870117,30397.55273,4.83,4.01,302.858,3.4,16.83
4/19/2023,1995.199951,101.6679993,79.16000366,25.36599922,4154.52002,28822.67969,4.83,4.01,302.858,3.4,16.46
4/20/2023,2007.599976,101.5660019,77.29000092,25.36800003,4129.790039,28245.98828,4.83,4.01,302.858,3.4,17.17
4/21/2023,1979.5,101.552002,77.87000275,25.0529995,4133.52002,27276.91016,4.83,4.01,302.858,3.4,16.77
4/24/2023,1989.099976,101.072998,78.76000214,25.30599976,4137.040039,27525.33984,4.83,4.01,302.858,3.4,16.89
4/25/2023,1994.0,101.5920029,77.06999969,24.87700081,4071.629883,28307.59766,4.83,4.01,302.858,3.4,18.76
4/26/2023,1985.699951,101.2050018,74.30000305,24.87100029,4055.98999,28422.70117,4.83,4.01,302.858,3.4,18.84
4/27/2023,1989.900024,101.2519989,74.76000214,24.9829998,4135.350098,29473.78711,4.83,4.01,302.858,3.4,17.03
4/28/2023,1990.099976,101.4029999,76.77999878,24.99900055,4169.47998,29340.26172,4.83,4.01,302.858,3.4,15.78
5/1/2023,1983.400024,101.9199982,75.66000366,25.00900078,4167.870117,28091.56836,5.06,3.59,303.316,3.6,16.08
5/2/2023,2014.300049,101.7249985,71.66000366,25.40399933,4119.580078,28680.53711,5.06,3.59,303.316,3.6,17.78
5/3/2023,2028.599976,101.1149979,68.59999847,25.47599983,4090.75,29006.30859,5.06,3.59,303.316,3.6,18.34
5/4/2023,2048.0,101.1839981,68.55999756,26.03499985,4061.219971,28847.71094,5.06,3.59,303.316,3.6,20.09
5/5/2023,2017.400024,100.9990005,71.33999634,25.74300003,4136.25,29534.38477,5.06,3.59,303.316,3.6,17.19
5/8/2023,2026.300049,101.1549988,73.16000366,25.63599968,4138.120117,27694.27344,5.06,3.59,303.316,3.6,16.98
5/9/2023,2036.199951,101.3990021,73.70999908,25.69799995,4119.169922,27658.77539,5.06,3.59,303.316,3.6,17.71
5/10/2023,2030.5,101.2689972,72.55999756,25.46100044,4137.640137,27621.75586,5.06,3.59,303.316,3.6,16.94
5/11/2023,2014.699951,101.8730011,70.87000275,24.25499916,4130.620117,27000.78906,5.06,3.59,303.316,3.6,16.93
5/12/2023,2014.5,102.5090027,70.04000092,23.99200058,4124.080078,26804.99023,5.06,3.59,303.316,3.6,17.03
5/15/2023,2018.0,102.2710037,71.11000061,24.12700081,4136.279785,27192.69336,5.06,3.59,303.316,3.6,17.12
5/16/2023,1988.400024,102.4039993,70.86000061,23.73699951,4109.899902,27036.65039,5.06,3.59,303.316,3.6,17.99
5/17/2023,1980.699951,102.7259979,72.83000183,23.75200081,4158.77002,27398.80273,5.06,3.59,303.316,3.6,16.87
5/18/2023,1956.5,103.4550018,71.86000061,23.49500084,4198.049805,26832.20898,5.06,3.59,303.316,3.6,16.05
5/19/2023,1978.699951,103.0790024,71.55000305,23.92000008,4191.97998,26890.12891,5.06,3.59,303.316,3.6,16.81
5/22/2023,1974.800049,103.0790024,71.98999786,23.71500015,4192.629883,26851.27734,5.06,3.59,303.316,3.6,17.21
5/23/2023,1972.400024,103.3850021,72.91000366,23.47400093,4145.580078,27225.72656,5.06,3.59,303.316,3.6,18.53
5/24/2023,1962.800049,103.7990036,74.33999634,23.11499977,4115.240234,26334.81836,5.06,3.59,303.316,3.6,20.03
5/25/2023,1943.099976,104.1750031,71.83000183,22.7859993,4151.279785,26476.20703,5.06,3.59,303.316,3.6,19.14
5/26/2023,1944.099976,104.1360016,72.66999817,23.23999977,4205.450195,26719.29102,5.06,3.59,303.316,3.6,17.95
5/30/2023,1958.0,104.0780029,69.45999908,23.125,4205.52002,27702.34961,5.06,3.59,303.316,3.6,17.46
5/31/2023,1963.900024,104.2450027,68.08999634,23.47400093,4179.830078,27219.6582,5.06,3.59,303.316,3.6,17.94
6/1/2023,1978.0,103.5019989,70.09999847,23.875,4221.02002,26819.97266,5.08,3.61,304.099,3.6,15.65
6/2/2023,1952.400024,103.9520035,71.73999786,23.64299965,4282.370117,27249.58984,5.08,3.61,304.099,3.6,14.6
6/5/2023,1958.0,103.935997,72.15000153,23.5340004,4273.790039,25760.09766,5.08,3.61,304.099,3.6,14.73
6/6/2023,1965.5,104.0739975,71.73999786,23.5739994,4283.850098,27238.7832,5.08,3.61,304.099,3.6,13.96
6/7/2023,1942.699951,104.0550003,72.52999878,23.43899918,4267.52002,26345.99805,5.08,3.61,304.099,3.6,13.94
6/8/2023,1963.599976,103.3160019,71.29000092,24.26399994,4293.930176,26508.2168,5.08,3.61,304.099,3.6,13.65
6/9/2023,1962.199951,103.5329971,70.16999817,24.33399963,4298.859863,26480.375,5.08,3.61,304.099,3.6,13.83
6/12/2023,1955.300049,103.6309967,67.12000275,23.98500061,4338.930176,25902.5,5.08,3.61,304.099,3.6,15.01
6/13/2023,1944.599976,103.3180008,69.41999817,23.75600052,4369.009766,25918.72852,5.08,3.61,304.099,3.6,14.61
6/14/2023,1955.300049,102.9160004,68.26999664,24.04400063,4372.589844,25124.67578,5.08,3.61,304.099,3.6,13.88
6/15/2023,1957.800049,102.1080017,70.62000275,23.89100075,4425.839844,25576.39453,5.08,3.61,304.099,3.6,14.5
6/16/2023,1958.400024,102.2580032,71.77999878,24.07600021,4409.589844,26327.46289,5.08,3.61,304.099,3.6,13.54
6/20/2023,1935.5,102.125,70.5,23.19300079,4388.709961,28327.48828,5.08,3.61,304.099,3.6,13.88
6/21/2023,1933.300049,101.6760025,72.52999878,22.77400017,4365.689941,30027.29688,5.08,3.61,304.099,3.6,13.2
6/22/2023,1912.699951,101.9940033,69.51000214,22.43600082,4381.890137,29912.28125,5.08,3.61,304.099,3.6,12.91
6/23/2023,1919.099976,102.5419998,69.16000366,22.32799911,4348.330078,30695.46875,5.08,3.61,304.099,3.6,13.44
6/26/2023,1923.699951,102.3339996,69.37000275,22.80500031,4328.819824,30271.13086,5.08,3.61,304.099,3.6,14.25
6/27/2023,1914.0,102.1269989,67.69999695,22.93899918,4378.410156,30688.16406,5.08,3.61,304.099,3.6,13.74
6/28/2023,1912.300049,102.5479965,69.55999756,22.86800003,4376.859863,30086.24609,5.08,3.61,304.099,3.6,13.43
6/29/2023,1909.199951,103.0080032,69.86000061,22.5909996,4396.439941,30445.35156,5.08,3.61,304.099,3.6,13.54
6/30/2023,1921.099976,102.586998,70.63999939,22.80999947,4450.379883,30477.25195,5.08,3.61,304.099,3.6,13.59
7/3/2023,1921.699951,102.6539993,69.79000092,22.89599991,4455.589844,31156.43945,5.12,3.61,304.615,3.5,13.57
7/5/2023,1919.599976,103.0350037,71.79000092,23.1970005,4446.819824,30514.16602,5.12,3.61,304.615,3.5,14.18
7/6/2023,1908.699951,102.8669968,71.80000305,22.68600082,4411.589844,29909.33789,5.12,3.61,304.615,3.5,15.44
7/7/2023,1926.199951,101.9499969,73.86000061,23.09199905,4398.950195,30342.26563,5.12,3.61,304.615,3.5,14.83
7/10/2023,1925.0,101.6419983,72.98999786,23.15099907,4409.529785,30414.4707,5.12,3.61,304.615,3.5,15.07
7/11/2023,1931.300049,101.4029999,74.83000183,23.08600044,4439.259766,30620.95117,5.12,3.61,304.615,3.5,14.84
7/12/2023,1956.199951,100.1930008,75.75,24.11899948,4472.160156,30391.64648,5.12,3.61,304.615,3.5,13.54
7/13/2023,1959.199951,99.45600128,76.88999939,24.76799965,4510.040039,31476.04883,5.12,3.61,304.615,3.5,13.61
7/14/2023,1960.099976,99.60500336,75.41999817,25.01399994,4505.419922,30334.06836,5.12,3.61,304.615,3.5,13.34
7/17/2023,1952.400024,99.52899933,74.15000153,24.84399986,4522.790039,30145.88867,5.12,3.61,304.615,3.5,13.48
7/18/2023,1977.199951,99.625,75.75,25.08399963,4554.97998,29856.5625,5.12,3.61,304.615,3.5,13.3
7/19/2023,1977.5,99.98799896,75.34999847,25.21899986,4565.720215,29913.92383,5.12,3.61,304.615,3.5,13.76
7/20/2023,1968.300049,100.5970001,75.62999725,24.80500031,4534.870117,29792.01563,5.12,3.61,304.615,3.5,13.99
7/21/2023,1964.300049,100.7979965,77.06999969,24.69799995,4536.339844,29908.74414,5.12,3.61,304.615,3.5,13.6
7/24/2023,1960.300049,101.0830002,78.73999786,24.43600082,4554.640137,29176.91602,5.12,3.61,304.615,3.5,13.91
7/25/2023,1962.099976,101.0960007,79.62999725,24.68000031,4567.459961,29227.39063,5.12,3.61,304.615,3.5,13.86
7/26/2023,1968.900024,100.6360016,78.77999878,24.82500076,4566.75,29354.97266,5.12,3.61,304.615,3.5,13.19
7/27/2023,1945.400024,101.5439987,80.08999634,24.23600006,4537.410156,29210.68945,5.12,3.61,304.615,3.5,14.41
7/28/2023,1960.400024,101.3990021,80.58000183,24.37000084,4582.22998,29319.24609,5.12,3.61,304.615,3.5,13.33
7/31/2023,1970.5,101.6259995,81.80000305,24.85400009,4588.959961,29230.11133,5.12,3.61,304.615,3.5,13.63
8/1/2023,1940.699951,102.0849991,81.37000275,24.20800018,4576.72998,29675.73242,5.33,4.05,306.138,3.7,13.93
8/2/2023,1937.400024,102.3889999,79.48999786,23.75399971,4513.390137,29151.95898,5.33,4.05,306.138,3.7,16.09
8/3/2023,1932.0,102.3499985,81.55000305,23.58600044,4501.890137,29178.67969,5.33,4.05,306.138,3.7,15.92
8/4/2023,1939.599976,101.8359985,82.81999969,23.61700058,4478.029785,29074.0918,5.33,4.05,306.138,3.7,17.1
8/7/2023,1933.5,101.8610001,81.94000244,23.1420002,4518.439941,29180.57813,5.33,4.05,306.138,3.7,15.77
8/8/2023,1924.099976,102.3399963,82.91999817,22.71699905,4499.379883,29765.49219,5.33,4.05,306.138,3.7,15.99
8/9/2023,1915.400024,102.3119965,84.40000153,22.64999962,4467.709961,29561.49414,5.33,4.05,306.138,3.7,15.96
8/10/2023,1914.400024,102.3669968,82.81999969,22.74600029,4468.830078,29429.5918,5.33,4.05,306.138,3.7,15.85
8/11/2023,1912.900024,102.689003,83.19000244,22.67399979,4464.049805,29397.71484,5.33,4.05,306.138,3.7,14.84
8/14/2023,1910.599976,103.0579987,82.51000214,22.6439991,4489.720215,29408.44336,5.33,4.05,306.138,3.7,14.82
8/15/2023,1902.5,103.0950012,80.98999786,22.59499931,4437.859863,29170.34766,5.33,4.05,306.138,3.7,16.46
8/16/2023,1896.099976,103.3190002,79.37999725,22.47999954,4404.330078,28701.7793,5.33,4.05,306.138,3.7,16.78
8/17/2023,1884.099976,103.4700012,80.38999939,22.67000008,4370.359863,26664.55078,5.33,4.05,306.138,3.7,17.89
8/18/2023,1886.099976,103.276001,81.25,22.69499969,4369.709961,26049.55664,5.33,4.05,306.138,3.7,17.3
8/21/2023,1893.300049,103.2060013,80.72000122,23.30400085,4399.77002,26124.14063,5.33,4.05,306.138,3.7,17.13
8/22/2023,1896.400024,103.4729996,80.34999847,23.42000008,4387.549805,26031.65625,5.33,4.05,306.138,3.7,16.97
8/23/2023,1918.5,103.3330002,78.88999939,24.36300087,4436.009766,26431.64063,5.33,4.05,306.138,3.7,15.98
8/24/2023,1918.199951,103.9189987,79.05000305,24.21100044,4376.310059,26162.37305,5.33,4.05,306.138,3.7,17.2
8/25/2023,1911.099976,104.0130005,79.83000183,24.21999931,4405.709961,26047.66797,5.33,4.05,306.138,3.7,15.68
8/28/2023,1917.900024,103.9919968,80.09999847,24.23800087,4433.310059,26106.15039,5.33,4.05,306.138,3.7,15.08
8/29/2023,1936.5,103.4710007,81.16000366,24.77700043,4497.629883,27727.39258,5.33,4.05,306.138,3.7,14.45
8/30/2023,1944.300049,103.0930023,81.62999725,24.73399925,4514.870117,27297.26563,5.33,4.05,306.138,3.7,13.88
8/31/2023,1938.199951,103.586998,83.62999725,24.47200012,4507.660156,25931.47266,5.33,4.05,306.138,3.7,13.57
9/1/2023,1939.800049,104.1910019,85.55000305,24.23200035,4515.77002,25800.72461,5.33,4.18,307.374,3.8,13.09
9/5/2023,1926.199951,104.7630005,86.69000244,23.55800056,4496.830078,25779.98242,5.33,4.18,307.374,3.8,14.01
9/6/2023,1918.099976,104.8209991,87.54000092,23.20599937,4465.47998,25753.23633,5.33,4.18,307.374,3.8,14.45
9/7/2023,1917.5,105.0279999,86.87000275,22.95000076,4451.140137,26240.19531,5.33,4.18,307.374,3.8,14.4
9/8/2023,1918.400024,105.0660019,87.51000214,22.8920002,4457.490234,25905.6543,5.33,4.18,307.374,3.8,13.84
9/11/2023,1923.300049,104.5390015,87.29000092,23.10300064,4487.459961,25162.6543,5.33,4.18,307.374,3.8,13.8
9/12/2023,1911.300049,104.6900024,88.83999634,23.12700081,4461.899902,25833.34375,5.33,4.18,307.374,3.8,14.23
9/13/2023,1909.099976,104.7490005,88.51999664,22.91200066,4467.439941,26228.32422,5.33,4.18,307.374,3.8,13.48
9/14/2023,1910.0,105.3949966,90.16000366,22.74799919,4505.100098,26539.67383,5.33,4.18,307.374,3.8,12.82
9/15/2023,1923.699951,105.3249969,90.76999664,23.12599945,4450.319824,26608.69336,5.33,4.18,307.374,3.8,13.79
9/18/2023,1931.5,105.2919998,91.48000336,23.23200035,4453.529785,26754.28125,5.33,4.18,307.374,3.8,14.0
9/19/2023,1932.0,104.8320007,91.19999695,23.19400024,4443.950195,27211.11719,5.33,4.18,307.374,3.8,14.11
9/20/2023,1945.599976,104.788002,90.27999878,23.57900047,4402.200195,27132.00781,5.33,4.18,307.374,3.8,15.14
9/21/2023,1919.199951,105.0439987,89.62999725,23.44400024,4330.0,26567.63281,5.33,4.18,307.374,3.8,17.54
9/22/2023,1925.400024,105.2600021,90.02999878,23.59600067,4320.060059,26579.56836,5.33,4.18,307.374,3.8,17.2
9/25/2023,1916.599976,105.6900024,89.68000031,23.14500046,4337.439941,26298.48047,5.33,4.18,307.374,3.8,16.9
9/26/2023,1900.400024,105.9300003,90.38999939,22.95000076,4273.529785,26217.25,5.33,4.18,307.374,3.8,18.94
9/27/2023,1871.599976,106.3659973,93.68000031,22.47699928,4274.509766,26352.7168,5.33,4.18,307.374,3.8,18.22
9/28/2023,1860.400024,105.9329987,91.70999908,22.51499939,4299.700195,27021.54688,5.33,4.18,307.374,3.8,17.34
9/29/2023,1848.099976,105.8150024,90.79000092,22.23600006,4288.049805,26911.7207,5.33,4.18,307.374,3.8,17.52
10/2/2023,1830.0,106.6060028,88.81999969,21.21800041,4288.390137,27530.78516,5.33,4.18,307.653,3.9,17.61
10/3/2023,1824.599976,106.7190018,89.23000336,21.1779995,4229.450195,27429.97852,5.33,4.18,307.653,3.9,19.78
10/4/2023,1818.5,106.5299988,84.22000122,20.95599937,4263.75,27799.39453,5.33,4.18,307.653,3.9,18.58
10/5/2023,1816.599976,106.0650024,82.30999756,20.84799957,4258.189941,27415.91211,5.33,4.18,307.653,3.9,18.49
10/6/2023,1830.199951,105.7839966,82.79000092,21.54000092,4308.5,27946.59766,5.33,4.18,307.653,3.9,17.45
10/9/2023,1849.5,105.810997,86.37999725,21.74099922,4335.660156,27583.67773,5.33,4.18,307.653,3.9,17.7
10/10/2023,1861.0,105.5569992,85.97000122,21.77599907,4358.240234,27391.01953,5.33,4.18,307.653,3.9,17.03
10/11/2023,1872.800049,105.5690002,83.48999786,21.95700073,4376.950195,26873.32031,5.33,4.18,307.653,3.9,16.09
10/12/2023,1869.300049,106.3669968,82.91000366,21.79199982,4349.609863,26756.79883,5.33,4.18,307.653,3.9,16.69
10/13/2023,1927.400024,106.4339981,87.69000244,22.72699928,4327.779785,26862.375,5.33,4.18,307.653,3.9,19.32
10/16/2023,1921.099976,106.0339966,86.66000366,22.61000061,4373.629883,28519.4668,5.33,4.18,307.653,3.9,17.21
10/17/2023,1922.699951,106.0459976,86.66000366,22.86300087,4373.200195,28415.74805,5.33,4.18,307.653,3.9,17.88
10/18/2023,1955.300049,106.3539963,88.31999969,22.94400024,4314.600098,28328.3418,5.33,4.18,307.653,3.9,19.22
10/19/2023,1968.400024,106.0459976,89.37000275,22.88699913,4278.0,28719.80664,5.33,4.18,307.653,3.9,21.4
10/20/2023,1982.5,105.987999,88.75,23.35099983,4224.160156,29682.94922,5.33,4.18,307.653,3.9,21.71
10/23/2023,1976.300049,105.3339996,85.48999786,23.0720005,4217.040039,33086.23438,5.33,4.18,307.653,3.9,20.37
10/24/2023,1975.0,106.0800018,83.73999786,22.97999954,4247.680176,33901.52734,5.33,4.18,307.653,3.9,18.97
10/25/2023,1984.099976,106.3519974,85.38999939,22.87700081,4186.77002,34502.82031,5.33,4.18,307.653,3.9,20.19
10/26/2023,1987.199951,106.4219971,83.20999908,22.78700066,4137.22998,34156.64844,5.33,4.18,307.653,3.9,20.68
10/27/2023,1988.599976,106.3799973,85.54000092,22.77000046,4117.370117,33909.80078,5.33,4.18,307.653,3.9,21.27
10/30/2023,1996.199951,105.9339981,82.30999756,23.28199959,4166.819824,34502.36328,5.33,4.18,307.653,3.9,19.75
10/31/2023,1985.199951,106.4940033,81.01999664,22.8409996,4193.799805,34667.78125,5.33,4.18,307.653,3.9,18.14
11/1/2023,1978.800049,106.7149963,80.44000244,22.68499947,4237.859863,35437.25391,5.33,4.77,308.087,3.7,16.87
11/2/2023,1985.599976,105.9769974,82.45999908,22.75099945,4317.779785,34938.24219,5.33,4.77,308.087,3.7,15.66
11/3/2023,1991.5,104.8590012,80.51000214,23.20100021,4358.339844,34732.32422,5.33,4.77,308.087,3.7,14.91
11/6/2023,1981.599976,105.0459976,80.81999969,23.14900017,4365.97998,35037.37109,5.33,4.77,308.087,3.7,14.89
11/7/2023,1966.800049,105.3730011,77.37000275,22.50799942,4378.379883,35443.5625,5.33,4.77,308.087,3.7,14.81
11/8/2023,1951.5,105.447998,75.33000183,22.64699936,4382.779785,35655.27734,5.33,4.77,308.087,3.7,14.45
11/9/2023,1964.199951,105.7799988,75.73999786,22.83099937,4347.350098,36693.125,5.33,4.77,308.087,3.7,15.29
11/10/2023,1932.599976,105.7249985,77.16999817,22.21500015,4415.240234,37313.96875,5.33,4.77,308.087,3.7,14.17
11/13/2023,1945.5,105.5029984,78.26000214,22.29899979,4411.549805,36502.35547,5.33,4.77,308.087,3.7,14.76
11/14/2023,1961.800049,103.9069977,78.26000214,23.07900047,4495.700195,35537.64063,5.33,4.77,308.087,3.7,14.16
11/15/2023,1960.099976,104.2649994,76.66000366,23.48500061,4502.879883,37880.58203,5.33,4.77,308.087,3.7,14.18
11/16/2023,1983.900024,104.2330017,72.90000153,23.8920002,4508.240234,36154.76953,5.33,4.77,308.087,3.7,14.32
11/17/2023,1981.599976,103.7949982,75.88999939,23.80900002,4514.02002,36596.68359,5.33,4.77,308.087,3.7,13.8
11/20/2023,1977.699951,103.3170013,77.59999847,23.57900047,4547.379883,37476.95703,5.33,4.77,308.087,3.7,13.41
11/21/2023,1999.300049,103.4489975,77.76999664,23.84300041,4538.189941,35813.8125,5.33,4.77,308.087,3.7,13.35
11/22/2023,1991.400024,103.8249969,77.09999847,23.67200089,4556.620117,37432.33984,5.33,4.77,308.087,3.7,12.85
11/24/2023,2002.199951,103.3040009,75.54000092,24.32900047,4559.339844,37720.28125,5.33,4.77,308.087,3.7,12.46
11/27/2023,2011.800049,103.1050034,74.86000061,24.67200089,4550.430176,37254.16797,5.33,4.77,308.087,3.7,12.69
11/28/2023,2039.699951,102.6490021,76.41000366,24.93000031,4554.890137,37831.08594,5.33,4.77,308.087,3.7,12.69
11/29/2023,2047.099976,102.6760025,77.86000061,25.0720005,4550.580078,37858.49219,5.33,4.77,308.087,3.7,12.98
11/30/2023,2038.099976,103.4280014,75.95999908,25.29299927,4567.799805,37712.74609,5.33,4.77,308.087,3.7,12.92
12/1/2023,2071.0,103.1999969,74.06999969,25.49900055,4594.629883,38688.75,5.33,4.22,308.735,3.8,12.63
12/4/2023,2024.099976,103.6470032,73.04000092,24.55500031,4569.779785,41980.09766,5.33,4.22,308.735,3.8,13.08
12/5/2023,2018.5,103.9950027,72.31999969,24.20100021,4567.180176,44080.64844,5.33,4.22,308.735,3.8,12.85
12/6/2023,2030.5,104.1080017,69.37999725,23.88899994,4549.339844,43746.44531,5.33,4.22,308.735,3.8,12.97
12/7/2023,2029.900024,103.5039978,69.33999634,23.73200035,4585.589844,43292.66406,5.33,4.22,308.735,3.8,13.06
12/8/2023,1998.300049,103.9830017,71.23000336,22.97100067,4604.370117,44166.60156,5.33,4.22,308.735,3.8,12.35
12/11/2023,1978.0,104.064003,71.31999969,22.77300072,4622.439941,41243.83203,5.33,4.22,308.735,3.8,12.63
12/12/2023,1977.800049,103.8389969,68.61000061,22.72800064,4643.700195,41450.22266,5.33,4.22,308.735,3.8,12.07
12/13/2023,1982.300049,102.8479996,69.47000122,22.63899994,4707.089844,42890.74219,5.33,4.22,308.735,3.8,12.19
12/14/2023,2030.199951,101.9400024,71.58000183,24.09600067,4719.549805,43023.97266,5.33,4.22,308.735,3.8,12.48
12/15/2023,2021.099976,102.5479965,71.43000031,23.87000084,4719.189941,41929.75781,5.33,4.22,308.735,3.8,12.28
12/18/2023,2026.300049,102.5360031,72.47000122,23.83099937,4740.560059,42623.53906,5.33,4.22,308.735,3.8,12.56
12/19/2023,2038.400024,101.7959976,73.44000244,24.04000092,4768.370117,42270.52734,5.33,4.22,308.735,3.8,12.53
12/20/2023,2034.5,102.0400009,74.22000122,24.34700012,4698.350098,43652.25,5.33,4.22,308.735,3.8,13.67
12/21/2023,2039.099976,101.4779968,73.88999939,24.30699921,4746.75,43869.15234,5.33,4.22,308.735,3.8,13.65
12/22/2023,2057.100098,101.3379974,73.55999756,24.29000092,4754.629883,43997.90234,5.33,4.22,308.735,3.8,13.03
12/26/2023,2058.199951,101.1039963,75.56999969,24.1439991,4774.75,42520.40234,5.33,4.22,308.735,3.8,12.99
12/27/2023,2081.899902,100.6539993,74.11000061,24.375,4781.580078,43442.85547,5.33,4.22,308.735,3.8,12.43
12/28/2023,2073.899902,100.913002,71.76999664,24.13400078,4783.350098,42627.85547,5.33,4.22,308.735,3.8,12.47
12/29/2023,2062.399902,101.0289993,71.65000153,23.85300064,4769.830078,42099.40234,5.33,4.22,308.735,3.8,12.45
1/2/2024,2064.399902,101.8909988,70.37999725,23.7329998,4742.830078,44957.96875,5.33,4.22,309.794,3.7,13.2
1/3/2024,2034.199951,102.1949997,72.69999695,22.94599915,4704.810059,42848.17578,5.33,4.22,309.794,3.7,14.04
1/4/2024,2042.300049,102.1350021,72.19000244,22.98900032,4688.680176,44179.92188,5.33,4.22,309.794,3.7,14.13
1/5/2024,2042.400024,102.1289978,73.80999756,23.12199974,4697.240234,44162.69141,5.33,4.22,309.794,3.7,13.35
1/8/2024,2026.599976,101.9280014,70.76999664,23.12000084,4763.540039,46970.50391,5.33,4.22,309.794,3.7,13.08
1/9/2024,2026.400024,102.2839966,72.23999786,22.90399933,4756.5,46139.73047,5.33,4.22,309.794,3.7,12.76
1/10/2024,2021.699951,102.0800018,71.37000275,22.88400078,4783.450195,46627.77734,5.33,4.22,309.794,3.7,12.69
1/11/2024,2014.300049,102.0240021,72.01999664,22.53700066,4780.240234,46368.58594,5.33,4.22,309.794,3.7,12.44
1/12/2024,2046.699951,102.151001,72.68000031,23.16200066,4783.830078,42853.16797,5.33,4.22,309.794,3.7,12.7
1/16/2024,2026.0,103.1119995,72.40000153,22.93300056,4765.97998,43154.94531,5.33,4.22,309.794,3.7,13.84
1/17/2024,2002.599976,103.2060013,72.55999756,22.51600075,4739.209961,42742.65234,5.33,4.22,309.794,3.7,14.79
1/18/2024,2018.599976,103.3119965,74.08000183,22.66699982,4780.939941,41262.05859,5.33,4.22,309.794,3.7,14.13
1/19/2024,2026.5,103.0690002,73.41000366,22.57099915,4839.810059,41618.40625,5.33,4.22,309.794,3.7,13.3
1/22/2024,2019.800049,103.1179962,75.19000244,22.16300011,4850.430176,39507.36719,5.33,4.22,309.794,3.7,13.19
1/23/2024,2023.699951,103.4020004,74.37000275,22.33399963,4864.600098,39845.55078,5.33,4.22,309.794,3.7,12.55
1/24/2024,2013.900024,103.0390015,75.08999634,22.75499916,4868.549805,40077.07422,5.33,4.22,309.794,3.7,13.14
1/25/2024,2016.900024,103.3700027,77.36000061,22.80800056,4894.160156,39933.80859,5.33,4.22,309.794,3.7,13.45
1/26/2024,2016.800049,103.2340012,78.01000214,22.75499916,4890.970215,41816.87109,5.33,4.22,309.794,3.7,13.26
1/29/2024,2025.199951,103.4209976,76.77999878,23.13800049,4927.930176,43288.24609,5.33,4.22,309.794,3.7,13.6
1/30/2024,2031.5,103.2149963,77.81999969,23.10700035,4924.970215,42952.60938,5.33,4.22,309.794,3.7,13.31
1/31/2024,2048.399902,103.0889969,75.84999847,23.0510006,4845.649902,42582.60547,5.33,4.22,309.794,3.7,14.35
2/1/2024,2053.0,102.8720016,73.81999969,23.12999916,4906.189941,43075.77344,5.33,3.87,311.022,3.9,13.88
2/2/2024,2036.099976,103.7809982,72.27999878,22.70100021,4958.609863,43185.85938,5.33,3.87,311.022,3.9,13.85
2/5/2024,2025.699951,104.3190002,72.77999878,22.33499908,4942.810059,42658.66797,5.33,3.87,311.022,3.9,13.67
2/6/2024,2034.5,104.0680008,73.30999756,22.39299965,4954.22998,43084.67188,5.33,3.87,311.022,3.9,13.06
2/7/2024,2035.199951,103.9169998,73.86000061,22.27799988,4995.060059,44318.22266,5.33,3.87,311.022,3.9,12.83
2/8/2024,2032.199951,104.0370026,76.22000122,22.56500053,4997.910156,45301.56641,5.33,3.87,311.022,3.9,12.79
2/9/2024,2023.300049,103.9929962,76.83999634,22.52799988,5026.609863,47147.19922,5.33,3.87,311.022,3.9,12.93
2/12/2024,2018.199951,104.0469971,76.91999817,22.70899963,5021.839844,49958.22266,5.33,3.87,311.022,3.9,13.93
2/13/2024,1992.900024,104.8499985,77.87000275,22.09600067,4953.169922,49742.44141,5.33,3.87,311.022,3.9,15.85
2/14/2024,1990.300049,104.6119995,76.63999939,22.33099937,5000.620117,51826.69531,5.33,3.87,311.022,3.9,14.38
2/15/2024,2002.099976,104.1999969,78.02999878,22.91200066,5029.72998,51938.55469,5.33,3.87,311.022,3.9,14.01
2/16/2024,2011.5,104.1819992,79.19000244,23.43899918,5005.569824,52160.20313,5.33,3.87,311.022,3.9,14.24
2/20/2024,2027.5,103.9779968,78.18000031,23.1060009,4975.509766,52284.875,5.33,3.87,311.022,3.9,15.42
2/21/2024,2022.300049,103.9120026,77.91000366,22.85099983,4981.799805,51839.17969,5.33,3.87,311.022,3.9,15.34
2/22/2024,2019.699951,103.875,78.61000061,22.76499939,5087.029785,51304.97266,5.33,3.87,311.022,3.9,14.54
2/23/2024,2038.599976,103.8590012,76.48999786,22.96899986,5088.799805,50731.94922,5.33,3.87,311.022,3.9,13.75
2/26/2024,2028.5,103.7509995,77.58000183,22.5170002,5069.529785,54522.40234,5.33,3.87,311.022,3.9,13.74
2/27/2024,2034.0,103.7590027,78.87000275,22.52300072,5078.180176,57085.37109,5.33,3.87,311.022,3.9,13.43
2/28/2024,2033.0,103.9039993,78.54000092,22.40999985,5069.759766,62504.78906,5.33,3.87,311.022,3.9,13.84
2/29/2024,2045.699951,104.0979996,78.26000214,22.66600037,5096.27002,61198.38281,5.33,3.87,311.022,3.9,13.4
3/1/2024,2086.899902,103.7990036,79.97000122,23.14999962,5137.080078,62440.63281,5.33,4.19,312.107,3.9,13.11
3/4/2024,2117.699951,103.7779999,78.73999786,23.77899933,5130.950195,68330.41406,5.33,4.19,312.107,3.9,13.49
3/5/2024,2133.5,103.7529984,78.15000153,23.76300049,5078.649902,63801.19922,5.33,4.19,312.107,3.9,14.46
3/6/2024,2150.300049,103.3209991,79.12999725,24.27199936,5104.759766,66106.80469,5.33,4.19,312.107,3.9,14.5
3/7/2024,2158.0,102.7720032,78.93000031,24.37000084,5157.359863,66925.48438,5.33,4.19,312.107,3.9,14.44
3/8/2024,2178.600098,102.6880035,78.01000214,24.3390007,5123.689941,68300.09375,5.33,4.19,312.107,3.9,14.74
3/11/2024,2182.5,102.8519974,77.93000031,24.51199913,5117.939941,72123.90625,5.33,4.19,312.107,3.9,15.22
3/12/2024,2160.399902,102.9339981,77.55999756,24.19400024,5175.27002,71481.28906,5.33,4.19,312.107,3.9,13.84
3/13/2024,2175.399902,102.7659988,79.72000122,24.95899963,5165.310059,73083.5,5.33,4.19,312.107,3.9,13.75
3/14/2024,2163.0,103.3420029,81.26000214,24.87400055,5150.47998,71396.59375,5.33,4.19,312.107,3.9,14.4
3/15/2024,2157.300049,103.4140015,81.04000092,25.20000076,5117.089844,69403.77344,5.33,4.19,312.107,3.9,14.41
3/18/2024,2160.699951,103.4609985,82.72000122,25.0909996,5149.419922,67548.59375,5.33,4.19,312.107,3.9,14.33
3/19/2024,2156.300049,103.4840012,83.47000122,24.9640007,5178.509766,61912.77344,5.33,4.19,312.107,3.9,13.82
3/20/2024,2157.899902,103.0459976,81.68000031,24.93300056,5224.620117,67913.67188,5.33,4.19,312.107,3.9,13.04
3/21/2024,2182.399902,103.6660004,81.06999969,24.84900093,5241.529785,65491.39063,5.33,4.19,312.107,3.9,12.92
3/22/2024,2158.100098,104.177002,80.62999725,24.69199944,5234.180176,63778.76172,5.33,4.19,312.107,3.9,13.06
3/25/2024,2174.800049,103.9339981,81.94999695,24.74500084,5218.189941,69958.8125,5.33,4.19,312.107,3.9,13.19
3/26/2024,2175.600098,103.9909973,81.62000275,24.4829998,5203.580078,69987.83594,5.33,4.19,312.107,3.9,13.24
3/27/2024,2190.600098,104.064003,81.34999847,24.625,5248.490234,69455.34375,5.33,4.19,312.107,3.9,12.78
3/28/2024,2217.399902,104.2689972,83.16999817,24.79700089,5254.350098,70744.95313,5.33,4.19,312.107,3.9,13.01
4/1/2024,2236.5,104.7639999,83.70999908,24.95400047,5243.77002,69702.14844,5.33,4.33,313.016,3.9,13.65
4/2/2024,2261.0,104.5619965,85.15000153,25.80400085,5205.810059,65446.97266,5.33,4.33,313.016,3.9,14.61
4/3/2024,2294.399902,103.9970016,85.43000031,26.94499969,5211.490234,65980.8125,5.33,4.33,313.016,3.9,14.33
4/4/2024,2288.800049,103.8909988,86.58999634,27.13999939,5147.209961,68508.84375,5.33,4.33,313.016,3.9,16.35
4/5/2024,2325.699951,104.0709991,86.91000366,27.39999962,5204.339844,67837.64063,5.33,4.33,313.016,3.9,16.03
4/8/2024,2331.699951,103.9020004,86.43000031,27.71199989,5202.390137,71631.35938,5.33,4.33,313.016,3.9,15.19
4/9/2024,2343.5,103.9219971,85.23000336,27.89100075,5209.910156,69139.01563,5.33,4.33,313.016,3.9,14.98
4/10/2024,2329.600098,105.0309982,86.20999908,27.96100044,5160.640137,70587.88281,5.33,4.33,313.016,3.9,15.8
4/11/2024,2354.800049,105.064003,85.01999664,28.1760006,5199.060059,70060.60938,5.33,4.33,313.016,3.9,14.91
4/12/2024,2356.199951,105.8320007,85.66000366,28.25499916,5123.410156,67195.86719,5.33,4.33,313.016,3.9,17.31
4/15/2024,2365.800049,105.9980011,85.41000366,28.65099907,5061.819824,63426.21094,5.33,4.33,313.016,3.9,19.23
4/16/2024,2390.800049,106.0650024,85.36000061,28.31800079,5051.410156,63811.86328,5.33,4.33,313.016,3.9,18.4
4/17/2024,2371.699951,105.7639999,82.69000244,28.34600067,5022.209961,61276.69141,5.33,4.33,313.016,3.9,18.21
4/18/2024,2382.300049,105.9820023,82.73000336,28.32900047,5011.120117,63512.75391,5.33,4.33,313.016,3.9,18.0
4/19/2024,2398.399902,105.9840012,83.13999939,28.80800056,4967.22998,63843.57031,5.33,4.33,313.016,3.9,18.71
4/22/2024,2332.199951,105.913002,82.84999847,27.21299934,5010.600098,66837.67969,5.33,4.33,313.016,3.9,16.94
4/23/2024,2327.699951,105.5049973,83.36000061,27.33099937,5070.549805,66407.27344,5.33,4.33,313.016,3.9,15.69
4/24/2024,2324.5,105.6999969,82.80999756,27.3239994,5071.629883,64276.89844,5.33,4.33,313.016,3.9,15.97
4/25/2024,2329.800049,105.4509964,83.56999969,27.34199905,5048.419922,64481.70703,5.33,4.33,313.016,3.9,15.37
4/26/2024,2334.800049,105.8040009,83.84999847,27.24099922,5099.959961,63755.32031,5.33,4.33,313.016,3.9,15.03
4/29/2024,2345.399902,105.447998,82.62999725,27.37299919,5116.169922,63841.12109,5.33,4.33,313.016,3.9,14.67
4/30/2024,2291.399902,106.0999985,81.93000031,26.39100075,5035.689941,60636.85547,5.33,4.33,313.016,3.9,15.65
5/1/2024,2299.899902,105.6279984,79.0,26.48900032,5018.390137,58254.01172,5.33,4.63,313.14,4.0,15.39
5/2/2024,2299.199951,105.1780014,78.94999695,26.58300018,5064.200195,59123.43359,5.33,4.63,313.14,4.0,14.68
5/3/2024,2299.0,104.9179993,78.11000061,26.44499969,5127.790039,62889.83594,5.33,4.63,313.14,4.0,13.49
5/6/2024,2321.600098,104.9189987,78.48000336,27.36899948,5180.740234,63161.94922,5.33,4.63,313.14,4.0,13.49
5/7/2024,2315.199951,105.3000031,78.37999725,27.3029995,5187.700195,62334.81641,5.33,4.63,313.14,4.0,13.23
5/8/2024,2313.600098,105.4260025,78.98999786,27.36100006,5187.669922,61187.94141,5.33,4.63,313.14,4.0,13.0
5/9/2024,2332.100098,105.1039963,79.26000214,28.13199997,5214.080078,63049.96094,5.33,4.63,313.14,4.0,12.69
5/10/2024,2367.300049,105.1750031,78.26000214,28.27499962,5222.680176,60792.77734,5.33,4.63,313.14,4.0,12.55
5/13/2024,2336.100098,105.1029968,79.12000275,28.22100067,5221.419922,62901.44922,5.33,4.63,313.14,4.0,13.6
5/14/2024,2353.399902,104.8919983,78.01999664,28.48500061,5246.680176,61552.78906,5.33,4.63,313.14,4.0,13.42
5/15/2024,2388.699951,104.211998,78.62999725,29.51399994,5308.149902,66267.49219,5.33,4.63,313.14,4.0,12.45
5/16/2024,2380.0,104.3450012,79.23000336,29.66500092,5297.100098,65231.58203,5.33,4.63,313.14,4.0,12.42
5/17/2024,2412.199951,104.3300018,80.05999756,31.04700089,5303.27002,67051.875,5.33,4.63,313.14,4.0,11.99
5/20/2024,2433.899902,104.4599991,79.80000305,32.20500183,5308.129883,71448.19531,5.33,4.63,313.14,4.0,12.15
5/21/2024,2421.699951,104.5559998,79.26000214,31.86800003,5321.410156,70136.53125,5.33,4.63,313.14,4.0,11.86
5/22/2024,2389.199951,104.8359985,77.56999969,31.29500008,5307.009766,69122.33594,5.33,4.63,313.14,4.0,12.29
5/23/2024,2335.0,105.0360031,76.87000275,30.2840004,5267.839844,67929.5625,5.33,4.63,313.14,4.0,12.77
5/24/2024,2332.5,104.6380005,77.72000122,30.32999992,5304.720215,68526.10156,5.33,4.63,313.14,4.0,11.93
5/28/2024,2355.199951,104.5390015,79.83000183,31.97100067,5306.040039,68296.21875,5.33,4.63,313.14,4.0,12.92
5/29/2024,2340.300049,105.0339966,79.23000336,32.20299911,5266.950195,67578.09375,5.33,4.63,313.14,4.0,14.28
5/30/2024,2342.899902,104.6579971,77.91000366,31.38800049,5235.47998,68364.99219,5.33,4.63,313.14,4.0,14.47
5/31/2024,2322.899902,104.6269989,76.98999786,30.29700089,5277.509766,67491.41406,5.33,4.63,313.14,4.0,12.92
6/3/2024,2346.600098,104.0780029,74.22000122,30.64100075,5283.399902,68804.78125,5.33,4.63,313.131,4.1,13.11
6/4/2024,2325.5,104.0510025,73.25,29.48800087,5291.339844,70567.76563,5.33,4.63,313.131,4.1,13.16
6/5/2024,2354.100098,104.2210007,74.06999969,29.94799995,5354.029785,71082.82031,5.33,4.63,313.131,4.1,12.63
6/6/2024,2370.300049,104.0569992,75.55000305,31.24699974,5352.959961,70757.16406,5.33,4.63,313.131,4.1,12.58
6/7/2024,2305.199951,104.8550034,75.52999878,29.33499908,5346.990234,69342.58594,5.33,4.63,313.131,4.1,12.22
6/10/2024,2307.699951,105.1119995,77.73999786,29.7689991,5360.790039,69512.28125,5.33,4.63,313.131,4.1,12.74
6/11/2024,2307.5,105.1989975,77.90000153,29.13299942,5375.319824,67332.03125,5.33,4.63,313.131,4.1,12.85
6/12/2024,2336.0,104.6149979,78.5,30.1760006,5421.029785,68241.1875,5.33,4.63,313.131,4.1,12.04
6/13/2024,2300.199951,105.1869965,78.62000275,28.98999977,5433.740234,66756.39844,5.33,4.63,313.131,4.1,11.94
6/14/2024,2331.399902,105.5449982,78.44999695,29.40200043,5431.600098,66011.09375,5.33,4.63,313.131,4.1,12.66
6/17/2024,2312.399902,105.564003,80.33000183,29.32500076,5473.22998,66490.29688,5.33,4.63,313.131,4.1,12.75
6/18/2024,2330.399902,104.8759995,81.56999969,29.50499916,5487.029785,65140.74609,5.33,4.63,313.131,4.1,12.3
6/20/2024,2353.800049,105.2269974,82.16999817,30.77599907,5473.169922,64828.65625,5.33,4.63,313.131,4.1,13.28
6/21/2024,2316.399902,105.4430008,80.73000336,29.57299995,5464.620117,64096.19922,5.33,4.63,313.131,4.1,13.2
6/24/2024,2330.0,105.1210022,81.62999725,29.48900032,5447.870117,60277.41406,5.33,4.63,313.131,4.1,13.33
6/25/2024,2316.600098,105.2590027,80.83000183,28.83699989,5469.299805,61804.64063,5.33,4.63,313.131,4.1,12.84
6/26/2024,2299.199951,105.7139969,80.90000153,28.9090004,5477.899902,60811.27734,5.33,4.63,313.131,4.1,12.55
6/27/2024,2324.5,105.5709991,81.73999786,28.91799927,5482.870117,61604.80078,5.33,4.63,313.131,4.1,12.24
6/28/2024,2327.699951,105.5449982,81.54000092,29.23699951,5460.47998,60320.13672,5.33,4.63,313.131,4.1,12.44
7/1/2024,2327.600098,105.586998,83.37999725,29.29999924,5475.089844,62851.98047,5.33,4.48,313.566,4.2,12.22
7/2/2024,2323.0,105.4069977,82.80999756,29.35300064,5509.009766,62029.01563,5.33,4.48,313.566,4.2,12.03
7/3/2024,2359.800049,105.0770035,83.87999725,30.54800034,5537.02002,60173.92188,5.33,4.48,313.566,4.2,12.09
7/5/2024,2388.5,104.5479965,83.16000366,31.38800049,5567.189941,56662.375,5.33,4.48,313.566,4.2,12.48
7/8/2024,2355.199951,104.6679993,82.33000183,30.61800003,5572.850098,56705.09766,5.33,4.48,313.566,4.2,12.37
7/9/2024,2360.100098,104.8069992,81.41000366,30.77199936,5576.97998,58009.22656,5.33,4.48,313.566,4.2,12.51
7/10/2024,2372.199951,104.7289963,82.09999847,30.72699928,5633.910156,57742.49609,5.33,4.48,313.566,4.2,12.85
7/11/2024,2415.0,104.1309967,82.62000275,31.3939991,5584.540039,57344.91406,5.33,4.48,313.566,4.2,12.92
7/12/2024,2414.0,103.7829971,82.20999908,30.88599968,5615.350098,57899.46484,5.33,4.48,313.566,4.2,12.46
7/15/2024,2422.899902,103.8820038,81.91000366,30.67200089,5631.220215,64870.15234,5.33,4.48,313.566,4.2,13.12
7/16/2024,2462.399902,103.9589996,80.76000214,31.19499969,5667.200195,65097.14844,5.33,4.48,313.566,4.2,13.19
7/17/2024,2454.800049,103.4430008,82.84999847,30.13699913,5588.27002,64118.79297,5.33,4.48,313.566,4.2,14.48
7/18/2024,2451.800049,103.8850021,82.81999969,29.99500084,5544.589844,63974.06641,5.33,4.48,313.566,4.2,15.93
7/19/2024,2395.5,104.1119995,80.12999725,29.08799934,5505.0,66710.15625,5.33,4.48,313.566,4.2,16.52
7/22/2024,2392.0,104.0370026,79.77999878,29.12400055,5564.410156,67585.25,5.33,4.48,313.566,4.2,14.91
7/23/2024,2404.600098,104.1750031,76.95999908,29.13199997,5555.740234,65927.67188,5.33,4.48,313.566,4.2,14.72
7/24/2024,2413.300049,104.1220016,77.58999634,29.11599922,5427.129883,65372.13281,5.33,4.48,313.566,4.2,18.04
7/25/2024,2351.899902,104.1080017,78.27999878,27.80699921,5399.220215,65777.22656,5.33,4.48,313.566,4.2,18.46
7/26/2024,2380.0,104.0589981,77.16000366,27.86000061,5459.100098,67912.0625,5.33,4.48,313.566,4.2,16.39
7/29/2024,2377.300049,104.314003,75.80999756,27.70299911,5463.540039,66819.91406,5.33,4.48,313.566,4.2,16.6
7/30/2024,2405.0,104.3190002,74.73000336,28.36499977,5436.439941,66201.01563,5.33,4.48,313.566,4.2,17.69
7/31/2024,2426.5,103.8590012,77.91000366,28.77799988,5522.299805,64619.25,5.33,4.48,313.566,4.2,16.36
8/1/2024,2435.0,104.2050018,76.30999756,28.33099937,5446.680176,65357.5,5.33,3.99,314.131,4.2,18.59
8/2/2024,2425.699951,102.987999,73.51999664,28.24600029,5346.560059,61415.06641,5.33,3.99,314.131,4.2,23.39
8/5/2024,2401.699951,102.4830017,72.94000244,27.07600021,5186.330078,53991.45703,5.33,3.99,314.131,4.2,38.57
8/6/2024,2389.100098,102.7580032,73.19999695,27.09600067,5240.029785,56034.31641,5.33,3.99,314.131,4.2,27.71
8/7/2024,2390.5,102.9980011,75.23000336,26.82999992,5199.5,55027.46094,5.33,3.99,314.131,4.2,27.85
8/8/2024,2422.199951,103.0220032,76.19000244,27.5,5319.310059,61710.13672,5.33,3.99,314.131,4.2,23.79
8/9/2024,2432.100098,102.9570007,76.83999634,27.48699951,5344.160156,60880.11328,5.33,3.99,314.131,4.2,20.37
8/12/2024,2462.399902,102.9609985,80.05999756,27.91699982,5344.390137,59354.51563,5.33,3.99,314.131,4.2,20.71
8/13/2024,2466.699951,102.3799973,78.34999847,27.69499969,5434.430176,60609.56641,5.33,3.99,314.131,4.2,18.12
8/14/2024,2439.399902,102.3850021,76.98000336,27.25399971,5455.209961,58737.26953,5.33,3.99,314.131,4.2,16.19
8/15/2024,2453.100098,102.8079987,78.16000366,28.34199905,5543.220215,57560.09766,5.33,3.99,314.131,4.2,15.23
8/16/2024,2498.600098,102.3069992,76.65000153,28.77799988,5554.25,58894.10547,5.33,3.99,314.131,4.2,14.8
8/19/2024,2501.800049,101.7310028,74.37000275,29.23999977,5608.25,59493.45313,5.33,3.99,314.131,4.2,14.65
8/20/2024,2511.300049,101.2990036,74.04000092,29.45499992,5597.120117,59012.79297,5.33,3.99,314.131,4.2,15.88
8/21/2024,2508.399902,100.9100037,71.93000031,29.47599983,5620.850098,61175.19141,5.33,3.99,314.131,4.2,16.27
8/22/2024,2478.899902,101.3990021,73.01000214,29.00600052,5570.640137,60381.91406,5.33,3.99,314.131,4.2,17.55
8/23/2024,2508.399902,100.6060028,74.83000183,29.7859993,5634.609863,64094.35547,5.33,3.99,314.131,4.2,15.86
8/26/2024,2517.699951,100.7409973,77.41999817,29.97699928,5616.839844,62880.66016,5.33,3.99,314.131,4.2,16.15
8/27/2024,2516.0,100.4550018,75.52999878,29.95100021,5625.799805,59504.13281,5.33,3.99,314.131,4.2,15.43
8/28/2024,2501.0,100.9899979,74.51999664,29.1760006,5592.180176,59027.625,5.33,3.99,314.131,4.2,17.11
8/29/2024,2525.699951,101.2699966,75.91000366,29.55699921,5591.959961,59388.17969,5.33,3.99,314.131,4.2,15.65
8/30/2024,2493.800049,101.6240005,73.55000305,28.7310009,5648.399902,59119.47656,5.33,3.99,314.131,4.2,15.0
9/3/2024,2489.899902,101.7659988,70.33999634,27.95100021,5528.930176,57431.02344,5.13,3.99,314.851,4.1,20.72
9/4/2024,2493.399902,101.3010025,69.19999695,28.16699982,5520.069824,57971.53906,5.13,3.99,314.851,4.1,21.32
9/5/2024,2511.399902,101.0739975,69.15000153,28.71999931,5503.410156,56160.48828,5.13,3.99,314.851,4.1,19.9
9/6/2024,2493.5,101.1429977,67.66999817,27.80800056,5408.419922,53948.75391,5.13,3.99,314.851,4.1,22.38
9/9/2024,2501.800049,101.5179977,68.70999908,28.29100037,5471.049805,57019.53516,5.13,3.99,314.851,4.1,19.45
9/10/2024,2512.300049,101.5979996,65.75,28.25699997,5495.52002,57648.71094,5.13,3.99,314.851,4.1,19.08
9/11/2024,2512.100098,101.6579971,67.30999756,28.56299973,5554.129883,57343.17188,5.13,3.99,314.851,4.1,17.69
9/12/2024,2551.199951,101.3509979,68.97000122,29.74300003,5595.759766,58127.01172,5.13,3.99,314.851,4.1,17.07
9/13/2024,2581.300049,101.1200027,68.65000153,30.6989994,5626.02002,60571.30078,5.13,3.99,314.851,4.1,16.56
9/16/2024,2580.399902,100.7109985,70.08999634,30.77099991,5633.089844,58192.50781,5.13,3.99,314.851,4.1,17.14
9/17/2024,2564.300049,100.5670013,71.19000244,30.61899948,5634.580078,60308.53906,5.13,3.99,314.851,4.1,17.61
9/18/2024,2570.699951,100.2819977,70.91000366,30.3409996,5618.259766,61649.67969,5.13,3.99,314.851,4.1,18.23
9/19/2024,2588.0,100.3209991,71.94999695,31.09399986,5713.640137,62940.45703,5.13,3.99,314.851,4.1,16.33
9/20/2024,2619.899902,100.4229965,71.91999817,31.1760006,5702.549805,63192.97656,5.13,3.99,314.851,4.1,16.15
9/23/2024,2626.5,100.5599976,70.37000275,30.7670002,5718.569824,63329.80078,5.13,3.99,314.851,4.1,15.89
9/24/2024,2651.199951,100.1589966,71.55999756,32.11100006,5732.930176,64301.96875,5.13,3.99,314.851,4.1,15.39
9/25/2024,2659.199951,100.6240005,69.69000244,31.69799995,5722.259766,63143.14453,5.13,3.99,314.851,4.1,15.41
9/26/2024,2669.899902,100.2460022,67.66999817,32.02500153,5745.370117,65181.01953,5.13,3.99,314.851,4.1,15.37
9/27/2024,2644.300049,100.1090012,68.18000031,31.5189991,5738.169922,65790.66406,5.13,3.99,314.851,4.1,16.96
9/30/2024,2636.100098,100.5210037,68.16999817,31.16399956,5762.47998,63329.5,5.13,3.99,314.851,4.1,16.73
10/1/2024,2667.300049,100.9309998,69.83000183,31.44499969,5708.75,60837.00781,4.83,3.74,315.564,4.1,19.26
10/2/2024,2647.100098,101.4250031,70.09999847,31.62800026,5709.540039,60632.78516,4.83,3.74,315.564,4.1,18.9
10/3/2024,2657.100098,101.75,73.70999908,32.18899918,5699.939941,60759.40234,4.83,3.74,315.564,4.1,20.49
10/4/2024,2645.800049,102.2750015,74.37999725,32.12799835,5751.069824,62067.47656,4.83,3.74,315.564,4.1,19.21
10/7/2024,2644.800049,102.3010025,77.13999939,31.74500084,5695.939941,62236.66016,4.83,3.74,315.564,4.1,22.64
10/8/2024,2615.0,102.3030014,73.56999969,30.35499954,5751.129883,62131.96875,4.83,3.74,315.564,4.1,21.42
10/9/2024,2606.0,102.6949997,73.23999786,30.42499924,5792.040039,60582.10156,4.83,3.74,315.564,4.1,20.86
10/10/2024,2620.600098,102.7730026,75.84999847,31.00499916,5780.049805,60274.5,4.83,3.74,315.564,4.1,20.93
10/11/2024,2657.600098,102.677002,75.55999756,31.52000046,5815.029785,62445.08984,4.83,3.74,315.564,4.1,20.46
10/14/2024,2647.800049,103.0820007,73.83000183,31.08300018,5859.850098,66046.125,4.83,3.74,315.564,4.1,19.7
10/15/2024,2661.399902,103.0550003,70.58000183,31.52700043,5815.259766,67041.10938,4.83,3.74,315.564,4.1,20.64
10/16/2024,2674.0,103.4000015,70.38999939,31.76000023,5842.470215,67612.71875,4.83,3.74,315.564,4.1,19.58
10/17/2024,2691.0,103.6520004,70.66999817,31.57299995,5841.470215,67399.83594,4.83,3.74,315.564,4.1,19.11
10/18/2024,2713.699951,103.3069992,69.22000122,33.0320015,5864.669922,68418.78906,4.83,3.74,315.564,4.1,18.03
10/21/2024,2723.100098,103.8339996,70.55999756,33.86899948,5853.97998,67367.85156,4.83,3.74,315.564,4.1,18.37
10/22/2024,2744.199951,103.9089966,72.08999634,34.83100128,5851.200195,67361.40625,4.83,3.74,315.564,4.1,18.2
10/23/2024,2714.399902,104.2770004,70.76999664,33.63999939,5797.419922,66432.19531,4.83,3.74,315.564,4.1,19.24
10/24/2024,2734.899902,103.9189987,70.19000244,33.61100006,5809.859863,68161.05469,4.83,3.74,315.564,4.1,19.08
10/25/2024,2740.899902,104.1320038,71.77999878,33.60300064,5808.120117,66642.41406,4.83,3.74,315.564,4.1,20.33
10/28/2024,2742.899902,104.1829987,67.37999725,33.83000183,5823.52002,69907.75781,4.83,3.74,315.564,4.1,19.8
10/29/2024,2768.399902,104.1910019,67.20999908,34.26900101,5832.919922,72720.49219,4.83,3.74,315.564,4.1,19.34
10/30/2024,2788.5,103.8619995,68.61000061,33.91400146,5813.669922,72339.53906,4.83,3.74,315.564,4.1,20.35
10/31/2024,2738.300049,103.8779984,69.26000214,32.65299988,5705.450195,70215.1875,4.83,3.74,315.564,4.1,23.16
11/1/2024,2738.600098,104.2030029,69.48999786,32.54199982,5728.799805,69482.46875,4.64,4.37,316.449,4.2,21.88
11/4/2024,2736.100098,103.7900009,71.47000122,32.47999954,5712.689941,67811.50781,4.64,4.37,316.449,4.2,21.98
11/5/2024,2740.300049,103.3239975,71.98999786,32.65499878,5782.759766,69359.5625,4.64,4.37,316.449,4.2,20.49
11/6/2024,2667.600098,104.9850006,71.69000244,31.22100067,5929.040039,75639.07813,4.64,4.37,316.449,4.2,16.27
11/7/2024,2698.399902,104.3700027,72.36000061,31.76499939,5973.100098,75904.85938,4.64,4.37,316.449,4.2,15.2
11/8/2024,2687.5,104.8899994,70.37999725,31.35899925,5995.540039,76545.47656,4.64,4.37,316.449,4.2,14.94
11/11/2024,2611.199951,105.4570007,68.04000092,30.54000092,6001.350098,88701.48438,4.64,4.37,316.449,4.2,14.97
11/12/2024,2600.0,105.9499969,68.12000275,30.68600082,5983.990234,87955.8125,4.64,4.37,316.449,4.2,14.71
11/13/2024,2580.800049,106.3789978,68.43000031,30.59000015,5985.379883,90584.16406,4.64,4.37,316.449,4.2,14.02
11/14/2024,2568.199951,106.5979996,68.69999695,30.50799942,5949.169922,87250.42969,4.64,4.37,316.449,4.2,14.31
11/15/2024,2565.699951,106.6149979,67.01999664,30.37100029,5870.620117,91066.00781,4.64,4.37,316.449,4.2,16.14
11/18/2024,2610.600098,106.2009964,69.16000366,31.16300011,5893.620117,90542.64063,4.64,4.37,316.449,4.2,15.58
11/19/2024,2627.100098,106.1429977,69.38999939,31.20800018,5916.97998,92343.78906,4.64,4.37,316.449,4.2,16.35
11/20/2024,2648.199951,106.6159973,68.87000275,30.95599937,5917.109863,94339.49219,4.64,4.37,316.449,4.2,17.16
11/21/2024,2672.100098,106.9300003,70.09999847,30.91200066,5948.709961,98504.72656,4.64,4.37,316.449,4.2,16.87
11/22/2024,2709.899902,107.5070038,71.23999786,31.30900002,5969.339844,98997.66406,4.64,4.37,316.449,4.2,15.24
11/25/2024,2616.800049,106.7699966,68.94000244,30.20999908,5987.370117,93102.29688,4.64,4.37,316.449,4.2,14.6
11/26/2024,2620.300049,106.9680023,68.76999664,30.38800049,6021.629883,91985.32031,4.64,4.37,316.449,4.2,14.1
11/27/2024,2639.899902,106.0479965,68.72000122,30.11100006,5998.740234,95962.53125,4.64,4.37,316.449,4.2,14.1
11/29/2024,2657.0,105.8280029,68.0,30.68499947,6032.379883,97461.52344,4.64,4.37,316.449,4.2,13.51
12/2/2024,2634.899902,106.4229965,68.09999847,30.4489994,6047.149902,95865.30469,4.48,4.37,317.603,4.1,13.34
12/3/2024,2644.699951,106.3399963,69.94000244,31.07699966,6049.879883,96002.16406,4.48,4.37,317.603,4.1,13.3
12/4/2024,2653.800049,106.2900009,68.54000092,31.50499916,6086.490234,98768.53125,4.48,4.37,317.603,4.1,13.45
12/5/2024,2626.600098,105.7009964,68.30000305,31.13400078,6075.109863,96593.57031,4.48,4.37,317.603,4.1,13.54
12/6/2024,2638.600098,106.0390015,67.19999695,31.18600082,6090.27002,99920.71094,4.48,4.37,317.603,4.1,12.77
12/9/2024,2664.899902,106.125,68.37000275,32.2159996,6052.850098,97432.71875,4.48,4.37,317.603,4.1,14.19
12/10/2024,2697.600098,106.3820038,68.58999634,32.36299896,6034.910156,96675.42969,4.48,4.37,317.603,4.1,14.18
12/11/2024,2733.800049,106.6949997,70.29000092,32.56200027,6084.189941,101173.0313,4.48,4.37,317.603,4.1,13.58
12/12/2024,2687.5,106.9589996,70.01999664,31.22800064,6051.25,100043.0,4.48,4.37,317.603,4.1,13.92
12/13/2024,2656.0,106.9929962,71.29000092,30.65500069,6051.089844,101459.2578,4.48,4.37,317.603,4.1,13.81
12/16/2024,2651.399902,107.0299988,70.70999908,30.6970005,6074.080078,106029.7188,4.48,4.37,317.603,4.1,14.69
12/17/2024,2644.399902,106.663002,70.08000183,30.57299995,6050.609863,106140.6016,4.48,4.37,317.603,4.1,15.87
12/18/2024,2636.5,107.7490005,70.58000183,30.40999985,5872.160156,100041.5391,4.48,4.37,317.603,4.1,27.62
12/19/2024,2592.199951,108.1520004,69.91000366,29.09399986,5867.080078,97490.95313,4.48,4.37,317.603,4.1,24.09
12/20/2024,2628.699951,107.3509979,69.45999908,29.65999985,5930.850098,97755.92969,4.48,4.37,317.603,4.1,18.36
12/23/2024,2612.300049,107.8069992,69.23999786,29.88800049,5974.069824,94686.24219,4.48,4.37,317.603,4.1,16.78
12/24/2024,2620.0,108.0230026,70.09999847,29.97400093,6040.040039,98676.09375,4.48,4.37,317.603,4.1,14.27
12/26/2024,2638.800049,107.8929977,69.62000275,30.04700089,6037.589844,95795.51563,4.48,4.37,317.603,4.1,14.73
12/27/2024,2617.199951,107.7919998,70.59999847,29.65500069,5970.839844,94164.85938,4.48,4.37,317.603,4.1,15.95
12/30/2024,2606.100098,107.9329987,70.98999786,29.1060009,5906.939941,92643.21094,4.48,4.37,317.603,4.1,17.4
12/31/2024,2629.199951,108.2959976,71.72000122,28.94000053,5881.629883,93429.20313,4.48,4.37,317.603,4.1,17.35
1/2/2025,2658.899902,109.2089996,73.12999725,29.62199974,5868.549805,96886.875,4.33,4.37,319.086,4.0,17.93
1/3/2025,2645.0,108.7979965,73.95999908,29.80599976,5942.470215,98107.42969,4.33,4.37,319.086,4.0,16.13
1/6/2025,2638.399902,108.1009979,73.55999756,30.34199905,5975.379883,102078.0859,4.33,4.37,319.086,4.0,16.04
1/7/2025,2656.699951,108.3779984,74.25,30.4470005,5909.029785,96922.70313,4.33,4.37,319.086,4.0,17.82
1/8/2025,2664.5,108.9260025,73.31999969,30.45199966,5918.25,95043.52344,4.33,4.37,319.086,4.0,17.7
1/9/2025,2683.800049,109.0039978,73.91999817,30.79100037,5918.25,92484.03906,4.33,4.37,319.086,4.0,18.07
1/10/2025,2708.5,109.4869995,76.56999969,31.0909996,5827.040039,94701.45313,4.33,4.37,319.086,4.0,19.54
1/13/2025,2673.5,109.8119965,78.81999969,30.0909996,5836.220215,94516.52344,4.33,4.37,319.086,4.0,19.19
1/14/2025,2677.5,109.1100006,77.5,30.13199997,5842.910156,96534.04688,4.33,4.37,319.086,4.0,18.71
1/15/2025,2712.5,108.9160004,80.04000092,31.31900024,5949.910156,100504.4922,4.33,4.37,319.086,4.0,16.12
1/16/2025,2746.399902,108.8170013,78.68000031,31.52300072,5937.339844,99756.90625,4.33,4.37,319.086,4.0,16.6
1/17/2025,2744.300049,109.2030029,77.87999725,30.95100021,5996.660156,104462.0391,4.33,4.37,319.086,4.0,15.97
1/21/2025,2755.0,107.8610001,75.88999939,31.31100082,6049.240234,106146.2656,4.33,4.37,319.086,4.0,15.06
1/22/2025,2767.600098,107.961998,75.44000244,31.23900032,6086.370117,103653.0703,4.33,4.37,319.086,4.0,15.1
1/23/2025,2763.100098,107.862999,74.62000275,30.67300034,6118.709961,103960.1719,4.33,4.37,319.086,4.0,15.02
1/24/2025,2777.300049,107.2450027,74.66000366,31.02300072,6101.240234,104819.4844,4.33,4.37,319.086,4.0,14.85
1/27/2025,2737.5,107.1600037,73.16999817,30.25399971,6012.279785,102087.6875,4.33,4.37,319.086,4.0,17.9
1/28/2025,2766.800049,107.6829987,73.76999664,30.72699928,6067.700195,101332.4766,4.33,4.37,319.086,4.0,16.41
1/29/2025,2769.100098,107.8089981,72.62000275,31.23800087,6039.310059,103703.2109,4.33,4.37,319.086,4.0,16.56
1/30/2025,2823.0,107.6309967,72.73000336,32.36399841,6071.169922,104735.3047,4.33,4.37,319.086,4.0,15.84
1/31/2025,2812.5,108.2170029,72.52999878,32.12799835,6040.529785,102405.0234,4.33,4.37,319.086,4.0,16.43
2/3/2025,2833.899902,108.8769989,73.16000366,32.39199829,5994.569824,101405.4219,4.33,4.37,319.775,4.1,18.62
2/4/2025,2853.300049,107.822998,72.69999695,32.88800049,6037.879883,97871.82031,4.33,4.37,319.775,4.1,17.21
2/5/2025,2871.600098,107.4420013,71.02999878,32.85699844,6061.47998,96615.44531,4.33,4.37,319.775,4.1,15.77
2/6/2025,2856.0,107.5469971,70.61000061,32.51800156,6083.569824,96593.29688,4.33,4.37,319.775,4.1,15.5
2/7/2025,2867.300049,107.9280014,71.0,32.33499908,6025.990234,96529.08594,4.33,4.37,319.775,4.1,16.54
2/10/2025,2914.300049,108.1930008,72.31999969,32.39199829,6066.439941,97437.55469,4.33,4.37,319.775,4.1,15.81
2/11/2025,2912.5,107.8330002,73.31999969,32.23099899,6068.5,95747.42969,4.33,4.37,319.775,4.1,16.02
2/12/2025,2909.0,107.822998,71.37000275,32.69499969,6051.970215,97885.85938,4.33,4.37,319.775,4.1,15.89
2/13/2025,2925.899902,107.2160034,71.29000092,32.65000153,6115.069824,96623.86719,4.33,4.37,319.775,4.1,15.1
2/14/2025,2883.600098,106.5749969,70.73999786,32.80099869,6114.629883,97508.96875,4.33,4.37,319.775,4.1,14.77
2/18/2025,2931.600098,106.9550018,71.84999847,33.31700134,6129.580078,95539.54688,4.33,4.37,319.775,4.1,15.35
2/19/2025,2919.399902,107.0630035,72.25,32.99300003,6144.149902,96635.60938,4.33,4.37,319.775,4.1,15.27
2/20/2025,2940.0,106.2689972,72.56999969,33.44400024,6117.52002,98333.9375,4.33,4.37,319.775,4.1,15.66
2/21/2025,2937.600098,106.5189972,70.40000153,32.97600174,6013.129883,96125.54688,4.33,4.37,319.775,4.1,18.21
2/24/2025,2947.899902,106.5090027,70.69999695,32.57500076,5983.25,91418.17188,4.33,4.37,319.775,4.1,18.98
2/25/2025,2904.5,106.2279968,68.93000031,31.8010006,5955.25,88736.17188,4.33,4.37,319.775,4.1,19.43
2/26/2025,2916.800049,106.3290024,68.62000275,32.25299835,5956.060059,84347.02344,4.33,4.37,319.775,4.1,19.1
2/27/2025,2883.199951,107.1760025,70.34999847,31.8010006,5861.569824,84704.22656,4.33,4.37,319.775,4.1,21.13
2/28/2025,2836.800049,107.5579987,69.76000214,31.21899986,5954.5,84373.00781,4.33,4.37,319.775,4.1,19.63
3/3/2025,2890.199951,106.6689987,68.37000275,32.0320015,5849.720215,86065.67188,4.33,4.37,319.615,4.2,22.78
3/4/2025,2909.600098,105.6869965,68.26000214,32.10800171,5778.149902,87222.19531,4.33,4.37,319.615,4.2,23.51
3/5/2025,2915.300049,104.2519989,66.30999756,32.85800171,5842.629883,90623.5625,4.33,4.37,319.615,4.2,21.93
3/6/2025,2916.600098,104.0279999,66.36000061,33.06299973,5738.52002,89961.72656,4.33,4.37,319.615,4.2,24.87
3/7/2025,2904.699951,103.8119965,67.04000092,32.54800034,5770.200195,86742.67188,4.33,4.37,319.615,4.2,23.37
3/10/2025,2891.0,103.9530029,66.02999878,32.27500153,5614.560059,78532.0,4.33,4.37,319.615,4.2,27.86
3/11/2025,2912.899902,103.2730026,66.25,32.88800049,5572.069824,82862.21094,4.33,4.37,319.615,4.2,26.92
3/12/2025,2939.100098,103.586998,67.68000031,33.48400116,5599.299805,83722.35938,4.33,4.37,319.615,4.2,24.23
3/13/2025,2984.300049,103.8300018,66.55000305,34.05099869,5521.52002,81066.70313,4.33,4.37,319.615,4.2,24.66
3/14/2025,2994.5,103.7050018,67.18000031,34.18700027,5638.939941,83969.10156,4.33,4.37,319.615,4.2,21.77
3/17/2025,3000.0,103.4700012,67.58000183,34.07400131,5675.120117,84075.6875,4.33,4.37,319.615,4.2,20.51
3/18/2025,3035.100098,102.8919983,66.90000153,34.57899857,5614.660156,82718.5,4.33,4.37,319.615,4.2,21.7
3/19/2025,3035.899902,103.0930023,67.16000366,33.97499847,5675.290039,86854.22656,4.33,4.37,319.615,4.2,19.9
3/20/2025,3040.0,103.4970016,68.26000214,33.7859993,5662.890137,84167.19531,4.33,4.37,319.615,4.2,19.8
3/21/2025,3018.199951,103.7440033,68.27999878,33.29000092,5667.560059,84043.24219,4.33,4.37,319.615,4.2,19.28
3/24/2025,3013.100098,103.935997,69.11000061,33.26499939,5767.569824,87498.91406,4.33,4.37,319.615,4.2,17.48
3/25/2025,3023.699951,103.8310013,69.0,34.0019989,5776.649902,87471.70313,4.33,4.37,319.615,4.2,17.15
3/26/2025,3020.899902,104.2070007,69.65000153,34.03300095,5712.200195,86900.88281,4.33,4.37,319.615,4.2,18.33
3/27/2025,3060.199951,103.9919968,69.91999817,34.89699936,5693.310059,87177.10156,4.33,4.37,319.615,4.2,18.69
3/28/2025,3086.5,103.7089996,69.36000061,34.64400101,5580.939941,84353.14844,4.33,4.37,319.615,4.2,21.65
3/31/2025,3122.800049,103.8830032,71.48000336,34.45700073,5611.850098,82548.91406,4.33,4.37,319.615,4.2,22.28
4/1/2025,3118.899902,103.9489975,71.19999695,34.15800095,5633.069824,85169.17188,4.33,4.17,320.321,4.2,21.77
4/2/2025,3139.899902,103.4909973,71.70999908,34.49900055,5670.970215,82485.71094,4.33,4.17,320.321,4.2,21.51
4/3/2025,3097.0,101.7949982,66.94999695,31.84399986,5396.52002,83102.82813,4.33,4.17,320.321,4.2,30.02
4/4/2025,3012.0,102.7679977,61.99000168,29.11599922,5074.080078,83843.80469,4.33,4.17,320.321,4.2,45.31
4/7/2025,2951.300049,102.9720001,60.70000076,29.51000023,5062.25,79235.33594,4.33,4.17,320.321,4.2,46.98
4/8/2025,2968.399902,102.7009964,59.58000183,29.59199905,4982.77002,76271.95313,4.33,4.17,320.321,4.2,52.33
4/9/2025,3056.5,102.6230011,62.34999847,30.32299995,5456.899902,82573.95313,4.33,4.17,320.321,4.2,33.62
4/10/2025,3155.199951,100.6100006,60.06999969,30.67099953,5268.049805,79626.14063,4.33,4.17,320.321,4.2,40.72
4/11/2025,3222.199951,99.89199829,61.5,31.8239994,5363.359863,83404.83594,4.33,4.17,320.321,4.2,37.56
4/14/2025,3204.800049,99.39700317,61.52999878,32.09199905,5405.970215,84542.39063,4.33,4.17,320.321,4.2,30.89
4/15/2025,3218.699951,99.96199799,61.33000183,32.22700119,5396.629883,83668.99219,4.33,4.17,320.321,4.2,30.12
4/16/2025,3326.600098,99.14299774,62.47000122,32.92599869,5275.700195,84033.86719,4.33,4.17,320.321,4.2,32.64
4/17/2025,3308.699951,99.1289978,64.68000031,32.41999817,5282.700195,84895.75,4.33,4.17,320.321,4.2,29.65
4/21/2025,3406.199951,98.04399872,63.08000183,32.49599838,5158.200195,87518.90625,4.33,4.17,320.321,4.2,33.82
4/22/2025,3400.800049,98.69000244,64.30999756,32.88000107,5287.759766,93441.89063,4.33,4.17,320.321,4.2,30.57
4/23/2025,3276.300049,99.63600159,62.27000046,33.51800156,5375.859863,93699.10938,4.33,4.17,320.321,4.2,28.45
4/24/2025,3332.0,99.16799927,62.79000092,33.48199844,5484.77002,93943.79688,4.33,4.17,320.321,4.2,26.47
4/25/2025,3282.399902,99.2539978,63.02000046,32.98899841,5525.209961,94720.5,4.33,4.17,320.321,4.2,24.84
4/28/2025,3332.5,98.78900146,62.04999924,32.99000168,5528.75,94978.75,4.33,4.17,320.321,4.2,25.15
4/29/2025,3318.800049,99.01799774,60.41999817,33.27500153,5560.830078,94284.78906,4.33,4.17,320.321,4.2,24.17
4/30/2025,3305.0,99.26999664,58.20999908,32.53099823,5569.060059,94207.3125,4.33,4.17,320.321,4.2,24.7
5/1/2025,3210.0,100.0540009,59.24000168,32.18899918,5604.140137,96492.33594,4.33,4.25,320.58,4.2,24.6
5/2/2025,3231.899902,99.83999634,58.29000092,31.98900032,5686.669922,96910.07031,4.33,4.25,320.58,4.2,22.68
5/5/2025,3311.300049,99.63999939,57.13000107,32.20500183,5650.379883,94748.05469,4.33,4.25,320.58,4.2,23.64
5/6/2025,3411.399902,99.04699707,59.09000015,33.11299896,5606.910156,96802.47656,4.33,4.25,320.58,4.2,24.76
5/7/2025,3381.399902,99.43499756,58.06999969,32.53099823,5631.279785,97032.32031,4.33,4.25,320.58,4.2,23.55
5/8/2025,3296.600098,100.4899979,59.90999985,32.37799835,5663.939941,103241.4609,4.33,4.25,320.58,4.2,22.48
5/9/2025,3335.399902,100.1679993,61.02000046,32.67599869,5659.910156,102970.8516,4.33,4.25,320.58,4.2,21.9
5/12/2025,3220.0,101.598999,61.95000076,32.38800049,5844.189941,102812.9531,4.33,4.25,320.58,4.2,18.39
5/13/2025,3240.300049,100.8259964,63.66999817,32.86800003,5886.549805,104169.8125,4.33,4.25,320.58,4.2,18.22
5/14/2025,3181.399902,100.8730011,63.15000153,32.22600174,5892.580078,103539.4141,4.33,4.25,320.58,4.2,18.62
5/15/2025,3220.699951,100.7289963,61.61999893,32.48099899,5916.930176,103744.6406,4.33,4.25,320.58,4.2,17.83
5/16/2025,3182.0,100.9459991,62.49000168,32.15800095,5958.379883,103489.2891,4.33,4.25,320.58,4.2,17.24
5/19/2025,3228.899902,100.288002,62.68999863,32.31299973,5963.600098,105606.1797,4.33,4.25,320.58,4.2,18.14
5/20/2025,3280.300049,99.97699738,62.56000137,32.97999954,5940.459961,106791.0859,4.33,4.25,320.58,4.2,18.09
5/21/2025,3309.300049,99.43499756,61.56999969,33.46300125,5844.609863,109678.0781,4.33,4.25,320.58,4.2,20.87
5/22/2025,3292.300049,99.84899902,61.20000076,33.04700089,5842.009766,111673.2813,4.33,4.25,320.58,4.2,20.28
5/23/2025,3363.600098,99.01000214,61.52999878,33.44200134,5802.819824,107287.7969,4.33,4.25,320.58,4.2,22.29
5/27/2025,3299.100098,99.42500305,60.88999939,33.14599991,5921.540039,108994.6406,4.33,4.25,320.58,4.2,18.96
5/28/2025,3293.600098,99.78500366,61.84000015,33.0,5888.549805,107802.3281,4.33,4.25,320.58,4.2,19.31
5/29/2025,3317.100098,99.20899963,60.93999863,33.28300095,5912.169922,105641.7578,4.33,4.25,320.58,4.2,19.18
5/30/2025,3288.899902,99.25900269,60.79000092,32.89199829,5911.689941,103998.5703,4.33,4.25,320.58,4.2,18.57
6/2/2025,3370.600098,98.63500214,62.52000046,34.56299973,5935.939941,105881.5313,4.33,4.25,321.5,4.1,18.36
6/3/2025,3350.199951,99.15899658,63.40999985,34.50299835,5970.370117,105432.4688,4.33,4.25,321.5,4.1,17.69
6/4/2025,3373.5,98.73000336,62.84999847,34.51900101,5970.810059,104731.9844,4.33,4.25,321.5,4.1,17.61
6/5/2025,3350.699951,98.70400238,63.36999893,35.68899918,5939.299805,101575.9531,4.33,4.25,321.5,4.1,18.48
6/6/2025,3322.699951,99.14199829,64.58000183,36.02500153,6000.359863,104390.3438,4.33,4.25,321.5,4.1,16.77
6/9/2025,3332.100098,98.90599823,65.29000092,36.68799973,6005.879883,110294.1016,4.33,4.25,321.5,4.1,17.16
6/10/2025,3320.899902,99.06999969,64.98000336,36.54199982,6038.810059,110257.2344,4.33,4.25,321.5,4.1,16.95
6/11/2025,3321.300049,98.60399628,68.15000153,36.16600037,6022.240234,108686.625,4.33,4.25,321.5,4.1,17.26
6/12/2025,3380.899902,97.90100098,68.04000092,36.21300125,6045.259766,105929.0547,4.33,4.25,321.5,4.1,18.02
6/13/2025,3431.199951,98.1760025,72.98000336,36.28099823,5976.970215,106090.9688,4.33,4.25,321.5,4.1,20.82
6/16/2025,3396.399902,97.70200348,71.76999664,36.37900162,6033.109863,106796.7578,4.33,4.25,321.5,4.1,19.11
6/17/2025,3386.600098,98.39399719,74.83999634,37.09000015,5982.720215,104601.1172,4.33,4.25,321.5,4.1,21.6
6/18/2025,3389.800049,98.46800232,75.13999939,36.86600113,5980.870117,104883.3281,4.33,4.25,321.5,4.1,20.14
6/20/2025,3368.100098,98.28199768,74.93000031,35.97600174,5967.839844,103309.6016,4.33,4.25,321.5,4.1,20.62
6/23/2025,3377.699951,98.01000214,68.51000214,36.15299988,6025.169922,105577.7734,4.33,4.25,321.5,4.1,19.83
6/24/2025,3317.399902,97.44999695,64.37000275,35.70100021,6092.180176,106045.6328,4.33,4.25,321.5,4.1,17.48
6/25/2025,3327.100098,97.27300262,64.91999817,36.08499908,6092.160156,107361.2578,4.33,4.25,321.5,4.1,16.76
6/26/2025,3333.5,96.76200104,65.23999786,36.58599854,6141.02002,106960.0,4.33,4.25,321.5,4.1,16.59
6/27/2025,3273.699951,97.03099823,65.51999664,36.03699875,6173.069824,107088.4297,4.33,4.25,321.5,4.1,16.32
6/30/2025,3294.399902,96.49299622,65.11000061,35.85200119,6204.950195,107135.3359,4.33,4.25,321.5,4.1,16.73
7/1/2025,3336.699951,96.46700287,65.44999695,36.08200073,6198.009766,105698.2813,4.33,4.26,322.132,4.2,16.83
7/2/2025,3348.0,96.42900085,67.44999695,36.42599869,6227.419922,108859.3203,4.33,4.26,322.132,4.2,16.64
7/3/2025,3331.600098,96.8219986,67.0,36.7840004,6279.350098,109647.9766,4.33,4.26,322.132,4.2,16.38
7/4/2025,3332.5,96.8219986,66.5,36.77500153,6279.350098,108034.3359,4.33,4.26,322.132,4.2,17.48
7/7/2025,3332.199951,97.14099884,67.93000031,36.61500168,6229.97998,108299.8516,4.33,4.26,322.132,4.2,17.79
7/8/2025,3307.0,97.17199707,68.33000183,36.47200012,6225.52002,108950.2734,4.33,4.26,322.132,4.2,16.81
7/9/2025,3311.600098,97.1989975,68.37999725,36.35100174,6263.259766,111326.5547,4.33,4.26,322.132,4.2,15.94
7/10/2025,3317.399902,97.3219986,66.56999969,37.0379982,6280.459961,115987.2031,4.33,4.26,322.132,4.2,15.78
7/11/2025,3356.0,97.52899933,68.44999695,38.67599869,6259.75,117516.9922,4.33,4.26,322.132,4.2,16.4
7/14/2025,3351.5,97.76300049,66.98000336,38.4620018,6268.560059,119849.7031,4.33,4.26,322.132,4.2,17.2
7/15/2025,3329.800049,98.30999756,66.51999664,37.83399963,6243.759766,117777.1875,4.33,4.26,322.132,4.2,17.38
7/16/2025,3352.5,98.07499695,66.37999725,37.85300064,6263.700195,118738.5078,4.33,4.26,322.132,4.2,17.16
7/17/2025,3340.100098,98.44599915,67.54000092,38.05599976,6297.359863,119289.8438,4.33,4.26,322.132,4.2,16.52
7/18/2025,3353.0,98.19799805,67.33999634,38.22299957,6296.790039,118003.2266,4.33,4.26,322.132,4.2,16.41
7/21/2025,3401.899902,97.56999969,67.19999695,39.10100174,6305.600098,117439.5391,4.33,4.26,322.132,4.2,16.65
7/22/2025,3439.199951,97.11699677,66.20999908,39.31999969,6309.620117,119995.4141,4.33,4.26,322.132,4.2,16.5
7/23/2025,3394.100098,96.94300079,65.25,39.27799988,6358.910156,118754.9609,4.33,4.26,322.132,4.2,15.37
7/24/2025,3371.0,97.12400055,66.02999878,39.02099991,6363.350098,118368.0,4.33,4.26,322.132,4.2,15.39
7/25/2025,3334.0,97.39900208,65.16000366,38.16699982,6388.640137,117635.8828,4.33,4.26,322.132,4.2,14.93
7/28/2025,3309.100098,98.39499664,66.70999908,38.02600098,6389.77002,117924.4766,4.33,4.26,322.132,4.2,15.03
7/29/2025,3323.399902,98.64700317,69.20999908,38.08399963,6370.859863,117922.1484,4.33,4.26,322.132,4.2,15.98
7/30/2025,3295.800049,99.58599854,70.0,37.56600189,6362.899902,117831.1875,4.33,4.26,322.132,4.2,15.48
7/31/2025,3293.199951,99.74299622,69.26000214,36.55199814,6339.390137,115758.2031,4.33,4.26,322.132,4.2,16.72
8/1/2025,3347.699951,98.93000031,67.33000183,36.78699875,6238.009766,113320.0859,4.33,4.23,322.132,4.3,20.38
8/4/2025,3374.399902,98.58599854,66.29000092,37.19200134,6329.939941,115071.8828,4.33,4.23,322.132,4.3,17.52
8/5/2025,3381.899902,98.58100128,65.16000366,37.68700027,6299.189941,114141.4453,4.33,4.23,322.132,4.3,17.85
8/6/2025,3380.0,97.98300171,64.34999847,37.76599884,6345.060059,115028.0,4.33,4.23,322.132,4.3,16.77
8/7/2025,3400.300049,98.22899628,63.88000107,38.15800095,6340.0,117496.8984,4.33,4.23,322.132,4.3,16.57
8/8/2025,3439.100098,98.00900269,63.88000107,38.41699982,6389.450195,116688.7266,4.33,4.23,322.132,4.3,15.15
8/11/2025,3353.100098,98.36100006,63.95999908,37.66199875,6373.450195,118731.4453,4.33,4.23,322.132,4.3,16.25
8/12/2025,3348.899902,97.92700195,63.16999817,37.89899826,6445.759766,120172.9063,4.33,4.23,322.132,4.3,14.73
8/13/2025,3358.699951,97.66200256,62.65000153,38.49900055,6466.580078,123344.0625,4.33,4.23,322.132,4.3,14.49
8/14/2025,3335.199951,98.10299683,63.95999908,37.98199844,6468.540039,118359.5781,4.33,4.23,322.132,4.3,14.83
8/15/2025,3336.0,97.71199799,62.79999924,37.89400101,6449.799805,117398.3516,4.33,4.23,322.132,4.3,15.09
8/18/2025,3331.699951,98.01699829,63.41999817,37.95100021,6449.149902,116252.3125,4.33,4.23,322.132,4.3,14.99
8/19/2025,3313.399902,98.1190033,62.34999847,37.26100159,6411.370117,112831.1797,4.33,4.23,322.132,4.3,15.57
8/20/2025,3343.399902,98.08000183,63.20999908,37.70500183,6395.779785,114274.7422,4.33,4.23,322.132,4.3,15.69
8/21/2025,3336.899902,98.51100159,63.52000046,38.02700043,6370.169922,112419.0313,4.33,4.23,322.132,4.3,16.6
8/22/2025,3374.399902,97.59899902,63.65999985,39.00299835,6466.910156,116874.0859,4.33,4.23,322.132,4.3,14.22
8/25/2025,3373.800049,98.31800079,64.80000305,38.67699814,6439.319824,110124.3516,4.33,4.23,322.132,4.3,14.79
8/26/2025,3388.600098,98.12200165,63.25,38.58200073,6465.939941,111802.6563,4.33,4.23,322.132,4.3,14.62
8/27/2025,3404.600098,98.1269989,64.15000153,38.68899918,6481.399902,111222.0625,4.33,4.23,322.132,4.3,14.85
8/28/2025,3431.800049,97.73799896,64.59999847,39.18999863,6501.859863,112544.8047,4.33,4.23,322.132,4.3,14.43
8/29/2025,3473.699951,97.69000244,64.01000214,40.20000076,6460.259766,108410.8359,4.33,4.23,322.132,4.3,15.36
